handle,fieldType,name,visible,plainDescription,categorySlugs,primaryCategorySlug,media,mediaAltText,ribbon,brand,price,strikethroughPrice,baseUnit,baseUnitMeasurement,totalUnits,totalUnitsMeasurement,cost,inventory,preOrderEnabled,preOrderMessage,preOrderLimit,sku,barcode,weight,packageLength,packageWidth,packageHeight,packageUnit,productOptionName1,productOptionType1,productOptionChoices1,productOptionName2,productOptionType2,productOptionChoices2,productOptionName3,productOptionType3,productOptionChoices3,productOptionName4,productOptionType4,productOptionChoices4,productOptionName5,productOptionType5,productOptionChoices5,productOptionName6,productOptionType6,productOptionChoices6,modifierName1,modifierType1,modifierCharLimit1,modifierMandatory1,modifierDescription1,modifierName2,modifierType2,modifierCharLimit2,modifierMandatory2,modifierDescription2,modifierName3,modifierType3,modifierCharLimit3,modifierMandatory3,modifierDescription3,modifierName4,modifierType4,modifierCharLimit4,modifierMandatory4,modifierDescription4,modifierName5,modifierType5,modifierCharLimit5,modifierMandatory5,modifierDescription5,modifierName6,modifierType6,modifierCharLimit6,modifierMandatory6,modifierDescription6,modifierName7,modifierType7,modifierCharLimit7,modifierMandatory7,modifierDescription7,modifierName8,modifierType8,modifierCharLimit8,modifierMandatory8,modifierDescription8,modifierName9,modifierType9,modifierCharLimit9,modifierMandatory9,modifierDescription9,modifierName10,modifierType10,modifierCharLimit10,modifierMandatory10,modifierDescription10
Product_a62c45ce-f101-4f9a-9190-e846410d9781,PRODUCT,AIB - Milky Nude,true,"<p><span style=""font-weight: 700; color: rgba(74, 74, 74, 0.75)"">Contenance disponible :</span><span style=""color: rgba(74, 74, 74, 0.75)"">&nbsp;15 ml.</span></p><p><span style=""background-color: rgb(255, 255, 255); color: rgba(74, 74, 74, 0.75)"">Cet acrygel hybride en flacon allie la flexibilité d'un gel à la résistance de l'acrylique, dans un flacon pratique avec pinceau intégré. La teinte «&nbsp;Milky Nude&nbsp;» offre un fini nude doux, idéal pour les recouvrements d'ongles naturels, le renforcement ou la création d'extensions subtiles. Sa formule à viscosité moyenne et auto-nivelante reste en place jusqu'à la mise en forme.</span></p>",aib;purple,aib,,,,,15.95,,,,,,10.57,3,false,,,,5600920741561,,,,,,,,,,,,,,,,,,,,,,,,,,,,,,,,,,,,,,,,,,,,,,,,,,,,,,,,,,,,,,,,,,,,,,,,,
Product_a62c45ce-f101-4f9a-9190-e846410d9781,MEDIA,,,,,,5bdc9f_ec4a911a56024d67afb9d90e58cc1de6~mv2.jpg,,,,,,,,,,,,,,,,,,,,,,,,,,,,,,,,,,,,,,,,,,,,,,,,,,,,,,,,,,,,,,,,,,,,,,,,,,,,,,,,,,,,,,,,,
Product_a62c45ce-f101-4f9a-9190-e846410d9781,MEDIA,,,,,,5bdc9f_d480a57e1c1049d7ad001747cf2c775c~mv2.jpg,,,,,,,,,,,,,,,,,,,,,,,,,,,,,,,,,,,,,,,,,,,,,,,,,,,,,,,,,,,,,,,,,,,,,,,,,,,,,,,,,,,,,,,,,
Product_19774834-68f4-492a-a563-17eef709ca36,PRODUCT,AIB - Beige,true,"<p><span style=""font-weight: 700; color: rgba(74, 74, 74, 0.75)"">Contenance disponible :</span><span style=""color: rgba(74, 74, 74, 0.75)"">&nbsp;15 ml.</span></p><p><span style=""background-color: rgb(255, 255, 255); color: rgba(74, 74, 74, 0.75)"">Ce gel acrylique hybride «&nbsp;Beige&nbsp;» est présenté dans un flacon pratique avec applicateur pinceau. Sa teinte beige neutre et douce se fond harmonieusement avec de nombreuses carnations, tout en assurant résistance et un fini professionnel. Sa texture thixotrope et auto-nivelante le rend facile à utiliser et performant, idéal pour les recouvrements, le renforcement des ongles naturels et les extensions sculptées.</span></p>",purple;aib,aib,,,,,15.95,,,,,,10.57,3,false,,,,5600920741417,,,,,,,,,,,,,,,,,,,,,,,,,,,,,,,,,,,,,,,,,,,,,,,,,,,,,,,,,,,,,,,,,,,,,,,,,
Product_19774834-68f4-492a-a563-17eef709ca36,MEDIA,,,,,,5bdc9f_ebbcb82288b442d1bfb6adcc981edf1b~mv2.jpg,,,,,,,,,,,,,,,,,,,,,,,,,,,,,,,,,,,,,,,,,,,,,,,,,,,,,,,,,,,,,,,,,,,,,,,,,,,,,,,,,,,,,,,,,
Product_19774834-68f4-492a-a563-17eef709ca36,MEDIA,,,,,,5bdc9f_b228e691cd694028ae02465b9dc49191~mv2.jpg,,,,,,,,,,,,,,,,,,,,,,,,,,,,,,,,,,,,,,,,,,,,,,,,,,,,,,,,,,,,,,,,,,,,,,,,,,,,,,,,,,,,,,,,,
Product_bf1c3808-a9b0-46dd-858d-b48331d9cf29,PRODUCT,AIB - Milky Pink,true,"<p><span style=""font-weight: 700; color: rgba(74, 74, 74, 0.75)"">Contenance disponible :</span><span style=""color: rgba(74, 74, 74, 0.75)"">&nbsp;15 ml.</span></p><p><span style=""background-color: rgb(255, 255, 255); color: rgba(74, 74, 74, 0.75)"">Cet acrygel hybride en flacon présente une douce teinte rose laiteux. Il allie la résistance de l'acrylique à la flexibilité du gel, offrant une solution performante et maîtrisée grâce à son flacon applicateur pinceau intégré. Idéal pour les recouvrements, le renforcement des ongles naturels, les extensions et une finition élégante. Sa formule thixotrope lui confère une texture lisse et une application homogène (il reste en place jusqu'à ce qu'on le retravaille avec le pinceau).</span></p>",purple;aib,aib,,,,,15.95,,,,,,10.4,0,false,,,,,,,,,,,,,,,,,,,,,,,,,,,,,,,,,,,,,,,,,,,,,,,,,,,,,,,,,,,,,,,,,,,,,,,,,,,,,
Product_bf1c3808-a9b0-46dd-858d-b48331d9cf29,MEDIA,,,,,,5bdc9f_91ad81826412424b9ece8a38870e5538~mv2.jpg,,,,,,,,,,,,,,,,,,,,,,,,,,,,,,,,,,,,,,,,,,,,,,,,,,,,,,,,,,,,,,,,,,,,,,,,,,,,,,,,,,,,,,,,,
Product_bf1c3808-a9b0-46dd-858d-b48331d9cf29,MEDIA,,,,,,5bdc9f_08b1d059486f4ed385b9c97452e6f7a6~mv2.jpg,,,,,,,,,,,,,,,,,,,,,,,,,,,,,,,,,,,,,,,,,,,,,,,,,,,,,,,,,,,,,,,,,,,,,,,,,,,,,,,,,,,,,,,,,
Product_c6be7d4a-3ef9-4814-ae3b-2b8ed6f5a36c,PRODUCT,AIB - Milky White,true,"<p><span style=""font-weight: 700; color: rgba(74, 74, 74, 0.75)"">Contenance disponible :</span><span style=""color: rgba(74, 74, 74, 0.75)"">&nbsp;15 ml.</span></p><p><span style=""background-color: rgb(255, 255, 255); color: rgba(74, 74, 74, 0.75)"">Acrygel In Bottle Milky White est un acrygel hybride haute performance (gel + acrylique) présenté dans un flacon applicateur pinceau. Sa teinte «&nbsp;Blanc Lait&nbsp;» offre un fini blanc doux semi-opaque, idéal pour les ongles nécessitant un renforcement, une restauration ou des extensions sculptées, pour un résultat blanc net et élégant. Sa formule thixotrope et auto-nivelante permet une application précise et des résultats professionnels.</span></p>",purple;aib,aib,,,,,15.95,,,,,,10.57,3,false,,,,5600920741370,,,,,,,,,,,,,,,,,,,,,,,,,,,,,,,,,,,,,,,,,,,,,,,,,,,,,,,,,,,,,,,,,,,,,,,,,
Product_c6be7d4a-3ef9-4814-ae3b-2b8ed6f5a36c,MEDIA,,,,,,5bdc9f_182961add2494134a943ed8eb5b42d66~mv2.jpg,,,,,,,,,,,,,,,,,,,,,,,,,,,,,,,,,,,,,,,,,,,,,,,,,,,,,,,,,,,,,,,,,,,,,,,,,,,,,,,,,,,,,,,,,
Product_c6be7d4a-3ef9-4814-ae3b-2b8ed6f5a36c,MEDIA,,,,,,5bdc9f_2cb2e1c57dff4aef93f24297918e4526~mv2.jpg,,,,,,,,,,,,,,,,,,,,,,,,,,,,,,,,,,,,,,,,,,,,,,,,,,,,,,,,,,,,,,,,,,,,,,,,,,,,,,,,,,,,,,,,,
Product_79502ed9-c989-40f2-9ad4-5829a576c26b,PRODUCT,BIB - Pink Bubble,true,"<p><span style=""font-weight: 700; color: rgba(74, 74, 74, 0.75)"">Contenance disponible :</span><span style=""color: rgba(74, 74, 74, 0.75)"">&nbsp;15 ml.</span></p><p><span style=""color: rgba(74, 74, 74, 0.75)"">Le gel de construction </span><span style=""font-weight: 700; color: rgba(74, 74, 74, 0.75)"">professionnel Purple Professional Builder in Bottle (BIB) Pink Bubble</span><span style=""color: rgba(74, 74, 74, 0.75)""> est un gel auto-nivelant de qualité professionnelle, à la teinte rose translucide douce, qui donne aux ongles un aspect sain et éclatant. Alliant la </span><span style=""font-weight: 700; color: rgba(74, 74, 74, 0.75)"">résistance d'un gel de construction traditionnel</span><span style=""color: rgba(74, 74, 74, 0.75)""> à la </span><span style=""font-weight: 700; color: rgba(74, 74, 74, 0.75)"">praticité d'une formule à appliquer au pinceau</span><span style=""color: rgba(74, 74, 74, 0.75)""> , il garantit une application lisse et uniforme directement depuis le flacon – idéal pour les professionnels comme pour les utilisateurs avertis.</span></p><p><span style=""color: rgba(74, 74, 74, 0.75)"">Sa composition à la fois souple et résistante offre </span><span style=""font-weight: 700; color: rgba(74, 74, 74, 0.75)"">une adhérence exceptionnelle et une solidité naturelle</span><span style=""color: rgba(74, 74, 74, 0.75)""> , permettant de réparer, renforcer ou allonger les ongles jusqu'à </span><span style=""font-weight: 700; color: rgba(74, 74, 74, 0.75)"">2-3 mm</span><span style=""color: rgba(74, 74, 74, 0.75)""> grâce à l'utilisation de chablons ou de capsules. Sa délicate teinte rose offre un éclat naturel «&nbsp;rose bulle&nbsp;» qui sublime toutes les carnations, idéal pour </span><span style=""font-weight: 700; color: rgba(74, 74, 74, 0.75)"">une manucure nude ou french</span><span style=""color: rgba(74, 74, 74, 0.75)""> .</span></p>",purple;bib,purple,,,,,13.5,,,,,,7.81,3,false,,,,5600920741226,,,,,,,,,,,,,,,,,,,,,,,,,,,,,,,,,,,,,,,,,,,,,,,,,,,,,,,,,,,,,,,,,,,,,,,,,
Product_79502ed9-c989-40f2-9ad4-5829a576c26b,MEDIA,,,,,,5bdc9f_b616a03b87ca49ca876aa7d64a1c8b07~mv2.jpg,,,,,,,,,,,,,,,,,,,,,,,,,,,,,,,,,,,,,,,,,,,,,,,,,,,,,,,,,,,,,,,,,,,,,,,,,,,,,,,,,,,,,,,,,
Product_79502ed9-c989-40f2-9ad4-5829a576c26b,MEDIA,,,,,,5bdc9f_45aaf85b1d1e4babace53dc8b9c2e8b8~mv2.jpg,,,,,,,,,,,,,,,,,,,,,,,,,,,,,,,,,,,,,,,,,,,,,,,,,,,,,,,,,,,,,,,,,,,,,,,,,,,,,,,,,,,,,,,,,
Product_c48114d3-b73c-4964-9881-6af0e1721daa,PRODUCT,BIB - Milky Pink,true,"<p><span style=""font-weight: 700; color: rgba(74, 74, 74, 0.75)"">Contenance disponible :</span><span style=""color: rgba(74, 74, 74, 0.75)"">&nbsp;15 ml.</span></p><p><span style=""color: rgba(74, 74, 74, 0.75)"">Le gel de construction </span><span style=""font-weight: 700; color: rgba(74, 74, 74, 0.75)"">professionnel Purple Professional Builder in Bottle (BIB) Milky Pink</span><span style=""color: rgba(74, 74, 74, 0.75)""> est un gel auto-nivelant professionnel à la teinte rose laiteux délicate, formulé pour renforcer, lisser et embellir les ongles naturels. Sa formule haute performance allie la tenue d'un gel de construction à la praticité d'un </span><span style=""font-weight: 700; color: rgba(74, 74, 74, 0.75)"">flacon applicateur au pinceau</span><span style=""color: rgba(74, 74, 74, 0.75)"">, pour une application lisse et précise à chaque fois.</span></p><p><span style=""color: rgba(74, 74, 74, 0.75)"">Le vernis BIB Milky Pink offre </span><span style=""font-weight: 700; color: rgba(74, 74, 74, 0.75)"">une forte adhérence, une grande flexibilité et une teinte rose tendre</span><span style=""color: rgba(74, 74, 74, 0.75)""> qui sublime la couleur naturelle de l'ongle. Il peut être utilisé pour </span><span style=""font-weight: 700; color: rgba(74, 74, 74, 0.75)"">les recouvrements, le renforcement ou les extensions légères jusqu'à 2-3 mm</span><span style=""color: rgba(74, 74, 74, 0.75)""> avec des capsules ou des chablons. Idéal pour les manucures naturelles, baby boomer ou nude.</span></p>",purple;bib,purple,,,,,13.5,,,,,,9.45,3,false,,,,5600920739193,,,,,,,,,,,,,,,,,,,,,,,,,,,,,,,,,,,,,,,,,,,,,,,,,,,,,,,,,,,,,,,,,,,,,,,,,
Product_c48114d3-b73c-4964-9881-6af0e1721daa,MEDIA,,,,,,5bdc9f_4d7f5440037a4372ab98419021f18b37~mv2.jpg,,,,,,,,,,,,,,,,,,,,,,,,,,,,,,,,,,,,,,,,,,,,,,,,,,,,,,,,,,,,,,,,,,,,,,,,,,,,,,,,,,,,,,,,,
Product_c48114d3-b73c-4964-9881-6af0e1721daa,MEDIA,,,,,,5bdc9f_ba9916edbf0541a48a42b6bf9b202995~mv2.jpg,,,,,,,,,,,,,,,,,,,,,,,,,,,,,,,,,,,,,,,,,,,,,,,,,,,,,,,,,,,,,,,,,,,,,,,,,,,,,,,,,,,,,,,,,
Product_01b74fe8-d779-4b79-9454-8dab54a1648f,PRODUCT,BIB - Milky Nude,true,"<p><span style=""font-weight: 700; color: rgba(74, 74, 74, 0.75)"">Contenance disponible :</span><span style=""color: rgba(74, 74, 74, 0.75)"">&nbsp;15 ml.</span></p><p><span style=""color: rgba(74, 74, 74, 0.75)"">Le gel de construction professionnel auto-nivelant </span><span style=""font-weight: 700; color: rgba(74, 74, 74, 0.75)"">Purple Professional Builder in Bottle (BIB) Milky Nude</span><span style=""color: rgba(74, 74, 74, 0.75)""> est conçu pour offrir résistance, souplesse et un fini naturel. Sa formule de haute qualité allie la durabilité d'un gel de construction traditionnel à la praticité d'une application au pinceau, pour une utilisation facile directement depuis le flacon.</span></p><p><span style=""color: rgba(74, 74, 74, 0.75)"">Le vernis BIB Milky Nude lisse les imperfections, comble les stries et crée une base impeccable pour </span><span style=""font-weight: 700; color: rgba(74, 74, 74, 0.75)"">les vernis semi-permanents, les gels de construction ou les systèmes hybrides.</span><span style=""color: rgba(74, 74, 74, 0.75)""> Sa teinte nude laiteuse élégante offre une couvrance naturelle et peut être portée seule pour un look net et soigné ou utilisée pour </span><span style=""font-weight: 700; color: rgba(74, 74, 74, 0.75)"">des extensions jusqu'à 2-3 mm</span><span style=""color: rgba(74, 74, 74, 0.75)"">avec des chablons.</span></p>",purple;bib,purple,,,,,13.5,,,,,,9.45,0,false,,,,,,,,,,,,,,,,,,,,,,,,,,,,,,,,,,,,,,,,,,,,,,,,,,,,,,,,,,,,,,,,,,,,,,,,,,,,,
Product_01b74fe8-d779-4b79-9454-8dab54a1648f,MEDIA,,,,,,5bdc9f_97540f53a0494a84b4d95b98554233c9~mv2.jpg,,,,,,,,,,,,,,,,,,,,,,,,,,,,,,,,,,,,,,,,,,,,,,,,,,,,,,,,,,,,,,,,,,,,,,,,,,,,,,,,,,,,,,,,,
Product_01b74fe8-d779-4b79-9454-8dab54a1648f,MEDIA,,,,,,5bdc9f_7885e8ccb5bd4768a63f9ad5adf94cea~mv2.jpg,,,,,,,,,,,,,,,,,,,,,,,,,,,,,,,,,,,,,,,,,,,,,,,,,,,,,,,,,,,,,,,,,,,,,,,,,,,,,,,,,,,,,,,,,
Product_bda613b5-45e9-493e-b389-cef043ee4f49,PRODUCT,Fiber Base - Milky Beige,true,"<p><span style=""font-weight: 700; color: rgba(74, 74, 74, 0.75)"">Contenance disponible :</span><span style=""color: rgba(74, 74, 74, 0.75)"">&nbsp;15 ml.</span></p><p><span style=""color: rgba(74, 74, 74, 0.75)"">La base gel </span><span style=""font-weight: 700; color: rgba(74, 74, 74, 0.75)"">professionnelle Purple Professional Fiber Base Milky Beige</span><span style=""color: rgba(74, 74, 74, 0.75)""> est un gel de base renforcé de fibres, d'une délicate teinte beige laiteux, conçu pour allier </span><span style=""font-weight: 700; color: rgba(74, 74, 74, 0.75)"">résistance, flexibilité et un fini naturel.</span><span style=""color: rgba(74, 74, 74, 0.75)""> Enrichie en </span><span style=""font-weight: 700; color: rgba(74, 74, 74, 0.75)"">fibre de verre, vitamine E et calcium</span><span style=""color: rgba(74, 74, 74, 0.75)""> , sa formule auto-nivelante comble les stries, lisse les imperfections et renforce les ongles fragiles ou cassants.</span></p><p><span style=""color: rgba(74, 74, 74, 0.75)"">Sa teinte beige naturelle offre une couvrance subtile et un rendu net et élégant, idéal pour </span><span style=""font-weight: 700; color: rgba(74, 74, 74, 0.75)"">les manucures nude, les superpositions ou comme base fortifiante.</span><span style=""color: rgba(74, 74, 74, 0.75)""> Elle permet également la pose </span><span style=""font-weight: 700; color: rgba(74, 74, 74, 0.75)"">d'extensions jusqu'à 2-3 mm</span><span style=""color: rgba(74, 74, 74, 0.75)""> avec des chablons, ce qui la rend parfaite pour les professionnels comme pour les personnes expérimentées souhaitant des ongles impeccables et résistants à domicile.</span></p>",purple;fiber-base,purple,,,,,12.75,,,,,,8.92,3,false,,,,5600920734921,,,,,,,,,,,,,,,,,,,,,,,,,,,,,,,,,,,,,,,,,,,,,,,,,,,,,,,,,,,,,,,,,,,,,,,,,
Product_bda613b5-45e9-493e-b389-cef043ee4f49,MEDIA,,,,,,5bdc9f_ead6f74fdd31491e97ab0f9596723597~mv2.jpg,,,,,,,,,,,,,,,,,,,,,,,,,,,,,,,,,,,,,,,,,,,,,,,,,,,,,,,,,,,,,,,,,,,,,,,,,,,,,,,,,,,,,,,,,
Product_bda613b5-45e9-493e-b389-cef043ee4f49,MEDIA,,,,,,5bdc9f_9571b92cbdc44708a98341e12aa6ccde~mv2.jpg,,,,,,,,,,,,,,,,,,,,,,,,,,,,,,,,,,,,,,,,,,,,,,,,,,,,,,,,,,,,,,,,,,,,,,,,,,,,,,,,,,,,,,,,,
Product_541a2e89-91b6-49e6-a59c-6d79fe730de4,PRODUCT,Fiber Base - Nude Pink Shimmer,true,"<p><span style=""font-weight: 700; color: rgba(74, 74, 74, 0.75)"">Contenance disponible :</span><span style=""color: rgba(74, 74, 74, 0.75)""> 15 ml.</span></p><p><span style=""color: rgba(74, 74, 74, 0.75)"">La base gel </span><span style=""font-weight: 700; color: rgba(74, 74, 74, 0.75)"">professionnelle Purple Professional Fiber Base Nude Pink Shimmer</span><span style=""color: rgba(74, 74, 74, 0.75)""> est un gel de base renforcé de fibres, d'une délicate teinte rose nude et au fini subtilement nacré. Enrichie en </span><span style=""font-weight: 700; color: rgba(74, 74, 74, 0.75)"">fibre de verre, vitamine E et calcium</span><span style=""color: rgba(74, 74, 74, 0.75)""> , elle allie résistance, souplesse et élégance, renforçant les ongles fragiles ou abîmés tout en leur apportant une touche de brillance subtile.</span></p><p><span style=""color: rgba(74, 74, 74, 0.75)"">Sa texture auto-nivelante comble les stries, lisse les imperfections et offre une base impeccable pour </span><span style=""font-weight: 700; color: rgba(74, 74, 74, 0.75)"">les vernis semi-permanents, les gels de construction, l'acrylique ou les systèmes hybrides.</span><span style=""color: rgba(74, 74, 74, 0.75)""> Sa teinte rose nude scintillante crée un effet lumineux et naturel, idéal pour </span><span style=""font-weight: 700; color: rgba(74, 74, 74, 0.75)"">les manucures nude, les recouvrements ou les extensions courtes jusqu'à 2-3 mm</span><span style=""color: rgba(74, 74, 74, 0.75)""> réalisées avec des chablons.</span></p>",purple;fiber-base,purple,,,,,12.75,,,,,,8.25,3,false,,,,5600920738349,,,,,,,,,,,,,,,,,,,,,,,,,,,,,,,,,,,,,,,,,,,,,,,,,,,,,,,,,,,,,,,,,,,,,,,,,
Product_541a2e89-91b6-49e6-a59c-6d79fe730de4,MEDIA,,,,,,5bdc9f_53b1345891eb443596682f60ddfea213~mv2.jpg,,,,,,,,,,,,,,,,,,,,,,,,,,,,,,,,,,,,,,,,,,,,,,,,,,,,,,,,,,,,,,,,,,,,,,,,,,,,,,,,,,,,,,,,,
Product_541a2e89-91b6-49e6-a59c-6d79fe730de4,MEDIA,,,,,,5bdc9f_cdc2fa3b3d8c45d6819f70e3ff826218~mv2.jpg,,,,,,,,,,,,,,,,,,,,,,,,,,,,,,,,,,,,,,,,,,,,,,,,,,,,,,,,,,,,,,,,,,,,,,,,,,,,,,,,,,,,,,,,,
Product_85c01702-3bbf-446e-88e3-d0b25a1680c9,PRODUCT,Fiber Base - Clear,true,"<p><span style=""font-weight: 700; color: rgba(74, 74, 74, 0.75)"">Contenance disponible :</span><span style=""color: rgba(74, 74, 74, 0.75)""> 15 ml.</span></p><p><span style=""font-weight: 700; color: rgba(74, 74, 74, 0.75)"">La base transparente Purple Professional Fiber Base</span><span style=""background-color: rgb(255, 255, 255); color: rgba(74, 74, 74, 0.75)""> est une base résistante et flexible, composée de fibres synthétiques, de vitamine E et de calcium. Elle est conçue pour soutenir les ongles fragiles présentant des vergetures et des irrégularités de surface. Elle lisse les stries, renforce la plaque de l'ongle et offre une base solide pour les extensions telles que le vernis semi-permanent, le gel de construction ou les systèmes hybrides. Elle permet également la réalisation d'extensions légères jusqu'à </span><span style=""font-weight: 700; color: rgba(74, 74, 74, 0.75)"">2-3 mm</span><span style=""background-color: rgb(255, 255, 255); color: rgba(74, 74, 74, 0.75)""> avec des chablons.</span></p>",purple;fiber-base,purple,,,,,11.41,,,,,,7.98,OUT_OF_STOCK,false,,,,,,,,,,,,,,,,,,,,,,,,,,,,,,,,,,,,,,,,,,,,,,,,,,,,,,,,,,,,,,,,,,,,,,,,,,,,,
Product_85c01702-3bbf-446e-88e3-d0b25a1680c9,MEDIA,,,,,,5bdc9f_0840a4d1eaa54e549e4f509d07bb5cec~mv2.jpg,,,,,,,,,,,,,,,,,,,,,,,,,,,,,,,,,,,,,,,,,,,,,,,,,,,,,,,,,,,,,,,,,,,,,,,,,,,,,,,,,,,,,,,,,
Product_85c01702-3bbf-446e-88e3-d0b25a1680c9,MEDIA,,,,,,5bdc9f_abd4d8d16120468d873fa2813d70760c~mv2.jpg,,,,,,,,,,,,,,,,,,,,,,,,,,,,,,,,,,,,,,,,,,,,,,,,,,,,,,,,,,,,,,,,,,,,,,,,,,,,,,,,,,,,,,,,,
Product_ad0e156b-0075-4257-b374-9ab1e14e4e33,PRODUCT,Fiber Base - Milky White,true,"<p><span style=""font-weight: 700; color: rgba(74, 74, 74, 0.75)"">Contenance disponible :</span><span style=""color: rgba(74, 74, 74, 0.75)""> 15 ml.</span></p><p><span style=""color: rgba(74, 74, 74, 0.75)"">La base gel </span><span style=""font-weight: 700; color: rgba(74, 74, 74, 0.75)"">professionnelle Purple Professional Fiber Base Milky White</span><span style=""color: rgba(74, 74, 74, 0.75)""> est un gel de base renforcé de fibres, d'une douce teinte blanc laiteux, conçu pour allier </span><span style=""font-weight: 700; color: rgba(74, 74, 74, 0.75)"">résistance, souplesse et élégance naturelle.</span><span style=""color: rgba(74, 74, 74, 0.75)""> Enrichi en </span><span style=""font-weight: 700; color: rgba(74, 74, 74, 0.75)"">fibre de verre, vitamine E et calcium</span><span style=""color: rgba(74, 74, 74, 0.75)""> , il offre un renforcement supplémentaire aux ongles fragiles ou cassants tout en assurant une adhérence et une tenue parfaites.</span></p><p><span style=""color: rgba(74, 74, 74, 0.75)"">Sa texture auto-nivelante comble les stries, lisse la surface et crée une base impeccable pour </span><span style=""font-weight: 700; color: rgba(74, 74, 74, 0.75)"">le vernis semi-permanent, le gel de construction, l'acrylique ou les systèmes hybrides.</span><span style=""color: rgba(74, 74, 74, 0.75)""> Sa douce teinte blanc laiteux offre un rendu net et sophistiqué, idéal pour </span><span style=""font-weight: 700; color: rgba(74, 74, 74, 0.75)"">les manucures baby boomer, les french manucures, les recouvrements ou les extensions courtes jusqu'à 2-3 mm</span><span style=""color: rgba(74, 74, 74, 0.75)""> réalisées avec des chablons.</span></p>",purple;fiber-base,purple,,,,,12.75,,,,,,8.9,3,false,,,,5600920738356,,,,,,,,,,,,,,,,,,,,,,,,,,,,,,,,,,,,,,,,,,,,,,,,,,,,,,,,,,,,,,,,,,,,,,,,,
Product_ad0e156b-0075-4257-b374-9ab1e14e4e33,MEDIA,,,,,,5bdc9f_91f607f7ef6f4e16b0981dcba0bed1ac~mv2.jpg,,,,,,,,,,,,,,,,,,,,,,,,,,,,,,,,,,,,,,,,,,,,,,,,,,,,,,,,,,,,,,,,,,,,,,,,,,,,,,,,,,,,,,,,,
Product_ad0e156b-0075-4257-b374-9ab1e14e4e33,MEDIA,,,,,,5bdc9f_82ac89ea6c104e43baccdb928beef21e~mv2.jpg,,,,,,,,,,,,,,,,,,,,,,,,,,,,,,,,,,,,,,,,,,,,,,,,,,,,,,,,,,,,,,,,,,,,,,,,,,,,,,,,,,,,,,,,,
Product_1c40eb7f-53c4-40c0-bd11-14219af5f777,PRODUCT,Elastic Base - Pink Bloom,true,"<p><span style=""font-weight: 700; color: rgba(74, 74, 74, 0.75)"">Contenance disponible :</span><span style=""color: rgba(74, 74, 74, 0.75)"">&nbsp;15 ml.</span></p><p><span style=""font-weight: 700; color: rgba(74, 74, 74, 0.75)"">Purple Professional </span><span style=""color: rgba(74, 74, 74, 0.75)"">Elastic Base Pink Bloom est une base élastique professionnelle à haute viscosité dans une teinte rose douce, idéale pour renforcer, lisser et préparer l'ongle naturel.</span></p><p><span style=""color: rgba(74, 74, 74, 0.75)"">Sa formule élastique offre une excellente adhérence, comble les crêtes et les imperfections, et s'adapte au mouvement naturel de l'ongle, aidant à réduire le soulèvement, la fissuration et la casse. Convient comme base pour les systèmes de vernis gel, BIB, AIB, gel et acrygel. Il permet également des extensions légères de 2 à 3 mm en utilisant des formes d'ongles.</span></p>",purple;elastic-base,purple,,,,,12.75,,,,,,8.47,OUT_OF_STOCK,false,,,,,,,,,,,,,,,,,,,,,,,,,,,,,,,,,,,,,,,,,,,,,,,,,,,,,,,,,,,,,,,,,,,,,,,,,,,,,
Product_1c40eb7f-53c4-40c0-bd11-14219af5f777,MEDIA,,,,,,5bdc9f_af51c82366b840bb9ae32401fcb13ca8~mv2.png,,,,,,,,,,,,,,,,,,,,,,,,,,,,,,,,,,,,,,,,,,,,,,,,,,,,,,,,,,,,,,,,,,,,,,,,,,,,,,,,,,,,,,,,,
Product_1c40eb7f-53c4-40c0-bd11-14219af5f777,MEDIA,,,,,,5bdc9f_8462eb5dc60a4e07bafe4a15c929a8c0~mv2.png,,,,,,,,,,,,,,,,,,,,,,,,,,,,,,,,,,,,,,,,,,,,,,,,,,,,,,,,,,,,,,,,,,,,,,,,,,,,,,,,,,,,,,,,,
Product_97f3823c-3ea5-4e93-967d-86f6e0811db2,PRODUCT,Elastic Base - Soft Latte,true,"<p><span style=""font-weight: 700; color: rgba(74, 74, 74, 0.75)"">Contenance disponible :</span><span style=""color: rgba(74, 74, 74, 0.75)"">&nbsp;15 ml.</span></p><p><span style=""font-weight: 700; color: rgba(74, 74, 74, 0.75)"">Purple Professional </span><span style=""color: rgba(74, 74, 74, 0.75)"">Elastic Base Soft Latte est une base élastique professionnelle à haute viscosité dans une teinte latte nude douce, parfaite pour renforcer, lisser et améliorer l'ongle naturel avec une finition chaleureuse et élégante.</span></p><p><span style=""color: rgba(74, 74, 74, 0.75)"">Sa formule élastique autonivelante assure une forte adhérence et une forte flexibilité, s'adaptant à l'ongle naturel pour aider à prévenir le soulèvement, la fissuration et la casse. Idéal comme base pour le vernis gel, le gel de construction, l'acrylgel et les systèmes hybrides. Il permet également des extensions légères de 2 à 3 mm en utilisant des formes d'ongles, ce qui le rend idéal pour le renforcement et les manucures naturelles.</span></p>",purple;elastic-base,purple,,,,,12.75,,,,,,8.47,OUT_OF_STOCK,false,,,,,,,,,,,,,,,,,,,,,,,,,,,,,,,,,,,,,,,,,,,,,,,,,,,,,,,,,,,,,,,,,,,,,,,,,,,,,
Product_97f3823c-3ea5-4e93-967d-86f6e0811db2,MEDIA,,,,,,5bdc9f_b5a8dc7422a544dd8194e73a40577901~mv2.png,,,,,,,,,,,,,,,,,,,,,,,,,,,,,,,,,,,,,,,,,,,,,,,,,,,,,,,,,,,,,,,,,,,,,,,,,,,,,,,,,,,,,,,,,
Product_97f3823c-3ea5-4e93-967d-86f6e0811db2,MEDIA,,,,,,5bdc9f_f7832ca9a67d4af4b4f5dcbe69d0b40b~mv2.jpg,,,,,,,,,,,,,,,,,,,,,,,,,,,,,,,,,,,,,,,,,,,,,,,,,,,,,,,,,,,,,,,,,,,,,,,,,,,,,,,,,,,,,,,,,
Product_20f922bc-e39b-4e04-843c-199224fbad63,PRODUCT,Elastic Base - Milky White,true,"<p><span style=""font-weight: 700; color: rgba(74, 74, 74, 0.75)"">Contenance disponible :</span><span style=""color: rgba(74, 74, 74, 0.75)"">&nbsp;15 ml.</span></p><p><span style=""background-color: rgb(255, 255, 255); color: rgba(74, 74, 74, 0.75)"">La base élastique Purple Professional Blanc Lait est un gel de base haute viscosité, d'une teinte blanc laiteux, conçu pour une adhérence et une flexibilité optimales sur les ongles naturels. Sa formule s'adapte aux mouvements de l'ongle, prévenant ainsi le décollement, les fissures et la casse. Elle lisse les stries et les imperfections pour créer une surface impeccable, idéale comme base pour les vernis semi-permanents, les gels de construction, l'acrylique ou les systèmes hybrides. Elle permet également de réaliser des extensions légères de </span><span style=""font-weight: 700; color: rgba(74, 74, 74, 0.75)"">2 à 3 mm</span><span style=""background-color: rgb(255, 255, 255); color: rgba(74, 74, 74, 0.75)""> avec des chablons.</span></p>",purple;elastic-base,,,,,,12.75,,,,,,8.47,3,false,,,,5600920723116,,,,,,,,,,,,,,,,,,,,,,,,,,,,,,,,,,,,,,,,,,,,,,,,,,,,,,,,,,,,,,,,,,,,,,,,,
Product_20f922bc-e39b-4e04-843c-199224fbad63,MEDIA,,,,,,5bdc9f_0f6816dcc62d41948a802271da88f6a0~mv2.jpg,,,,,,,,,,,,,,,,,,,,,,,,,,,,,,,,,,,,,,,,,,,,,,,,,,,,,,,,,,,,,,,,,,,,,,,,,,,,,,,,,,,,,,,,,
Product_20f922bc-e39b-4e04-843c-199224fbad63,MEDIA,,,,,,5bdc9f_1cb1892f47a046d0b8901dcfb64d3aff~mv2.jpg,,,,,,,,,,,,,,,,,,,,,,,,,,,,,,,,,,,,,,,,,,,,,,,,,,,,,,,,,,,,,,,,,,,,,,,,,,,,,,,,,,,,,,,,,
Product_29d67b44-f1d6-4688-8cdd-8200b5642ec1,PRODUCT,Elastic Base - Cover Beige,true,"<p><span style=""font-weight: 700; color: rgba(74, 74, 74, 0.75)"">Contenance disponible :</span><span style=""color: rgba(74, 74, 74, 0.75)"">&nbsp;15 ml.</span></p><p><span style=""font-weight: 700; color: rgba(74, 74, 74, 0.75)"">La base élastique professionnelle Purple Professional Beige</span><span style=""color: rgba(74, 74, 74, 0.75)""> est une base élastique haute viscosité de couleur beige doux qui allie flexibilité, résistance et adhérence parfaite. Sa texture auto-nivelante lisse la surface de l'ongle et comble les imperfections, créant ainsi une base impeccable pour </span><span style=""font-weight: 700; color: rgba(74, 74, 74, 0.75)"">les vernis semi-permanents, les gels de construction, l'acrylique ou les systèmes hybrides.</span></p><p><span style=""color: rgba(74, 74, 74, 0.75)"">Cette teinte beige naturelle offre une couvrance légère qui camoufle les imperfections des ongles tout en préservant un aspect naturel. Elle est idéale pour les manucures neutres, les bases nude ou comme base fortifiante. Sa formule permet </span><span style=""font-weight: 700; color: rgba(74, 74, 74, 0.75)"">des extensions de 2 à 3 mm</span><span style=""color: rgba(74, 74, 74, 0.75)"">grâce à l'utilisation de chablons, ce qui la rend parfaite pour les professionnels comme pour les particuliers.</span></p>",purple;elastic-base,,,,,,12.75,,,,,,8.47,OUT_OF_STOCK,false,,,,,,,,,,,,,,,,,,,,,,,,,,,,,,,,,,,,,,,,,,,,,,,,,,,,,,,,,,,,,,,,,,,,,,,,,,,,,
Product_29d67b44-f1d6-4688-8cdd-8200b5642ec1,MEDIA,,,,,,5bdc9f_d161c471dad642cea6b9093215d3e194~mv2.jpg,,,,,,,,,,,,,,,,,,,,,,,,,,,,,,,,,,,,,,,,,,,,,,,,,,,,,,,,,,,,,,,,,,,,,,,,,,,,,,,,,,,,,,,,,
Product_29d67b44-f1d6-4688-8cdd-8200b5642ec1,MEDIA,,,,,,5bdc9f_a3d103c7531c465aa9e0542e6a5d0c07~mv2.jpg,,,,,,,,,,,,,,,,,,,,,,,,,,,,,,,,,,,,,,,,,,,,,,,,,,,,,,,,,,,,,,,,,,,,,,,,,,,,,,,,,,,,,,,,,
Product_435af470-3e91-4bea-b545-4026e333a955,PRODUCT,Elastic Base - Milky Pink,true,"<p><span style=""font-weight: 700; color: rgba(74, 74, 74, 0.75)"">Contenance disponible :</span><span style=""color: rgba(74, 74, 74, 0.75)"">&nbsp;15 ml.</span></p><p><span style=""background-color: rgb(255, 255, 255); color: rgba(74, 74, 74, 0.75)"">La base élastique professionnelle Purple rose laiteux est un gel de base flexible à haute viscosité, d'une douce teinte rose laiteux. Elle offre une excellente adhérence et une grande flexibilité aux ongles naturels, contribuant à prévenir les décollements, les fissures et la casse. Elle comble les stries et crée une surface lisse, idéale pour les recouvrements (vernis semi-permanent, gel de construction, acrylique ou systèmes hybrides). Utilisée avec des chablons, elle permet des extensions légères jusqu'à </span><span style=""font-weight: 700; color: rgba(74, 74, 74, 0.75)"">2-3 mm</span><span style=""background-color: rgb(255, 255, 255); color: rgba(74, 74, 74, 0.75)""> , ce qui en fait une excellente option pour renforcer les ongles et les allonger subtilement.</span></p>",purple;elastic-base,,,,,,12.75,,,,,,8.9,0,false,,,,,,,,,,,,,,,,,,,,,,,,,,,,,,,,,,,,,,,,,,,,,,,,,,,,,,,,,,,,,,,,,,,,,,,,,,,,,
Product_435af470-3e91-4bea-b545-4026e333a955,MEDIA,,,,,,5bdc9f_ff58ccccd7174f7c85fef50ebd5a45a5~mv2.jpg,,,,,,,,,,,,,,,,,,,,,,,,,,,,,,,,,,,,,,,,,,,,,,,,,,,,,,,,,,,,,,,,,,,,,,,,,,,,,,,,,,,,,,,,,
Product_435af470-3e91-4bea-b545-4026e333a955,MEDIA,,,,,,5bdc9f_1709a587ec4446999f696d75a6dd3ea6~mv2.jpg,,,,,,,,,,,,,,,,,,,,,,,,,,,,,,,,,,,,,,,,,,,,,,,,,,,,,,,,,,,,,,,,,,,,,,,,,,,,,,,,,,,,,,,,,
Product_e00d9152-345d-4b02-9921-542f868d111b,PRODUCT,Elastic Base - Clear,true,"<p><span style=""font-weight: 700; color: rgba(74, 74, 74, 0.75)"">Contenance disponible :</span><span style=""color: rgba(74, 74, 74, 0.75)"">&nbsp;15 ml.</span></p><p><span style=""font-weight: 700; color: rgba(74, 74, 74, 0.75)"">La base élastique transparente Purple Professional</span><span style=""background-color: rgb(255, 255, 255); color: rgba(74, 74, 74, 0.75)""> est une base élastique de qualité professionnelle à haute viscosité, dotée d'une formule transparente qui offre une forte adhérence et une grande flexibilité aux ongles naturels. Son élasticité lui permet de suivre les mouvements de l'ongle naturel, contribuant ainsi à prévenir le décollement, les fissures et les cassures.</span></p><p><span style=""background-color: rgb(255, 255, 255); color: rgba(74, 74, 74, 0.75)"">Cette base comble les stries et lisse les imperfections, créant une surface impeccable idéale pour les superpositions telles que le vernis semi-permanent, le gel de construction, l'acrylique ou les systèmes hybrides. Elle permet également de réaliser de légères extensions de </span><span style=""font-weight: 700; color: rgba(74, 74, 74, 0.75)"">2 à 3 mm</span><span style=""background-color: rgb(255, 255, 255); color: rgba(74, 74, 74, 0.75)""> avec des chablons, ce qui en fait un outil indispensable aussi bien pour les salons que pour les particuliers.</span></p>",purple;elastic-base,,,,,,11.4,,,,,,6.95,3,false,,,,5600920745200,,,,,,,,,,,,,,,,,,,,,,,,,,,,,,,,,,,,,,,,,,,,,,,,,,,,,,,,,,,,,,,,,,,,,,,,,
Product_e00d9152-345d-4b02-9921-542f868d111b,MEDIA,,,,,,5bdc9f_fa61a799136f411bb7baaa9fd734c21c~mv2.jpg,,,,,,,,,,,,,,,,,,,,,,,,,,,,,,,,,,,,,,,,,,,,,,,,,,,,,,,,,,,,,,,,,,,,,,,,,,,,,,,,,,,,,,,,,
Product_e00d9152-345d-4b02-9921-542f868d111b,MEDIA,,,,,,5bdc9f_b8a4ffbfad2c4feb85f68a37394400b6~mv2.jpg,,,,,,,,,,,,,,,,,,,,,,,,,,,,,,,,,,,,,,,,,,,,,,,,,,,,,,,,,,,,,,,,,,,,,,,,,,,,,,,,,,,,,,,,,
Product_84db3e0f-b57b-4b06-b82a-25e24e1d938e,PRODUCT,Elastic Base - Nude,true,"<p><span style=""font-weight: 700; color: rgba(74, 74, 74, 0.75)"">Contenance disponible :</span><span style=""color: rgba(74, 74, 74, 0.75)"">&nbsp;15 ml.</span></p><p><span style=""font-weight: 700; color: rgba(74, 74, 74, 0.75)"">La base élastique professionnelle Purple Professional Elastic Base Nude</span><span style=""color: rgba(74, 74, 74, 0.75)""> est une base élastique haute viscosité de teinte nude naturelle, conçue pour offrir résistance, flexibilité et une adhérence parfaite. Sa formule auto-nivelante s'adapte aux mouvements naturels de l'ongle, prévenant ainsi le décollement, les fissures et la casse, tout en offrant une surface lisse et uniforme, idéale pour les recouvrements et les looks naturels.</span></p><p><span style=""color: rgba(74, 74, 74, 0.75)"">La </span><span style=""font-weight: 700; color: rgba(74, 74, 74, 0.75)"">base Elastic Base Nude</span><span style=""color: rgba(74, 74, 74, 0.75)""> comble les stries et corrige les imperfections des ongles, créant ainsi une base impeccable pour </span><span style=""font-weight: 700; color: rgba(74, 74, 74, 0.75)"">le vernis gel, le gel de construction, l'acrylique ou les systèmes hybrides</span><span style=""color: rgba(74, 74, 74, 0.75)""> . Elle permet également la pose d'extensions </span><span style=""font-weight: 700; color: rgba(74, 74, 74, 0.75)"">de 2 à 3 mm</span><span style=""color: rgba(74, 74, 74, 0.75)""> à l'aide de chablons, ce qui la rend idéale pour renforcer les ongles naturels ou créer une longueur subtile.</span></p>",purple;elastic-base,,,,,,12.75,,,,,,8.9,3,false,,,,5600920734907,,,,,,,,,,,,,,,,,,,,,,,,,,,,,,,,,,,,,,,,,,,,,,,,,,,,,,,,,,,,,,,,,,,,,,,,,
Product_84db3e0f-b57b-4b06-b82a-25e24e1d938e,MEDIA,,,,,,5bdc9f_e340737f18d14658b957f0679a2169d1~mv2.jpg,,,,,,,,,,,,,,,,,,,,,,,,,,,,,,,,,,,,,,,,,,,,,,,,,,,,,,,,,,,,,,,,,,,,,,,,,,,,,,,,,,,,,,,,,
Product_84db3e0f-b57b-4b06-b82a-25e24e1d938e,MEDIA,,,,,,5bdc9f_32c469556d234f20982fd2c41958938e~mv2.jpg,,,,,,,,,,,,,,,,,,,,,,,,,,,,,,,,,,,,,,,,,,,,,,,,,,,,,,,,,,,,,,,,,,,,,,,,,,,,,,,,,,,,,,,,,
Product_5e374518-a7a1-4f35-905b-49bc61d6911a,PRODUCT,Pierre roulée - Amazonite du Brésil,true,"<p><span style=""color: rgb(0, 0, 0)"">Avec ses magnifiques nuances de bleu et de vert, l'amazonite multicolore est une pierre associée à l'apaisement, à l'harmonie émotionnelle et à la communication. Douce et réconfortante, elle invite à retrouver la sérénité, à exprimer ses émotions avec sincérité et à cultiver la paix intérieure.</span></p><p><span style=""color: rgb(0, 0, 0)"">Chaque pierre est unique : ses couleurs, ses motifs et ses reflets naturels peuvent varier d'un exemplaire à l'autre.</span></p><p><span style=""font-weight: 700"">Bienfaits émotionnels et psychologiques</span></p><ul><li><p><span style=""color: rgb(0, 0, 0)"">Aide à apaiser le stress, les peurs et les pensées négatives.</span></p></li><li><p><span style=""color: rgb(0, 0, 0)"">Favorise une communication sincère et l'écoute des autres.</span></p></li><li><p><span style=""color: rgb(0, 0, 0)"">Encourage la compassion, la tendresse et l'équilibre émotionnel.</span></p></li><li><p><span style=""color: rgb(0, 0, 0)"">Aide à dissiper les frustrations et à retrouver une sensation de calme.</span></p></li><li><p><span style=""color: rgb(0, 0, 0)"">Traditionnellement utilisée comme bouclier symbolique contre les énergies négatives.</span></p></li></ul><p><span style=""font-weight: 700"">Bienfaits physiques traditionnellement associés</span></p><ul><li><p><span style=""color: rgb(0, 0, 0)"">Favorise la détente musculaire, notamment au niveau de la nuque et du dos.</span></p></li><li><p><span style=""color: rgb(0, 0, 0)"">Soutient le bien-être général de l'organisme.</span></p></li><li><p><span style=""color: rgb(0, 0, 0)"">Contribue à retrouver une sensation d'énergie et d'équilibre.</span></p></li></ul><p><span style=""font-weight: 700"">Entretien de la pierre</span></p><p><span style=""font-weight: 700; color: rgb(0, 0, 0)"">Purification :</span><span style=""color: rgb(0, 0, 0)""> plongez-la dans de l'eau claire (sans sel) ou déposez-la sur la terre pendant quelques heures.</span></p><p><span style=""font-weight: 700; color: rgb(0, 0, 0)"">Rechargement :</span><span style=""color: rgb(0, 0, 0)""> privilégiez la lumière douce de la lune ou un amas de quartz. Évitez une exposition prolongée au soleil, qui pourrait altérer ses couleurs.</span></p><p><span style=""font-weight: 700"">Caractéristiques</span></p><ul><li><p><span style=""color: rgb(0, 0, 0)"">Pierre : Amazonite multicolore</span></p></li><li><p><span style=""color: rgb(0, 0, 0)"">Origine : Brésil</span></p></li><li><p><span style=""color: rgb(0, 0, 0)"">Qualité : AB (standard)</span></p></li><li><p><span style=""color: rgb(0, 0, 0)"">Couleurs : bleu et vert</span></p></li><li><p><span style=""color: rgb(0, 0, 0)"">Dimensions : entre 20 et 30 mm (peuvent varier de 17 à 33 mm)</span></p></li><li><p><span style=""color: rgb(0, 0, 0)"">Pierre naturelle, chaque exemplaire est unique</span></p></li></ul><p><em><span style=""color: rgb(0, 0, 0)"">Les propriétés attribuées aux pierres en lithothérapie sont issues de traditions et de croyances populaires. Elles ne remplacent en aucun cas un avis médical ou un traitement prescrit par un professionnel de santé.</span></em></p>",ésotérique;pierres-roulées,ésotérique,,,,,3.5,,,,,,0.54,11,false,,,,,,,,,,,,,,,,,,,,,,,,,,,,,,,,,,,,,,,,,,,,,,,,,,,,,,,,,,,,,,,,,,,,,,,,,,,,,
Product_5e374518-a7a1-4f35-905b-49bc61d6911a,MEDIA,,,,,,5bdc9f_c43eb9726c5848f494cc381a285f85f8~mv2.jpg,,,,,,,,,,,,,,,,,,,,,,,,,,,,,,,,,,,,,,,,,,,,,,,,,,,,,,,,,,,,,,,,,,,,,,,,,,,,,,,,,,,,,,,,,
Product_fcaa0641-640a-45f9-b482-052ba21406be,PRODUCT,Pierre roulée - Cristal de Roche,true,"<p><span style=""color: rgb(0, 0, 0)"">Transparent et lumineux, le cristal de roche est une pierre traditionnellement associée à la clarté d'esprit, à l'harmonie et à l'équilibre énergétique. Apprécié pour sa pureté, il est souvent utilisé pour accompagner la méditation, favoriser la concentration et apporter une sensation d'apaisement au quotidien.</span></p><p><span style=""color: rgb(0, 0, 0)"">Chaque pierre est unique : ses reflets, sa transparence et ses inclusions naturelles peuvent varier d'un exemplaire à l'autre.</span></p><p><span style=""font-weight: 700"">Bienfaits émotionnels et psychologiques</span></p><ul><li><p><span style=""color: rgb(0, 0, 0)"">Favorise la clarté mentale et la concentration.</span></p></li><li><p><span style=""color: rgb(0, 0, 0)"">Aide à apaiser le stress et les pensées envahissantes.</span></p></li><li><p><span style=""color: rgb(0, 0, 0)"">Accompagne les moments de méditation et de relaxation.</span></p></li><li><p><span style=""color: rgb(0, 0, 0)"">Encourage l'intuition et la sérénité intérieure.</span></p></li><li><p><span style=""color: rgb(0, 0, 0)"">Traditionnellement utilisé pour harmoniser les énergies.</span></p></li></ul><p><span style=""font-weight: 700"">Bienfaits physiques et énergétiques traditionnellement associés</span></p><ul><li><p><span style=""color: rgb(0, 0, 0)"">Contribue à stimuler la vitalité et l'énergie générale.</span></p></li><li><p><span style=""color: rgb(0, 0, 0)"">Traditionnellement considéré comme une pierre amplificatrice des autres minéraux.</span></p></li><li><p><span style=""color: rgb(0, 0, 0)"">Aide à purifier l'environnement et à rétablir l'équilibre énergétique.</span></p></li><li><p><span style=""color: rgb(0, 0, 0)"">Favorise une sensation de bien-être global.</span></p></li></ul><p><span style=""font-weight: 700"">Entretien de la pierre</span></p><p><span style=""font-weight: 700; color: rgb(0, 0, 0)"">Purification :</span><span style=""color: rgb(0, 0, 0)""> passez la pierre sous l'eau claire ou purifiez-la à l'aide de fumigation.</span></p><p><span style=""font-weight: 700; color: rgb(0, 0, 0)"">Rechargement :</span><span style=""color: rgb(0, 0, 0)""> exposez-la à la lumière du soleil matinal, à la lumière de la lune ou déposez-la sur un amas de quartz.</span></p><p><span style=""font-weight: 700"">Caractéristiques</span></p><ul><li><p><span style=""color: rgb(0, 0, 0)"">Pierre : Cristal de roche</span></p></li><li><p><span style=""color: rgb(0, 0, 0)"">Origine : Brésil</span></p></li><li><p><span style=""color: rgb(0, 0, 0)"">Qualité : A (bonne qualité)</span></p></li><li><p><span style=""color: rgb(0, 0, 0)"">Couleur : blanc à transparent</span></p></li><li><p><span style=""color: rgb(0, 0, 0)"">Dimensions : entre 20 et 30 mm (la taille peut varier de 17 à 33 mm)</span></p></li><li><p><span style=""color: rgb(0, 0, 0)"">Pierre naturelle, chaque exemplaire est unique</span></p></li></ul><p><em><span style=""color: rgb(0, 0, 0)"">Les propriétés attribuées aux pierres en lithothérapie sont issues de traditions et de croyances populaires. Elles ne remplacent en aucun cas un avis médical ou un traitement prescrit par un professionnel de santé.</span></em></p>",ésotérique;pierres-roulées,ésotérique,,,,,5,,,,,,0.72,9,false,,,,,,,,,,,,,,,,,,,,,,,,,,,,,,,,,,,,,,,,,,,,,,,,,,,,,,,,,,,,,,,,,,,,,,,,,,,,,
Product_fcaa0641-640a-45f9-b482-052ba21406be,MEDIA,,,,,,5bdc9f_d631d2c364fc4163bc2c34141dcebefe~mv2.jpg,,,,,,,,,,,,,,,,,,,,,,,,,,,,,,,,,,,,,,,,,,,,,,,,,,,,,,,,,,,,,,,,,,,,,,,,,,,,,,,,,,,,,,,,,
Product_23588fad-e488-4945-801e-9ee111a3f76a,PRODUCT,Pierre roulée - Péristérite,true,"<p><span style=""color: rgb(0, 0, 0)"">Avec sa couleur blanche délicate et ses magnifiques reflets nacrés, la péristérite est une pierre traditionnellement associée à l'apaisement, à l'équilibre émotionnel et à l'intuition. Douce et lumineuse, elle invite au calme intérieur et favorise une meilleure harmonie avec soi-même et les autres.</span></p><p><span style=""color: rgb(0, 0, 0)"">Chaque pierre est unique : ses reflets naturels varient d'un exemplaire à l'autre.</span></p><p><span style=""font-weight: 700"">Bienfaits émotionnels et psychologiques</span></p><ul><li><p><span style=""color: rgb(0, 0, 0)"">Aide à apaiser le stress et la charge mentale.</span></p></li><li><p><span style=""color: rgb(0, 0, 0)"">Favorise le calme intérieur et la paix émotionnelle.</span></p></li><li><p><span style=""color: rgb(0, 0, 0)"">Encourage l'empathie, la compassion et l'écoute des autres.</span></p></li><li><p><span style=""color: rgb(0, 0, 0)"">Contribue à harmoniser les relations et à apaiser les tensions.</span></p></li><li><p><span style=""color: rgb(0, 0, 0)"">Stimule l'intuition et la réceptivité.</span></p></li><li><p><span style=""color: rgb(0, 0, 0)"">Accompagne les moments d'introspection et de méditation.</span></p></li></ul><p><span style=""font-weight: 700"">Bienfaits physiques traditionnellement associés</span></p><ul><li><p><span style=""color: rgb(0, 0, 0)"">Aide à retrouver de l'énergie après une fatigue physique ou mentale.</span></p></li><li><p><span style=""color: rgb(0, 0, 0)"">Traditionnellement associée à l'équilibre général de l'organisme.</span></p></li><li><p><span style=""color: rgb(0, 0, 0)"">Réputée pour soutenir le bien-être hormonal et émotionnel.</span></p></li><li><p><span style=""color: rgb(0, 0, 0)"">Favorise une sensation de sérénité et de détente profonde.</span></p></li></ul><p><span style=""font-weight: 700"">Entretien de la pierre</span></p><p><span style=""font-weight: 700; color: rgb(0, 0, 0)"">Purification :</span><span style=""color: rgb(0, 0, 0)""> nettoyez la pierre à l'eau claire ou purifiez-la à l'aide de fumigation (sauge, encens ou Palo Santo).</span></p><p><span style=""font-weight: 700; color: rgb(0, 0, 0)"">Rechargement :</span><span style=""color: rgb(0, 0, 0)""> exposez-la à la lumière douce de la lune ou déposez-la sur un amas de quartz pendant quelques heures.</span></p><p><span style=""font-weight: 700"">Caractéristiques</span></p><ul><li><p><span style=""color: rgb(0, 0, 0)"">Pierre : Péristérite</span></p></li><li><p><span style=""color: rgb(0, 0, 0)"">Origine : Inde</span></p></li><li><p><span style=""color: rgb(0, 0, 0)"">Qualité : A (bonne qualité)</span></p></li><li><p><span style=""color: rgb(0, 0, 0)"">Couleurs : blanc avec reflets nacrés</span></p></li><li><p><span style=""color: rgb(0, 0, 0)"">Dimensions : entre 15 et 30 mm (la taille peut varier de 12 à 33 mm)</span></p></li><li><p><span style=""color: rgb(0, 0, 0)"">Pierre naturelle, chaque exemplaire est unique</span></p></li></ul><p><em><span style=""color: rgb(0, 0, 0)"">Les propriétés attribuées aux pierres en lithothérapie sont issues de traditions et de croyances populaires. Elles ne remplacent en aucun cas un avis médical ou un traitement prescrit par un professionnel de santé.</span></em></p>",ésotérique;pierres-roulées,ésotérique,,,,,3.5,,,,,,0.35,17,false,,,,,,,,,,,,,,,,,,,,,,,,,,,,,,,,,,,,,,,,,,,,,,,,,,,,,,,,,,,,,,,,,,,,,,,,,,,,,
Product_23588fad-e488-4945-801e-9ee111a3f76a,MEDIA,,,,,,5bdc9f_f2cb75975f34446a84bcf94b270b4164~mv2.jpg,,,,,,,,,,,,,,,,,,,,,,,,,,,,,,,,,,,,,,,,,,,,,,,,,,,,,,,,,,,,,,,,,,,,,,,,,,,,,,,,,,,,,,,,,
Product_98ba82aa-594c-4094-904f-312c8be7017d,PRODUCT,Pierre roulée - Quartz Rose du Brésil,true,"<p><span style=""color: rgb(0, 0, 0)"">Avec sa douce couleur rose, le quartz rose est traditionnellement associé à l'amour, à la tendresse et à l'apaisement émotionnel. Symbole d'amour de soi et d'harmonie, il invite à la douceur, au réconfort et à la sérénité au quotidien.</span></p><p><span style=""color: rgb(0, 0, 0)"">Chaque pierre est unique : ses nuances naturelles peuvent varier d'un rose pâle à un rose plus soutenu.</span></p><p><span style=""font-weight: 700"">Bienfaits émotionnels et psychologiques</span></p><ul><li><p><span style=""color: rgb(0, 0, 0)"">Favorise l'amour de soi et la confiance en ses émotions.</span></p></li><li><p><span style=""color: rgb(0, 0, 0)"">Aide à apaiser le stress, les tensions et les inquiétudes.</span></p></li><li><p><span style=""color: rgb(0, 0, 0)"">Encourage la compassion, la tendresse et le pardon.</span></p></li><li><p><span style=""color: rgb(0, 0, 0)"">Contribue à harmoniser les relations avec les autres.</span></p></li><li><p><span style=""color: rgb(0, 0, 0)"">Procure une sensation de calme et de bien-être intérieur.</span></p></li></ul><p><span style=""font-weight: 700"">Bienfaits physiques traditionnellement associés</span></p><ul><li><p><span style=""color: rgb(0, 0, 0)"">Aide à relâcher les tensions physiques et émotionnelles.</span></p></li><li><p><span style=""color: rgb(0, 0, 0)"">Favorise un sentiment général d'apaisement et d'équilibre.</span></p></li><li><p><span style=""color: rgb(0, 0, 0)"">Traditionnellement associé à la beauté et à l'éclat de la peau.</span></p></li><li><p><span style=""color: rgb(0, 0, 0)"">Contribue à un sommeil plus serein et réparateur.</span></p></li><li><p><span style=""color: rgb(0, 0, 0)"">Accompagne les moments de fatigue émotionnelle.</span></p></li></ul><p><span style=""font-weight: 700"">Entretien de la pierre</span></p><p><span style=""font-weight: 700; color: rgb(0, 0, 0)"">Purification :</span><span style=""color: rgb(0, 0, 0)""> passez la pierre sous l'eau claire ou purifiez-la à l'aide de fumigation (sauge, encens ou Palo Santo).</span></p><p><span style=""font-weight: 700; color: rgb(0, 0, 0)"">Rechargement :</span><span style=""color: rgb(0, 0, 0)""> exposez-la à la lumière douce de la lune ou déposez-la sur un amas de quartz pendant quelques heures. Évitez une exposition prolongée au soleil, qui pourrait ternir sa couleur.</span></p><p><span style=""font-weight: 700"">Caractéristiques</span></p><ul><li><p><span style=""color: rgb(0, 0, 0)"">Pierre : Quartz rose</span></p></li><li><p><span style=""color: rgb(0, 0, 0)"">Origine : Brésil</span></p></li><li><p><span style=""color: rgb(0, 0, 0)"">Qualité : A (bonne qualité)</span></p></li><li><p><span style=""color: rgb(0, 0, 0)"">Couleur : rose</span></p></li><li><p><span style=""color: rgb(0, 0, 0)"">Dimensions : entre 20 et 30 mm (la taille peut varier de 17 à 33 mm)</span></p></li><li><p><span style=""color: rgb(0, 0, 0)"">Pierre naturelle, chaque exemplaire est unique</span></p></li></ul><p><em><span style=""color: rgb(0, 0, 0)"">Les propriétés attribuées aux pierres en lithothérapie sont issues de traditions et de croyances populaires. Elles ne remplacent en aucun cas un avis médical ou un traitement prescrit par un professionnel de santé.</span></em></p>",ésotérique;pierres-roulées,ésotérique,,,,,3.5,,,,,,0.34,33,false,,,,,,,,,,,,,,,,,,,,,,,,,,,,,,,,,,,,,,,,,,,,,,,,,,,,,,,,,,,,,,,,,,,,,,,,,,,,,
Product_98ba82aa-594c-4094-904f-312c8be7017d,MEDIA,,,,,,5bdc9f_a9919ef7760b448aa09f5f9cc3918739~mv2.jpg,,,,,,,,,,,,,,,,,,,,,,,,,,,,,,,,,,,,,,,,,,,,,,,,,,,,,,,,,,,,,,,,,,,,,,,,,,,,,,,,,,,,,,,,,
Product_0f588a04-99d9-45f7-b5e6-16986a7818d0,PRODUCT,Pierre roulée - Pierre de Soleil,true,"<p><span style=""color: rgb(0, 0, 0)"">Avec ses magnifiques nuances orangées et ses reflets lumineux, la pierre de soleil est traditionnellement associée à la joie, à la vitalité et à la confiance en soi. Véritable symbole d'énergie positive, elle accompagne celles et ceux qui souhaitent retrouver leur optimisme et avancer avec davantage d'assurance au quotidien.</span></p><p><span style=""color: rgb(0, 0, 0)"">Chaque pierre est unique : ses reflets scintillants et ses variations naturelles lui confèrent un charme particulier.</span></p><p><span style=""font-weight: 700"">Bienfaits émotionnels et psychologiques</span></p><ul><li><p><span style=""color: rgb(0, 0, 0)"">Aide à dissiper les pensées négatives, le stress et les peurs.</span></p></li><li><p><span style=""color: rgb(0, 0, 0)"">Favorise la bonne humeur et l'optimisme.</span></p></li><li><p><span style=""color: rgb(0, 0, 0)"">Renforce la confiance en soi et l'estime personnelle.</span></p></li><li><p><span style=""color: rgb(0, 0, 0)"">Encourage le courage et aide à dépasser la timidité.</span></p></li><li><p><span style=""color: rgb(0, 0, 0)"">Stimule la motivation et l'envie d'aller de l'avant.</span></p></li></ul><p><span style=""font-weight: 700"">Bienfaits physiques traditionnellement associés</span></p><ul><li><p><span style=""color: rgb(0, 0, 0)"">Contribue à retrouver de l'énergie et de la vitalité.</span></p></li><li><p><span style=""color: rgb(0, 0, 0)"">Aide à lutter contre la fatigue physique et mentale.</span></p></li><li><p><span style=""color: rgb(0, 0, 0)"">Soutient le dynamisme et la motivation au quotidien.</span></p></li><li><p><span style=""color: rgb(0, 0, 0)"">Favorise un sentiment général de bien-être et d'équilibre.</span></p></li></ul><p><span style=""font-weight: 700"">Entretien de la pierre</span></p><p><span style=""font-weight: 700; color: rgb(0, 0, 0)"">Purification :</span><span style=""color: rgb(0, 0, 0)""> passez la pierre sous l'eau claire ou purifiez-la à l'aide de fumigation.</span></p><p><span style=""font-weight: 700; color: rgb(0, 0, 0)"">Rechargement :</span><span style=""color: rgb(0, 0, 0)""> exposez-la à la lumière du soleil matinal ou déposez-la sur un amas de quartz.</span></p><p><span style=""font-weight: 700"">Caractéristiques</span></p><ul><li><p><span style=""color: rgb(0, 0, 0)"">Pierre : Pierre de soleil</span></p></li><li><p><span style=""color: rgb(0, 0, 0)"">Origine : Inde</span></p></li><li><p><span style=""color: rgb(0, 0, 0)"">Qualité : A (bonne qualité)</span></p></li><li><p><span style=""color: rgb(0, 0, 0)"">Couleurs : orange et reflets scintillants</span></p></li><li><p><span style=""color: rgb(0, 0, 0)"">Dimensions : entre 20 et 30 mm (la taille peut varier de 17 à 33 mm)</span></p></li><li><p><span style=""color: rgb(0, 0, 0)"">Pierre naturelle, chaque exemplaire est unique</span></p></li></ul><p><em><span style=""color: rgb(0, 0, 0)"">Les propriétés attribuées aux pierres en lithothérapie sont issues de traditions et de croyances populaires. Elles ne remplacent en aucun cas un avis médical ou un traitement prescrit par un professionnel de santé.</span></em></p>",ésotérique;pierres-roulées,ésotérique,,,,,7,,,,,,1.26,11,false,,,,,,,,,,,,,,,,,,,,,,,,,,,,,,,,,,,,,,,,,,,,,,,,,,,,,,,,,,,,,,,,,,,,,,,,,,,,,
Product_0f588a04-99d9-45f7-b5e6-16986a7818d0,MEDIA,,,,,,5bdc9f_5bea35a1958942459011adb0386abed6~mv2.jpg,,,,,,,,,,,,,,,,,,,,,,,,,,,,,,,,,,,,,,,,,,,,,,,,,,,,,,,,,,,,,,,,,,,,,,,,,,,,,,,,,,,,,,,,,
Product_87bcdd85-27f3-49cc-b482-0cffa9d0cae6,PRODUCT,Sauge Blanche,true,"<p><span style=""color: rgb(0, 0, 0)"">Récoltée en Californie, la sauge blanche est traditionnellement utilisée lors de rituels de fumigation afin de purifier un lieu, créer une atmosphère apaisante ou accompagner un moment d'introspection.</span></p><p><span style=""color: rgb(0, 0, 0)"">Son parfum végétal et authentique invite à ralentir, à se recentrer et à instaurer une ambiance chaleureuse au sein de votre intérieur.</span></p><p><span style=""color: rgb(0, 0, 0)"">Chaque bouquet mesure environ </span><span style=""font-weight: 700; color: rgb(0, 0, 0)"">10 cm</span><span style=""color: rgb(0, 0, 0)""> et peut être utilisé pour parfumer délicatement une pièce ou accompagner vos instants de détente.</span></p><p><span style=""font-weight: 700; color: rgb(0, 0, 0)"">Caractéristiques :</span></p><ul><li><p><span style=""color: rgb(0, 0, 0)"">Sauge blanche de Californie</span></p></li><li><p><span style=""color: rgb(0, 0, 0)"">Format : bouquet</span></p></li><li><p><span style=""color: rgb(0, 0, 0)"">Taille : environ 10 cm</span></p></li><li><p><span style=""color: rgb(0, 0, 0)"">Utilisation : fumigation et senteurs</span></p></li></ul><p><span style=""font-weight: 700; color: rgb(0, 0, 0)"">Conseils d'utilisation :</span></p><p><span style=""color: rgb(0, 0, 0)"">Allumez délicatement l'extrémité du bouquet, laissez-le brûler quelques secondes puis soufflez la flamme afin de diffuser la fumée dans la pièce. Utilisez toujours un support adapté et ne laissez jamais le bouquet se consumer sans surveillance.</span></p><p><em><span style=""color: rgb(0, 0, 0)"">Les photos sont non contractuelles. Chaque bouquet étant composé de végétaux naturels, sa forme, sa couleur et son aspect peuvent légèrement varier.</span></em></p>",ésotérique;sauge,ésotérique,,,,,7.9,,,,,,2.21,3,false,,,,,,,,,,,,,,,,,,,,,,,,,,,,,,,,,,,,,,,,,,,,,,,,,,,,,,,,,,,,,,,,,,,,,,,,,,,,,
Product_87bcdd85-27f3-49cc-b482-0cffa9d0cae6,MEDIA,,,,,,5bdc9f_4b47055654e148519a2cc6030796ba2a~mv2.jpg,,,,,,,,,,,,,,,,,,,,,,,,,,,,,,,,,,,,,,,,,,,,,,,,,,,,,,,,,,,,,,,,,,,,,,,,,,,,,,,,,,,,,,,,,
Product_86f3e2aa-d4bc-4632-ad87-cbf626a63b67,PRODUCT,Pierre roulée - Obsidienne Flocon de Neige,true,"<p><span style=""color: rgb(0, 0, 0)"">Avec son noir profond parsemé de délicats motifs blancs, l'obsidienne flocon de neige est une pierre traditionnellement associée à l'équilibre, à la protection et à l'ancrage. Elle invite à l'introspection, aide à retrouver son calme intérieur et accompagne les périodes de changement avec sérénité.</span></p><p><span style=""color: rgb(0, 0, 0)"">Chaque pierre est unique : les motifs en forme de flocons varient naturellement d'un exemplaire à l'autre.</span></p><p><span style=""font-weight: 700"">Bienfaits émotionnels et psychologiques</span></p><ul><li><p><span style=""color: rgb(0, 0, 0)"">Favorise l'équilibre entre le corps et l'esprit.</span></p></li><li><p><span style=""color: rgb(0, 0, 0)"">Encourage le lâcher-prise et l'introspection.</span></p></li><li><p><span style=""color: rgb(0, 0, 0)"">Aide à identifier et à dépasser les schémas de pensée négatifs.</span></p></li><li><p><span style=""color: rgb(0, 0, 0)"">Apaise les émotions et les sentiments de solitude.</span></p></li><li><p><span style=""color: rgb(0, 0, 0)"">Favorise la clarté mentale et le recentrage.</span></p></li></ul><p><span style=""font-weight: 700"">Bienfaits énergétiques traditionnellement associés</span></p><ul><li><p><span style=""color: rgb(0, 0, 0)"">Traditionnellement utilisée comme pierre de protection.</span></p></li><li><p><span style=""color: rgb(0, 0, 0)"">Renforce l'ancrage et la connexion à la Terre.</span></p></li><li><p><span style=""color: rgb(0, 0, 0)"">Aide à se recentrer dans les périodes de stress ou de doute.</span></p></li><li><p><span style=""color: rgb(0, 0, 0)"">Contribue à créer une sensation de stabilité et de sécurité intérieure.</span></p></li></ul><p><span style=""font-weight: 700"">Entretien de la pierre</span></p><p><span style=""font-weight: 700; color: rgb(0, 0, 0)"">Purification :</span><span style=""color: rgb(0, 0, 0)""> passez la pierre sous l'eau claire ou utilisez la fumée d'encens ou de sauge.</span></p><p><span style=""font-weight: 700; color: rgb(0, 0, 0)"">Rechargement :</span><span style=""color: rgb(0, 0, 0)""> exposez-la à la lumière de la lune ou déposez-la sur un amas de quartz pendant quelques heures.</span></p><p><span style=""font-weight: 700"">Caractéristiques</span></p><ul><li><p><span style=""color: rgb(0, 0, 0)"">Pierre : Obsidienne flocon de neige</span></p></li><li><p><span style=""color: rgb(0, 0, 0)"">Origine : États-Unis</span></p></li><li><p><span style=""color: rgb(0, 0, 0)"">Qualité : A (bonne qualité)</span></p></li><li><p><span style=""color: rgb(0, 0, 0)"">Couleur : noir avec motifs blancs</span></p></li><li><p><span style=""color: rgb(0, 0, 0)"">Dimensions : entre 20 et 30 mm (la taille peut varier de 17 à 33 mm)</span></p></li><li><p><span style=""color: rgb(0, 0, 0)"">Pierre naturelle, chaque exemplaire est unique</span></p></li></ul><p><em><span style=""color: rgb(0, 0, 0)"">Les propriétés attribuées aux pierres en lithothérapie sont issues de traditions et de croyances populaires. Elles ne remplacent en aucun cas un avis médical ou un traitement prescrit par un professionnel de santé.</span></em></p>",ésotérique;pierres-roulées,ésotérique,,,,,4,,,,,,0.54,17,false,,,,,,,,,,,,,,,,,,,,,,,,,,,,,,,,,,,,,,,,,,,,,,,,,,,,,,,,,,,,,,,,,,,,,,,,,,,,,
Product_86f3e2aa-d4bc-4632-ad87-cbf626a63b67,MEDIA,,,,,,5bdc9f_cb6db10e738042e8a7c2b78f6cf0cf8a~mv2.jpg,,,,,,,,,,,,,,,,,,,,,,,,,,,,,,,,,,,,,,,,,,,,,,,,,,,,,,,,,,,,,,,,,,,,,,,,,,,,,,,,,,,,,,,,,
Product_15d50188-9c1a-4caa-b554-340dcbd4be8c,PRODUCT,Pierre roulée - Cornaline,true,"<p><span style=""color: rgb(0, 0, 0)"">Avec ses magnifiques nuances orangées, la cornaline est une pierre associée à la vitalité, à la confiance en soi et à la créativité. Reliée au chakra sacré et au plexus solaire, elle est traditionnellement utilisée pour stimuler l'énergie, renforcer la motivation et encourager le passage à l'action.</span></p><p><span style=""color: rgb(0, 0, 0)"">Chaque pierre est unique : ses teintes, ses motifs et ses reflets naturels peuvent varier légèrement d'un exemplaire à l'autre.</span></p><p><span style=""font-weight: 700"">Bienfaits émotionnels et psychologiques</span></p><ul><li><p><span style=""color: rgb(0, 0, 0)"">Stimule la motivation et aide à retrouver de l'énergie au quotidien.</span></p></li><li><p><span style=""color: rgb(0, 0, 0)"">Renforce la confiance en soi, l'assurance et le charisme.</span></p></li><li><p><span style=""color: rgb(0, 0, 0)"">Favorise le courage et aide à dépasser la timidité.</span></p></li><li><p><span style=""color: rgb(0, 0, 0)"">Apaise les émotions négatives, la colère et les frustrations.</span></p></li><li><p><span style=""color: rgb(0, 0, 0)"">Encourage la créativité, l'inspiration et l'expression personnelle.</span></p></li></ul><p><span style=""font-weight: 700"">Bienfaits physiques traditionnellement associés</span></p><ul><li><p><span style=""color: rgb(0, 0, 0)"">Aide à lutter contre la fatigue et soutient la vitalité physique.</span></p></li><li><p><span style=""color: rgb(0, 0, 0)"">Traditionnellement associée au bien-être féminin et au soulagement des douleurs menstruelles.</span></p></li><li><p><span style=""color: rgb(0, 0, 0)"">Favorise le bon fonctionnement du système circulatoire.</span></p></li><li><p><span style=""color: rgb(0, 0, 0)"">Contribue à la récupération et à la cicatrisation.</span></p></li></ul><p><span style=""font-weight: 700"">Entretien de la pierre</span></p><p><span style=""font-weight: 700; color: rgb(0, 0, 0)"">Purification :</span><span style=""color: rgb(0, 0, 0)""> passez la pierre sous l'eau claire ou purifiez-la à l'aide de fumigation.</span></p><p><span style=""font-weight: 700; color: rgb(0, 0, 0)"">Rechargement :</span><span style=""color: rgb(0, 0, 0)""> exposez-la quelques heures à la lumière du soleil matinal ou déposez-la sur un amas de quartz.</span></p><p><span style=""font-weight: 700"">Caractéristiques</span></p><ul><li><p><span style=""color: rgb(0, 0, 0)"">Pierre : Cornaline</span></p></li><li><p><span style=""color: rgb(0, 0, 0)"">Origine : Brésil</span></p></li><li><p><span style=""color: rgb(0, 0, 0)"">Qualité : AA (très élevée)</span></p></li><li><p><span style=""color: rgb(0, 0, 0)"">Couleur : orange</span></p></li><li><p><span style=""color: rgb(0, 0, 0)"">Dimensions : entre 30 et 40 mm (la taille peut varier de 27 à 43 mm)</span></p></li><li><p><span style=""color: rgb(0, 0, 0)"">Pierre naturelle, chaque exemplaire est unique</span></p></li></ul><p><em><span style=""color: rgb(0, 0, 0)"">Les propriétés attribuées aux pierres en lithothérapie sont issues de traditions et de croyances populaires. Elles ne remplacent en aucun cas un avis médical ou un traitement prescrit par un professionnel de santé.</span></em></p>",ésotérique;pierres-roulées,ésotérique,,,,,7,,,,,,1.07,7,false,,,,,,,,,,,,,,,,,,,,,,,,,,,,,,,,,,,,,,,,,,,,,,,,,,,,,,,,,,,,,,,,,,,,,,,,,,,,,
Product_15d50188-9c1a-4caa-b554-340dcbd4be8c,MEDIA,,,,,,5bdc9f_69f4ec3543c6449fa7e0b21af24ebd4c~mv2.jpg,,,,,,,,,,,,,,,,,,,,,,,,,,,,,,,,,,,,,,,,,,,,,,,,,,,,,,,,,,,,,,,,,,,,,,,,,,,,,,,,,,,,,,,,,
Product_988dc02f-355d-4914-9799-a07bda3e890f,PRODUCT,Pierre roulée - Pyrite,true,"<p><span style=""color: rgb(0, 0, 0)"">Avec ses magnifiques reflets dorés, la pyrite est une pierre traditionnellement associée à la vitalité, à la confiance en soi et à la clarté mentale. Surnommée « l'or des fous », elle est appréciée pour son éclat unique et pour l'énergie positive qu'elle symbolise.</span></p><p><span style=""color: rgb(0, 0, 0)"">Chaque pierre est unique : sa forme, ses nuances et ses reflets naturels peuvent varier d'un exemplaire à l'autre.</span></p><p><span style=""font-weight: 700"">Bienfaits émotionnels et psychologiques</span></p><ul><li><p><span style=""color: rgb(0, 0, 0)"">Favorise la concentration et aide à structurer les pensées.</span></p></li><li><p><span style=""color: rgb(0, 0, 0)"">Renforce la confiance en soi et l'estime personnelle.</span></p></li><li><p><span style=""color: rgb(0, 0, 0)"">Encourage le courage et la motivation.</span></p></li><li><p><span style=""color: rgb(0, 0, 0)"">Aide à développer la clarté mentale et la prise de décision.</span></p></li><li><p><span style=""color: rgb(0, 0, 0)"">Traditionnellement utilisée comme pierre de protection contre les énergies négatives.</span></p></li></ul><p><span style=""font-weight: 700"">Bienfaits physiques traditionnellement associés</span></p><ul><li><p><span style=""color: rgb(0, 0, 0)"">Contribue à retrouver de l'énergie et à lutter contre la fatigue.</span></p></li><li><p><span style=""color: rgb(0, 0, 0)"">Soutient la vitalité et le dynamisme au quotidien.</span></p></li><li><p><span style=""color: rgb(0, 0, 0)"">Traditionnellement associée à la mémoire et aux capacités intellectuelles.</span></p></li><li><p><span style=""color: rgb(0, 0, 0)"">Favorise une sensation générale de force et d'équilibre.</span></p></li></ul><p><span style=""font-weight: 700"">Entretien de la pierre</span></p><p><span style=""font-weight: 700; color: rgb(0, 0, 0)"">Purification :</span><span style=""color: rgb(0, 0, 0)""> évitez de laisser la pyrite tremper dans l'eau pendant une longue période. Privilégiez la fumigation ou un nettoyage délicat avec un chiffon sec.</span></p><p><span style=""font-weight: 700; color: rgb(0, 0, 0)"">Rechargement :</span><span style=""color: rgb(0, 0, 0)""> exposez-la à la lumière du soleil matinal ou déposez-la sur un amas de quartz pendant quelques heures.</span></p><p><span style=""font-weight: 700"">Caractéristiques</span></p><ul><li><p><span style=""color: rgb(0, 0, 0)"">Pierre : Pyrite</span></p></li><li><p><span style=""color: rgb(0, 0, 0)"">Origine : Pérou</span></p></li><li><p><span style=""color: rgb(0, 0, 0)"">Qualité : A (bonne qualité)</span></p></li><li><p><span style=""color: rgb(0, 0, 0)"">Couleur : doré</span></p></li><li><p><span style=""color: rgb(0, 0, 0)"">Dimensions : entre 20 et 30 mm (la taille peut varier de 17 à 33 mm)</span></p></li><li><p><span style=""color: rgb(0, 0, 0)"">Pierre naturelle, chaque exemplaire est unique</span></p></li></ul><p><em><span style=""color: rgb(0, 0, 0)"">Les propriétés attribuées aux pierres en lithothérapie sont issues de traditions et de croyances populaires. Elles ne remplacent en aucun cas un avis médical ou un traitement prescrit par un professionnel de santé.</span></em></p>",ésotérique;pierres-roulées,ésotérique,,,,,6.5,,,,,,1.1,9,false,,,,,,,,,,,,,,,,,,,,,,,,,,,,,,,,,,,,,,,,,,,,,,,,,,,,,,,,,,,,,,,,,,,,,,,,,,,,,
Product_988dc02f-355d-4914-9799-a07bda3e890f,MEDIA,,,,,,5bdc9f_616b5153b5074a64ba8a86446d72dce5~mv2.jpg,,,,,,,,,,,,,,,,,,,,,,,,,,,,,,,,,,,,,,,,,,,,,,,,,,,,,,,,,,,,,,,,,,,,,,,,,,,,,,,,,,,,,,,,,
Product_cf10844e-29ba-4c06-bab2-1bb545877bf7,PRODUCT,Pierre roulée - Agate du Botswana,true,"<p><span style=""color: rgb(0, 0, 0)"">Avec ses délicates nuances de gris, de beige, de brun et parfois de rosé, l'agate du Botswana est une pierre réputée pour ses propriétés d'apaisement et d'ancrage. Douce et réconfortante, elle accompagne les périodes de stress, aide à retrouver un équilibre émotionnel et invite à aborder le quotidien avec davantage de sérénité.</span></p><p><span style=""color: rgb(0, 0, 0)"">Chaque pierre est unique : ses motifs rubanés naturels et ses couleurs peuvent varier légèrement d'une pièce à l'autre.</span></p><p><span style=""font-weight: 700"">Bienfaits émotionnels et psychologiques</span></p><ul><li><p><span style=""color: rgb(0, 0, 0)"">Aide à apaiser le stress et les tensions émotionnelles.</span></p></li><li><p><span style=""color: rgb(0, 0, 0)"">Favorise l'ancrage et le retour au moment présent.</span></p></li><li><p><span style=""color: rgb(0, 0, 0)"">Encourage la confiance en soi et le dialogue sincère.</span></p></li><li><p><span style=""color: rgb(0, 0, 0)"">Aide à dissiper les pensées négatives et les peurs profondes.</span></p></li></ul><p><span style=""font-weight: 700"">Bienfaits physiques traditionnellement associés</span></p><ul><li><p><span style=""color: rgb(0, 0, 0)"">Contribue à la détente musculaire, notamment au niveau du cou, de la mâchoire et du dos.</span></p></li><li><p><span style=""color: rgb(0, 0, 0)"">Aide à retrouver de l'énergie et à lutter contre la fatigue.</span></p></li><li><p><span style=""color: rgb(0, 0, 0)"">Favorise un sommeil plus réparateur.</span></p></li><li><p><span style=""color: rgb(0, 0, 0)"">Soutient naturellement les processus d'élimination de l'organisme.</span></p></li></ul><p><span style=""font-weight: 700"">Entretien de la pierre</span></p><p><span style=""font-weight: 700; color: rgb(0, 0, 0)"">Purification :</span><span style=""color: rgb(0, 0, 0)""> passez brièvement la pierre sous l'eau claire ou utilisez la fumée d'encens ou de sauge.</span></p><p><span style=""font-weight: 700; color: rgb(0, 0, 0)"">Rechargement :</span><span style=""color: rgb(0, 0, 0)""> exposez-la à la lumière de la lune, au soleil du matin ou déposez-la sur un amas de quartz.</span></p><p><span style=""font-weight: 700; color: rgb(0, 0, 0)"">Caractéristiques :</span></p><ul><li><p><span style=""color: rgb(0, 0, 0)"">Pierre : Agate du Botswana</span></p></li><li><p><span style=""color: rgb(0, 0, 0)"">Origine : Botswana</span></p></li><li><p><span style=""color: rgb(0, 0, 0)"">Qualité : A</span></p></li><li><p><span style=""color: rgb(0, 0, 0)"">Couleurs : beige, gris et rouge</span></p></li><li><p><span style=""color: rgb(0, 0, 0)"">Dimensions : entre 20 et 30 mm (peuvent varier de 17 à 33 mm)</span></p></li><li><p><span style=""color: rgb(0, 0, 0)"">Origine naturelle, chaque pierre est unique</span></p></li></ul><p><em><span style=""color: rgb(0, 0, 0)"">Les propriétés attribuées aux minéraux sont issues de traditions et de croyances populaires. Elles ne remplacent en aucun cas un avis médical ou un traitement prescrit par un professionnel de santé.</span></em></p>",ésotérique;pierres-roulées,ésotérique,,,,,3.5,,,,,,0.55,17,false,,,,,,,,,,,,,,,,,,,,,,,,,,,,,,,,,,,,,,,,,,,,,,,,,,,,,,,,,,,,,,,,,,,,,,,,,,,,,
Product_cf10844e-29ba-4c06-bab2-1bb545877bf7,MEDIA,,,,,,5bdc9f_a4907e51fdf6445c8754a36eb01dd10f~mv2.jpg,,,,,,,,,,,,,,,,,,,,,,,,,,,,,,,,,,,,,,,,,,,,,,,,,,,,,,,,,,,,,,,,,,,,,,,,,,,,,,,,,,,,,,,,,
Product_70c8a366-2435-4422-b9e4-c12283fc1222,PRODUCT,Palo Santo,true,"<p><span style=""color: rgb(0, 0, 0)"">Originaire du Pérou, le </span><span style=""font-weight: 700; color: rgb(0, 0, 0)"">Palo Santo</span><span style=""color: rgb(0, 0, 0)""> (</span><em><span style=""color: rgb(0, 0, 0)"">Bursera graveolens</span></em><span style=""color: rgb(0, 0, 0)"">) est apprécié pour son parfum boisé, doux et légèrement citronné. Utilisé depuis des générations, il permet de créer une atmosphère chaleureuse et réconfortante, idéale pour accompagner vos moments de détente, de méditation ou simplement pour parfumer délicatement votre intérieur.</span></p><p><span style=""font-weight: 700; color: rgb(0, 0, 0)"">Caractéristiques :</span></p><ul><li><p><span style=""color: rgb(0, 0, 0)"">Essence de bois : </span><em><span style=""color: rgb(0, 0, 0)"">Bursera graveolens</span></em></p></li><li><p><span style=""color: rgb(0, 0, 0)"">Origine : Pérou</span></p></li><li><p><span style=""color: rgb(0, 0, 0)"">Qualité : A (bonne qualité)</span></p></li><li><p><span style=""color: rgb(0, 0, 0)"">Taille : entre 90 et 110 mm</span></p></li></ul><p><span style=""font-weight: 700; color: rgb(0, 0, 0)"">Conseils d'utilisation :</span></p><p><span style=""color: rgb(0, 0, 0)"">Allumez l'extrémité d'un bâtonnet pendant quelques secondes, puis soufflez délicatement la flamme afin de laisser la fumée se diffuser dans la pièce. Déposez-le ensuite sur un support résistant à la chaleur.</span></p><p><em><span style=""color: rgb(0, 0, 0)"">Chaque morceau étant issu d'un matériau naturel, sa forme, sa couleur et sa taille peuvent légèrement varier. Les photos sont non contractuelles.</span></em></p><p><span style=""font-weight: 700; color: rgb(0, 0, 0)"">Précautions d'emploi :</span></p><p><span style=""color: rgb(0, 0, 0)"">Ne jamais laisser brûler sans surveillance. Utiliser dans une pièce bien ventilée et tenir hors de portée des enfants et des animaux.</span></p>",ésotérique;encens;sauge,ésotérique,,,,,0.8,,,,,,0.26,32,false,,,,,,,,,,,,,,,,,,,,,,,,,,,,,,,,,,,,,,,,,,,,,,,,,,,,,,,,,,,,,,,,,,,,,,,,,,,,,
Product_70c8a366-2435-4422-b9e4-c12283fc1222,MEDIA,,,,,,5bdc9f_8a4ca07cd91f42068b3346524a567278~mv2.jpg,,,,,,,,,,,,,,,,,,,,,,,,,,,,,,,,,,,,,,,,,,,,,,,,,,,,,,,,,,,,,,,,,,,,,,,,,,,,,,,,,,,,,,,,,
Product_1252e539-7184-4152-96bf-0736ad846619,PRODUCT,Pierre roulée - Labradorite,true,"<p><span style=""color: rgb(0, 0, 0)"">Avec ses magnifiques reflets bleutés et irisés, la labradorite est une pierre traditionnellement associée à la protection, à l'équilibre émotionnel et au renouveau énergétique. Appréciée pour sa beauté unique, elle est souvent considérée comme une pierre de soutien pour les personnes sensibles ou celles qui prennent soin des autres au quotidien.</span></p><p><span style=""color: rgb(0, 0, 0)"">Chaque pierre est unique : ses nuances de gris, de bleu et ses reflets naturels varient d'un exemplaire à l'autre.</span></p><p><span style=""font-weight: 700"">Bienfaits émotionnels et psychologiques</span></p><ul><li><p><span style=""color: rgb(0, 0, 0)"">Traditionnellement utilisée comme bouclier contre les énergies négatives.</span></p></li><li><p><span style=""color: rgb(0, 0, 0)"">Aide à apaiser le stress, les peurs et les pensées envahissantes.</span></p></li><li><p><span style=""color: rgb(0, 0, 0)"">Favorise la paix intérieure et l'équilibre émotionnel.</span></p></li><li><p><span style=""color: rgb(0, 0, 0)"">Contribue à améliorer la concentration et la clarté d'esprit.</span></p></li><li><p><span style=""color: rgb(0, 0, 0)"">Encourage l'intuition, la créativité et l'ouverture d'esprit.</span></p></li></ul><p><span style=""font-weight: 700"">Bienfaits physiques et énergétiques traditionnellement associés</span></p><ul><li><p><span style=""color: rgb(0, 0, 0)"">Aide à lutter contre la fatigue physique et mentale.</span></p></li><li><p><span style=""color: rgb(0, 0, 0)"">Soutient la vitalité et aide à retrouver de l'énergie.</span></p></li><li><p><span style=""color: rgb(0, 0, 0)"">Particulièrement appréciée par les personnes exerçant des métiers tournés vers les autres.</span></p></li><li><p><span style=""color: rgb(0, 0, 0)"">Contribue à retrouver une sensation d'équilibre et de bien-être général.</span></p></li></ul><p><span style=""font-weight: 700"">Entretien de la pierre</span></p><p><span style=""font-weight: 700; color: rgb(0, 0, 0)"">Purification :</span><span style=""color: rgb(0, 0, 0)""> passez la pierre sous l'eau claire ou purifiez-la à l'aide de fumigation.</span></p><p><span style=""font-weight: 700; color: rgb(0, 0, 0)"">Rechargement :</span><span style=""color: rgb(0, 0, 0)""> privilégiez la lumière de la lune ou déposez-la sur un amas de quartz.</span></p><p><span style=""font-weight: 700"">Caractéristiques</span></p><ul><li><p><span style=""color: rgb(0, 0, 0)"">Pierre : Labradorite</span></p></li><li><p><span style=""color: rgb(0, 0, 0)"">Origine : Madagascar</span></p></li><li><p><span style=""color: rgb(0, 0, 0)"">Qualité : A (bonne qualité)</span></p></li><li><p><span style=""color: rgb(0, 0, 0)"">Couleurs : gris, bleu et reflets irisés</span></p></li><li><p><span style=""color: rgb(0, 0, 0)"">Dimensions : entre 20 et 40 mm (la taille peut varier de 17 à 43 mm)</span></p></li><li><p><span style=""color: rgb(0, 0, 0)"">Pierre naturelle, chaque exemplaire est unique</span></p></li></ul><p><em><span style=""color: rgb(0, 0, 0)"">Les propriétés attribuées aux pierres en lithothérapie sont issues de traditions et de croyances populaires. Elles ne remplacent en aucun cas un avis médical ou un traitement prescrit par un professionnel de santé.</span></em></p>",ésotérique;pierres-roulées,ésotérique,,,,,4.5,,,,,,0.53,13,false,,,,,,,,,,,,,,,,,,,,,,,,,,,,,,,,,,,,,,,,,,,,,,,,,,,,,,,,,,,,,,,,,,,,,,,,,,,,,
Product_1252e539-7184-4152-96bf-0736ad846619,MEDIA,,,,,,5bdc9f_2bf0031fff634451a87a72af7902eec6~mv2.jpg,,,,,,,,,,,,,,,,,,,,,,,,,,,,,,,,,,,,,,,,,,,,,,,,,,,,,,,,,,,,,,,,,,,,,,,,,,,,,,,,,,,,,,,,,
Product_8c500122-f764-4243-9189-633a86265f5d,PRODUCT,Pierre roulée - Œil de Tigre,true,"<p><span style=""color: rgb(0, 0, 0)"">Avec ses magnifiques reflets dorés, bruns et orangés, l'œil de tigre est une pierre traditionnellement associée à la protection, à la confiance en soi et à l'équilibre émotionnel. Appréciée depuis des siècles, elle est souvent considérée comme une pierre de courage, aidant à avancer avec assurance et sérénité.</span></p><p><span style=""color: rgb(0, 0, 0)"">Chaque pierre est unique : ses nuances et ses reflets naturels varient d'un exemplaire à l'autre.</span></p><p><span style=""font-weight: 700"">Bienfaits émotionnels et psychologiques</span></p><ul><li><p><span style=""color: rgb(0, 0, 0)"">Renforce la confiance en soi et l'estime personnelle.</span></p></li><li><p><span style=""color: rgb(0, 0, 0)"">Aide à dépasser les peurs, la timidité et les blocages.</span></p></li><li><p><span style=""color: rgb(0, 0, 0)"">Favorise le courage et la prise de décision.</span></p></li><li><p><span style=""color: rgb(0, 0, 0)"">Contribue à stabiliser les émotions et à réduire le stress du quotidien.</span></p></li><li><p><span style=""color: rgb(0, 0, 0)"">Encourage la motivation et la persévérance.</span></p></li></ul><p><span style=""font-weight: 700"">Bienfaits énergétiques traditionnellement associés</span></p><ul><li><p><span style=""color: rgb(0, 0, 0)"">Traditionnellement utilisée comme pierre de protection.</span></p></li><li><p><span style=""color: rgb(0, 0, 0)"">Agit comme un bouclier symbolique contre les énergies négatives.</span></p></li><li><p><span style=""color: rgb(0, 0, 0)"">Aide à se préserver des influences extérieures et des mauvaises intentions.</span></p></li><li><p><span style=""color: rgb(0, 0, 0)"">Favorise l'ancrage et le retour à l'équilibre intérieur.</span></p></li></ul><p><span style=""font-weight: 700"">Entretien de la pierre</span></p><p><span style=""font-weight: 700; color: rgb(0, 0, 0)"">Purification :</span><span style=""color: rgb(0, 0, 0)""> passez la pierre sous l'eau claire ou purifiez-la à l'aide de fumigation.</span></p><p><span style=""font-weight: 700; color: rgb(0, 0, 0)"">Rechargement :</span><span style=""color: rgb(0, 0, 0)""> exposez-la à la lumière du soleil matinal ou de la lune, ou déposez-la sur un amas de quartz.</span></p><p><span style=""font-weight: 700"">Caractéristiques</span></p><ul><li><p><span style=""color: rgb(0, 0, 0)"">Pierre : Œil de tigre</span></p></li><li><p><span style=""color: rgb(0, 0, 0)"">Origine : Afrique du Sud</span></p></li><li><p><span style=""color: rgb(0, 0, 0)"">Qualité : A (bonne qualité)</span></p></li><li><p><span style=""color: rgb(0, 0, 0)"">Couleurs : doré, marron, noir et orange</span></p></li><li><p><span style=""color: rgb(0, 0, 0)"">Dimensions : entre 20 et 30 mm (la taille peut varier de 17 à 33 mm)</span></p></li><li><p><span style=""color: rgb(0, 0, 0)"">Pierre naturelle, chaque exemplaire est unique</span></p></li></ul><p><em><span style=""color: rgb(0, 0, 0)"">Les propriétés attribuées aux pierres en lithothérapie sont issues de traditions et de croyances populaires. Elles ne remplacent en aucun cas un avis médical ou un traitement prescrit par un professionnel de santé.</span></em></p>",ésotérique;pierres-roulées,ésotérique,,,,,4,,,,,,0.62,12,false,,,,,,,,,,,,,,,,,,,,,,,,,,,,,,,,,,,,,,,,,,,,,,,,,,,,,,,,,,,,,,,,,,,,,,,,,,,,,
Product_8c500122-f764-4243-9189-633a86265f5d,MEDIA,,,,,,5bdc9f_98c4585ed9b54c69befe23ac995e6e2b~mv2.jpg,,,,,,,,,,,,,,,,,,,,,,,,,,,,,,,,,,,,,,,,,,,,,,,,,,,,,,,,,,,,,,,,,,,,,,,,,,,,,,,,,,,,,,,,,
Product_569578dc-4d76-4f6a-9042-5ee0745a4bec,PRODUCT,Sauge Blanche avec Cannelle,true,"<p><span style=""color: rgb(0, 0, 0)"">Combinant la sauge blanche de Californie et la cannelle, ce bouquet de fumigation diffuse un parfum chaud, épicé et réconfortant. Idéal pour créer une atmosphère cocooning, il accompagne parfaitement vos moments de détente, de méditation ou vos petits rituels du quotidien.</span></p><p><span style=""color: rgb(0, 0, 0)"">Chaque bouquet mesure environ </span><span style=""font-weight: 700; color: rgb(0, 0, 0)"">10 cm</span><span style=""color: rgb(0, 0, 0)""> et associe les notes végétales de la sauge à la douceur épicée de la cannelle, pour une ambiance chaleureuse et enveloppante.</span></p><p><span style=""font-weight: 700; color: rgb(0, 0, 0)"">Caractéristiques :</span></p><ul><li><p><span style=""color: rgb(0, 0, 0)"">Sauge blanche de Californie et cannelle</span></p></li><li><p><span style=""color: rgb(0, 0, 0)"">Format : bouquet</span></p></li><li><p><span style=""color: rgb(0, 0, 0)"">Taille : environ 10 cm</span></p></li><li><p><span style=""color: rgb(0, 0, 0)"">Utilisation : fumigation et senteurs</span></p></li></ul><p><span style=""font-weight: 700; color: rgb(0, 0, 0)"">Conseils d'utilisation :</span></p><p><span style=""color: rgb(0, 0, 0)"">Allumez délicatement l'extrémité du bouquet, laissez-le brûler quelques secondes puis soufflez la flamme afin de diffuser la fumée dans la pièce. Utilisez toujours un support adapté et ne laissez jamais le bouquet se consumer sans surveillance.</span></p><p><em><span style=""color: rgb(0, 0, 0)"">Les photos sont non contractuelles. Chaque bouquet étant composé de végétaux naturels, sa forme, sa couleur et son aspect peuvent légèrement varier.</span></em></p>",ésotérique;sauge,ésotérique,,,,,9.9,,,,,,2.21,3,false,,,,,,,,,,,,,,,,,,,,,,,,,,,,,,,,,,,,,,,,,,,,,,,,,,,,,,,,,,,,,,,,,,,,,,,,,,,,,
Product_569578dc-4d76-4f6a-9042-5ee0745a4bec,MEDIA,,,,,,5bdc9f_86fcd255872144be97fbf0379179c299~mv2.jpg,,,,,,,,,,,,,,,,,,,,,,,,,,,,,,,,,,,,,,,,,,,,,,,,,,,,,,,,,,,,,,,,,,,,,,,,,,,,,,,,,,,,,,,,,
Product_9cc8e69a-4035-4380-ab73-a6bc25a49c6c,PRODUCT,Sauge Blanche avec Cèdre et Fleur de Paille,true,"<p><span style=""color: rgb(0, 0, 0)"">Ce bouquet associe la sauge blanche, le cèdre et la fleur de paille pour créer une senteur à la fois boisée, douce et chaleureuse. Son parfum naturel apporte une touche réconfortante à votre intérieur et accompagne parfaitement vos moments de calme, de méditation ou vos rituels bien-être.</span></p><p><span style=""color: rgb(0, 0, 0)"">Chaque bouquet mesure environ </span><span style=""font-weight: 700; color: rgb(0, 0, 0)"">10 cm</span><span style=""color: rgb(0, 0, 0)""> et marie les notes fraîches de la sauge aux arômes boisés du cèdre et à la délicatesse de la fleur de paille.</span></p><p><span style=""font-weight: 700; color: rgb(0, 0, 0)"">Caractéristiques :</span></p><ul><li><p><span style=""color: rgb(0, 0, 0)"">Sauge blanche, cèdre et fleur de paille</span></p></li><li><p><span style=""color: rgb(0, 0, 0)"">Format : bouquet</span></p></li><li><p><span style=""color: rgb(0, 0, 0)"">Taille : environ 10 cm</span></p></li><li><p><span style=""color: rgb(0, 0, 0)"">Utilisation : fumigation et senteurs</span></p></li></ul><p><span style=""font-weight: 700; color: rgb(0, 0, 0)"">Conseils d'utilisation :</span></p><p><span style=""color: rgb(0, 0, 0)"">Allumez délicatement l'extrémité du bouquet, laissez-le brûler quelques secondes puis soufflez la flamme afin de diffuser la fumée dans la pièce. Utilisez toujours un support adapté et ne laissez jamais le bouquet se consumer sans surveillance.</span></p><p><em><span style=""color: rgb(0, 0, 0)"">Les photos sont non contractuelles. Chaque bouquet étant composé de végétaux naturels, sa forme, sa couleur et son aspect peuvent légèrement varier.</span></em></p>",ésotérique;sauge,ésotérique,,,,,9.9,,,,,,2.21,3,false,,,,,,,,,,,,,,,,,,,,,,,,,,,,,,,,,,,,,,,,,,,,,,,,,,,,,,,,,,,,,,,,,,,,,,,,,,,,,
Product_9cc8e69a-4035-4380-ab73-a6bc25a49c6c,MEDIA,,,,,,5bdc9f_7983d0df44654adc8af9c09cd0d49d31~mv2.jpg,,,,,,,,,,,,,,,,,,,,,,,,,,,,,,,,,,,,,,,,,,,,,,,,,,,,,,,,,,,,,,,,,,,,,,,,,,,,,,,,,,,,,,,,,
Product_ea57d8f0-656b-4598-87b9-e2f52ac8e5f7,PRODUCT,Sauge Blanche avec Lavande,true,"<p><span style=""color: rgb(0, 0, 0)"">Associant la sauge blanche à la douceur florale de la lavande, ce bouquet de fumigation diffuse un parfum délicat et apaisant, idéal pour créer une atmosphère calme et chaleureuse dans votre intérieur.</span></p><p><span style=""color: rgb(0, 0, 0)"">Parfait pour accompagner un moment de détente, une séance de méditation ou simplement pour instaurer une ambiance cocooning, il apporte une touche naturelle et réconfortante à votre quotidien.</span></p><p><span style=""color: rgb(0, 0, 0)"">Chaque bouquet mesure environ </span><span style=""font-weight: 700; color: rgb(0, 0, 0)"">10 cm</span><span style=""color: rgb(0, 0, 0)""> et allie les notes végétales de la sauge aux senteurs fraîches et florales de la lavande.</span></p><p><span style=""font-weight: 700; color: rgb(0, 0, 0)"">Caractéristiques :</span></p><ul><li><p><span style=""color: rgb(0, 0, 0)"">Sauge blanche et lavande</span></p></li><li><p><span style=""color: rgb(0, 0, 0)"">Format : bouquet</span></p></li><li><p><span style=""color: rgb(0, 0, 0)"">Taille : environ 10 cm</span></p></li><li><p><span style=""color: rgb(0, 0, 0)"">Utilisation : fumigation et senteurs</span></p></li></ul><p><span style=""font-weight: 700; color: rgb(0, 0, 0)"">Conseils d'utilisation :</span></p><p><span style=""color: rgb(0, 0, 0)"">Allumez délicatement l'extrémité du bouquet, laissez-le brûler quelques secondes puis soufflez la flamme afin de laisser la fumée se diffuser dans la pièce. Utilisez toujours un support adapté et ne laissez jamais le bouquet se consumer sans surveillance.</span></p><p><em><span style=""color: rgb(0, 0, 0)"">Les photos sont non contractuelles. Chaque bouquet étant composé de végétaux naturels, sa forme, sa couleur et son aspect peuvent légèrement varier.</span></em></p>",ésotérique;sauge,ésotérique,,,,,9.9,,,,,,2.21,3,false,,,,,,,,,,,,,,,,,,,,,,,,,,,,,,,,,,,,,,,,,,,,,,,,,,,,,,,,,,,,,,,,,,,,,,,,,,,,,
Product_ea57d8f0-656b-4598-87b9-e2f52ac8e5f7,MEDIA,,,,,,5bdc9f_19582c0b0a9c4830ab005bd4640405b1~mv2.jpg,,,,,,,,,,,,,,,,,,,,,,,,,,,,,,,,,,,,,,,,,,,,,,,,,,,,,,,,,,,,,,,,,,,,,,,,,,,,,,,,,,,,,,,,,
Product_786b005e-5ffe-4ec3-9fe1-8d18ffc242aa,PRODUCT,Pierre roulée - Pierre de Lune,true,"<p><span style=""color: rgb(0, 0, 0)"">Avec ses délicats reflets nacrés et ses nuances beiges et marron, la pierre de lune est traditionnellement associée à la douceur, à l'intuition et à l'équilibre émotionnel. Symbole de féminité et de sensibilité, elle accompagne les périodes de changement et invite à retrouver calme et harmonie intérieure.</span></p><p><span style=""color: rgb(0, 0, 0)"">Chaque pierre est unique : ses reflets et ses variations naturelles rendent chaque exemplaire différent.</span></p><p><span style=""font-weight: 700"">Bienfaits émotionnels et psychologiques</span></p><ul><li><p><span style=""color: rgb(0, 0, 0)"">Aide à apaiser le stress et les émotions intenses.</span></p></li><li><p><span style=""color: rgb(0, 0, 0)"">Favorise l'équilibre émotionnel et la sérénité.</span></p></li><li><p><span style=""color: rgb(0, 0, 0)"">Stimule l'intuition, la créativité et l'empathie.</span></p></li><li><p><span style=""color: rgb(0, 0, 0)"">Encourage la tolérance et l'harmonie dans les relations.</span></p></li><li><p><span style=""color: rgb(0, 0, 0)"">Accompagne les périodes de transformation et de renouveau.</span></p></li></ul><p><span style=""font-weight: 700"">Bienfaits physiques traditionnellement associés</span></p><ul><li><p><span style=""color: rgb(0, 0, 0)"">Traditionnellement liée au bien-être féminin et à l'équilibre hormonal.</span></p></li><li><p><span style=""color: rgb(0, 0, 0)"">Réputée pour accompagner les cycles menstruels et soulager les inconforts associés.</span></p></li><li><p><span style=""color: rgb(0, 0, 0)"">Associée à la fertilité et à la protection pendant la grossesse.</span></p></li><li><p><span style=""color: rgb(0, 0, 0)"">Favorise la détente et un sommeil plus réparateur.</span></p></li><li><p><span style=""color: rgb(0, 0, 0)"">Contribue au bien-être général et à une digestion harmonieuse.</span></p></li></ul><p><span style=""font-weight: 700"">Entretien de la pierre</span></p><p><span style=""font-weight: 700; color: rgb(0, 0, 0)"">Purification :</span><span style=""color: rgb(0, 0, 0)""> passez la pierre sous l'eau claire ou purifiez-la à l'aide de fumigation.</span></p><p><span style=""font-weight: 700; color: rgb(0, 0, 0)"">Rechargement :</span><span style=""color: rgb(0, 0, 0)""> privilégiez la lumière douce de la lune ou déposez-la sur un amas de quartz. Évitez une exposition prolongée au soleil, qui pourrait altérer ses reflets.</span></p><p><span style=""font-weight: 700"">Caractéristiques</span></p><ul><li><p><span style=""color: rgb(0, 0, 0)"">Pierre : Pierre de lune beige</span></p></li><li><p><span style=""color: rgb(0, 0, 0)"">Origine : Inde</span></p></li><li><p><span style=""color: rgb(0, 0, 0)"">Qualité : AA (très élevée)</span></p></li><li><p><span style=""color: rgb(0, 0, 0)"">Couleurs : beige, marron et reflets nacrés</span></p></li><li><p><span style=""color: rgb(0, 0, 0)"">Dimensions : entre 40 et 60 mm (la taille peut varier de 37 à 63 mm)</span></p></li><li><p><span style=""color: rgb(0, 0, 0)"">Pierre naturelle, chaque exemplaire est unique</span></p></li></ul><p><em><span style=""color: rgb(0, 0, 0)"">Les propriétés attribuées aux pierres en lithothérapie sont issues de traditions et de croyances populaires. Elles ne remplacent en aucun cas un avis médical ou un traitement prescrit par un professionnel de santé.</span></em></p>",ésotérique;pierres-roulées,ésotérique,,,,,6.5,,,,,,0.98,8,false,,,,,,,,,,,,,,,,,,,,,,,,,,,,,,,,,,,,,,,,,,,,,,,,,,,,,,,,,,,,,,,,,,,,,,,,,,,,,
Product_786b005e-5ffe-4ec3-9fe1-8d18ffc242aa,MEDIA,,,,,,5bdc9f_7d53bf48151f42d795311e0c9cee73b3~mv2.jpg,,,,,,,,,,,,,,,,,,,,,,,,,,,,,,,,,,,,,,,,,,,,,,,,,,,,,,,,,,,,,,,,,,,,,,,,,,,,,,,,,,,,,,,,,
Product_55ab4b2d-c938-4536-8f90-64b264b0289b,PRODUCT,Pierre roulée - Améthyste,true,"<p><span style=""color: rgb(0, 0, 0)"">Avec ses magnifiques nuances de violet, l'améthyste du Brésil est une pierre associée à la sérénité, à la clarté d'esprit et à l'équilibre émotionnel. Appréciée depuis des siècles, elle est traditionnellement utilisée pour favoriser le calme intérieur, apaiser les tensions et accompagner les moments de repos.</span></p><p><span style=""color: rgb(0, 0, 0)"">Chaque pierre est unique : sa couleur, ses reflets et ses motifs naturels peuvent légèrement varier d'un exemplaire à l'autre.</span></p><p><span style=""font-weight: 700"">Bienfaits émotionnels et psychologiques</span></p><ul><li><p><span style=""color: rgb(0, 0, 0)"">Aide à apaiser le stress, les peurs et les pensées négatives.</span></p></li><li><p><span style=""color: rgb(0, 0, 0)"">Favorise la détente et le calme intérieur.</span></p></li><li><p><span style=""color: rgb(0, 0, 0)"">Contribue à améliorer la concentration et la clarté d'esprit.</span></p></li><li><p><span style=""color: rgb(0, 0, 0)"">Accompagne les moments de méditation et d'introspection.</span></p></li><li><p><span style=""color: rgb(0, 0, 0)"">Traditionnellement associée à un sommeil plus paisible et à la diminution des cauchemars.</span></p></li></ul><p><span style=""font-weight: 700"">Bienfaits physiques traditionnellement associés</span></p><ul><li><p><span style=""color: rgb(0, 0, 0)"">Aide à relâcher les tensions musculaires, notamment au niveau du cou et des épaules.</span></p></li><li><p><span style=""color: rgb(0, 0, 0)"">Contribue à apaiser les maux de tête et les sensations de fatigue.</span></p></li><li><p><span style=""color: rgb(0, 0, 0)"">Traditionnellement liée à la recherche d'équilibre et à la maîtrise des excès.</span></p></li></ul><p><span style=""font-weight: 700"">Entretien de la pierre</span></p><p><span style=""font-weight: 700; color: rgb(0, 0, 0)"">Purification :</span><span style=""color: rgb(0, 0, 0)""> passez brièvement la pierre sous l'eau claire ou purifiez-la à l'aide de fumigation.</span></p><p><span style=""font-weight: 700; color: rgb(0, 0, 0)"">Rechargement :</span><span style=""color: rgb(0, 0, 0)""> privilégiez la lumière de la lune ou déposez-la sur un amas de quartz. Évitez une exposition prolongée au soleil, qui pourrait altérer l'intensité de sa couleur.</span></p><p><span style=""font-weight: 700"">Caractéristiques</span></p><ul><li><p><span style=""color: rgb(0, 0, 0)"">Pierre : Améthyste du Brésil</span></p></li><li><p><span style=""color: rgb(0, 0, 0)"">Origine : Brésil</span></p></li><li><p><span style=""color: rgb(0, 0, 0)"">Qualité : A (bonne qualité)</span></p></li><li><p><span style=""color: rgb(0, 0, 0)"">Couleur : violet</span></p></li><li><p><span style=""color: rgb(0, 0, 0)"">Dimensions : entre 20 et 30 mm (la taille peut varier de 17 à 33 mm)</span></p></li><li><p><span style=""color: rgb(0, 0, 0)"">Pierre naturelle, chaque exemplaire est unique</span></p></li></ul><p><em><span style=""color: rgb(0, 0, 0)"">Les propriétés attribuées aux pierres en lithothérapie sont issues de traditions et de croyances populaires. Elles ne remplacent en aucun cas un avis médical ou un traitement prescrit par un professionnel de santé.</span></em></p>",ésotérique;pierres-roulées,ésotérique,,,,,4.5,,,,,,0.56,14,false,,,,1946753214860,,,,,,,,,,,,,,,,,,,,,,,,,,,,,,,,,,,,,,,,,,,,,,,,,,,,,,,,,,,,,,,,,,,,,,,,,
Product_55ab4b2d-c938-4536-8f90-64b264b0289b,MEDIA,,,,,,5bdc9f_ee565601d2b3452aa1377c698cdb245e~mv2.jpg,,,,,,,,,,,,,,,,,,,,,,,,,,,,,,,,,,,,,,,,,,,,,,,,,,,,,,,,,,,,,,,,,,,,,,,,,,,,,,,,,,,,,,,,,
Product_f87eb1ae-d19b-476d-85de-308db9b70b14,PRODUCT,Bâtonnets - Satya Positive Vibes,true,"<p><span style=""color: rgb(0, 0, 0)"">Diffusez une atmosphère chaleureuse et réconfortante grâce aux bâtons d'encens </span><span style=""font-weight: 700; color: rgb(0, 0, 0)"">Positive Vibes</span><span style=""color: rgb(0, 0, 0)""> de Satya. Leurs notes délicates et enveloppantes sont idéales pour créer une ambiance apaisante, accompagner un moment de détente ou simplement parfumer votre intérieur au quotidien.</span></p><p><span style=""color: rgb(0, 0, 0)"">Chaque bâton offre environ </span><span style=""font-weight: 700; color: rgb(0, 0, 0)"">30 minutes de combustion</span><span style=""color: rgb(0, 0, 0)"">, pour une véritable parenthèse de bien-être et de sérénité.</span></p><p><span style=""color: rgb(0, 0, 0)"">Chaque boîte contient environ </span><span style=""font-weight: 700; color: rgb(0, 0, 0)"">12 bâtons d'encens</span><span style=""color: rgb(0, 0, 0)"">.</span></p><p><span style=""font-weight: 700; color: rgb(0, 0, 0)"">Caractéristiques :</span></p><ul><li><p><span style=""color: rgb(0, 0, 0)"">Senteur : Positive Vibes (ondes positives)</span></p></li><li><p><span style=""color: rgb(0, 0, 0)"">Marque : Satya</span></p></li><li><p><span style=""color: rgb(0, 0, 0)"">Format : bâtons d'encens</span></p></li><li><p><span style=""color: rgb(0, 0, 0)"">Quantité : environ 12 bâtons par boîte</span></p></li><li><p><span style=""color: rgb(0, 0, 0)"">Temps de combustion : environ 30 minutes</span></p></li></ul><p><span style=""font-weight: 700; color: rgb(0, 0, 0)"">Conseils d'utilisation :</span></p><p><span style=""color: rgb(0, 0, 0)"">Placez le bâton dans un porte-encens adapté, allumez son extrémité puis soufflez délicatement la flamme. Laissez le parfum se diffuser dans la pièce et profitez d'un moment de calme et de détente.</span></p><p><em><span style=""color: rgb(0, 0, 0)"">Ne jamais laisser brûler un encens sans surveillance. Utiliser dans une pièce bien ventilée et tenir hors de portée des enfants et des animaux.</span></em></p>",ésotérique;encens;bâtonnets,ésotérique,,,,,2.95,,,,,,0.37,12,false,,,,8904245400101,,,,,,,,,,,,,,,,,,,,,,,,,,,,,,,,,,,,,,,,,,,,,,,,,,,,,,,,,,,,,,,,,,,,,,,,,
Product_f87eb1ae-d19b-476d-85de-308db9b70b14,MEDIA,,,,,,5bdc9f_019faf9368cc459dbffe7153e7563a80~mv2.jpg,,,,,,,,,,,,,,,,,,,,,,,,,,,,,,,,,,,,,,,,,,,,,,,,,,,,,,,,,,,,,,,,,,,,,,,,,,,,,,,,,,,,,,,,,
Product_1fdbbb61-e5bc-42a1-a72e-5ace269fe577,PRODUCT,Bâtonnets - Vanilla,true,"<p><span style=""color: rgb(0, 0, 0)"">Laissez-vous séduire par les notes douces et gourmandes de la </span><span style=""font-weight: 700; color: rgb(0, 0, 0)"">vanille</span><span style=""color: rgb(0, 0, 0)""> avec les bâtons d'encens </span><span style=""font-weight: 700; color: rgb(0, 0, 0)"">Vanilla</span><span style=""color: rgb(0, 0, 0)""> de Satya. Leur parfum chaleureux et réconfortant crée une ambiance cocooning, parfaite pour accompagner vos moments de détente ou apporter une touche de douceur à votre intérieur.</span></p><p><span style=""color: rgb(0, 0, 0)"">Chaque bâton diffuse sa senteur pendant environ </span><span style=""font-weight: 700; color: rgb(0, 0, 0)"">30 minutes</span><span style=""color: rgb(0, 0, 0)"">, transformant votre espace en un véritable havre de paix.</span></p><p><span style=""color: rgb(0, 0, 0)"">Chaque boîte contient environ </span><span style=""font-weight: 700; color: rgb(0, 0, 0)"">12 bâtons d'encens</span><span style=""color: rgb(0, 0, 0)"">.</span></p><p><span style=""font-weight: 700; color: rgb(0, 0, 0)"">Caractéristiques :</span></p><ul><li><p><span style=""color: rgb(0, 0, 0)"">Senteur : Vanille</span></p></li><li><p><span style=""color: rgb(0, 0, 0)"">Marque : Satya</span></p></li><li><p><span style=""color: rgb(0, 0, 0)"">Format : bâtons d'encens</span></p></li><li><p><span style=""color: rgb(0, 0, 0)"">Quantité : environ 12 bâtons par boîte</span></p></li><li><p><span style=""color: rgb(0, 0, 0)"">Temps de combustion : environ 30 minutes</span></p></li></ul><p><span style=""font-weight: 700; color: rgb(0, 0, 0)"">Conseils d'utilisation :</span></p><p><span style=""color: rgb(0, 0, 0)"">Placez le bâton dans un porte-encens adapté, allumez son extrémité puis soufflez délicatement la flamme. Laissez le parfum se diffuser dans la pièce et profitez d'un moment de calme et de bien-être.</span></p><p><em><span style=""color: rgb(0, 0, 0)"">Ne jamais laisser brûler un encens sans surveillance. Utiliser dans une pièce bien ventilée et tenir hors de portée des enfants et des animaux.</span></em></p>",ésotérique;bâtonnets;encens,ésotérique,,,,,2.95,,,,,,0.37,12,false,,,,8904245400323,,,,,,,,,,,,,,,,,,,,,,,,,,,,,,,,,,,,,,,,,,,,,,,,,,,,,,,,,,,,,,,,,,,,,,,,,
Product_1fdbbb61-e5bc-42a1-a72e-5ace269fe577,MEDIA,,,,,,5bdc9f_6593712a3584467d8969146dcb382b84~mv2.jpg,,,,,,,,,,,,,,,,,,,,,,,,,,,,,,,,,,,,,,,,,,,,,,,,,,,,,,,,,,,,,,,,,,,,,,,,,,,,,,,,,,,,,,,,,
Product_a1e63f5b-089c-4316-9015-452fcf83fda5,PRODUCT,Bâtonnets - Meditation,true,"<p><span style=""color: rgb(0, 0, 0)"">Créez une atmosphère douce et apaisante grâce aux bâtons d'encens </span><span style=""font-weight: 700; color: rgb(0, 0, 0)"">Meditation</span><span style=""color: rgb(0, 0, 0)""> de Satya. Leur parfum délicat et enveloppant est idéal pour accompagner vos moments de calme, de relaxation, de méditation ou simplement pour instaurer une ambiance chaleureuse dans votre intérieur.</span></p><p><span style=""color: rgb(0, 0, 0)"">Chaque bâton diffuse sa senteur pendant environ </span><span style=""font-weight: 700; color: rgb(0, 0, 0)"">30 minutes</span><span style=""color: rgb(0, 0, 0)"">, offrant une véritable parenthèse de sérénité au quotidien.</span></p><p><span style=""color: rgb(0, 0, 0)"">Chaque boîte contient environ </span><span style=""font-weight: 700; color: rgb(0, 0, 0)"">12 bâtons d'encens</span><span style=""color: rgb(0, 0, 0)""> (15 g).</span></p><p><span style=""font-weight: 700; color: rgb(0, 0, 0)"">Caractéristiques :</span></p><ul><li><p><span style=""color: rgb(0, 0, 0)"">Senteur : Meditation</span></p></li><li><p><span style=""color: rgb(0, 0, 0)"">Marque : Satya</span></p></li><li><p><span style=""color: rgb(0, 0, 0)"">Format : bâtons d'encens</span></p></li><li><p><span style=""color: rgb(0, 0, 0)"">Quantité : environ 12 bâtons par boîte</span></p></li><li><p><span style=""color: rgb(0, 0, 0)"">Poids : 15 g</span></p></li><li><p><span style=""color: rgb(0, 0, 0)"">Temps de combustion : environ 30 minutes</span></p></li></ul><p><span style=""font-weight: 700; color: rgb(0, 0, 0)"">Conseils d'utilisation :</span></p><p><span style=""color: rgb(0, 0, 0)"">Placez le bâton d'encens dans un porte-encens adapté, allumez son extrémité puis soufflez délicatement la flamme. Laissez le parfum se diffuser dans la pièce et profitez d'un moment de détente.</span></p><p><em><span style=""color: rgb(0, 0, 0)"">Ne jamais laisser brûler un encens sans surveillance. Utiliser dans une pièce bien ventilée et tenir hors de portée des enfants et des animaux.</span></em></p>",ésotérique;bâtonnets;encens,ésotérique,,,,,2.95,,,,,,0.38,12,false,,,,8904245400286,,,,,,,,,,,,,,,,,,,,,,,,,,,,,,,,,,,,,,,,,,,,,,,,,,,,,,,,,,,,,,,,,,,,,,,,,
Product_a1e63f5b-089c-4316-9015-452fcf83fda5,MEDIA,,,,,,5bdc9f_e76142585f9d42c6a69b533c4d1403d0~mv2.jpg,,,,,,,,,,,,,,,,,,,,,,,,,,,,,,,,,,,,,,,,,,,,,,,,,,,,,,,,,,,,,,,,,,,,,,,,,,,,,,,,,,,,,,,,,
Product_6faea713-f149-452f-afab-9a62d75e0db2,PRODUCT,Cônes - Sauge Blanche,true,"<p><span style=""color: rgb(0, 0, 0)"">Retrouvez les notes fraîches, végétales et apaisantes de la </span><span style=""font-weight: 700; color: rgb(0, 0, 0)"">sauge blanche</span><span style=""color: rgb(0, 0, 0)""> avec ces cônes d'encens signés </span><span style=""font-weight: 700; color: rgb(0, 0, 0)"">Satya</span><span style=""color: rgb(0, 0, 0)"">. Leur parfum délicat crée une atmosphère douce et réconfortante, parfaite pour accompagner vos moments de détente, de méditation ou simplement pour parfumer votre intérieur.</span></p><p><span style=""color: rgb(0, 0, 0)"">Faciles à utiliser, ces cônes diffusent leur senteur pendant environ </span><span style=""font-weight: 700; color: rgb(0, 0, 0)"">15 minutes</span><span style=""color: rgb(0, 0, 0)"">, pour une parenthèse de calme au quotidien.</span></p><p><span style=""color: rgb(0, 0, 0)"">Chaque boîte contient </span><span style=""font-weight: 700; color: rgb(0, 0, 0)"">10 cônes d'encens</span><span style=""color: rgb(0, 0, 0)""> ainsi qu'un </span><span style=""font-weight: 700; color: rgb(0, 0, 0)"">petit porte-cône</span><span style=""color: rgb(0, 0, 0)"">.</span></p><p><span style=""font-weight: 700; color: rgb(0, 0, 0)"">Caractéristiques :</span></p><ul><li><p><span style=""color: rgb(0, 0, 0)"">Senteur : Sauge blanche</span></p></li><li><p><span style=""color: rgb(0, 0, 0)"">Marque : Satya</span></p></li><li><p><span style=""color: rgb(0, 0, 0)"">Format : cônes d'encens</span></p></li><li><p><span style=""color: rgb(0, 0, 0)"">Quantité : 10 cônes par boîte</span></p></li><li><p><span style=""color: rgb(0, 0, 0)"">Temps de combustion : environ 15 minutes</span></p></li><li><p><span style=""color: rgb(0, 0, 0)"">Porte-cône inclus</span></p></li></ul><p><span style=""font-weight: 700; color: rgb(0, 0, 0)"">Conseils d'utilisation :</span></p><p><span style=""color: rgb(0, 0, 0)"">Placez le cône sur le porte-cône fourni, allumez son extrémité puis soufflez délicatement la flamme. Laissez la fumée parfumée se diffuser dans la pièce et profitez d'un moment de détente.</span></p><p><em><span style=""color: rgb(0, 0, 0)"">Ne jamais laisser brûler un encens sans surveillance. Utiliser dans une pièce bien ventilée et tenir hors de portée des enfants et des animaux.</span></em></p>",ésotérique;encens;cônes,ésotérique,,,,,2.95,,,,,,0.38,12,false,,,,8904245402648,,,,,,,,,,,,,,,,,,,,,,,,,,,,,,,,,,,,,,,,,,,,,,,,,,,,,,,,,,,,,,,,,,,,,,,,,
Product_6faea713-f149-452f-afab-9a62d75e0db2,MEDIA,,,,,,5bdc9f_0fb3cdd1fb4643c9b55cfd27abf50288~mv2.jpg,,,,,,,,,,,,,,,,,,,,,,,,,,,,,,,,,,,,,,,,,,,,,,,,,,,,,,,,,,,,,,,,,,,,,,,,,,,,,,,,,,,,,,,,,
Product_8a05e86d-8c9c-4279-a8c8-982b1fd755bd,PRODUCT,Cônes - Palo Santo,true,"<p><span style=""color: rgb(0, 0, 0)"">Retrouvez les notes boisées et réconfortantes du Palo Santo dans ces cônes d'encens signés </span><span style=""font-weight: 700; color: rgb(0, 0, 0)"">Satya</span><span style=""color: rgb(0, 0, 0)"">. Leur parfum chaleureux et délicat crée une atmosphère apaisante, idéale pour accompagner vos moments de détente, de méditation ou simplement pour parfumer votre intérieur.</span></p><p><span style=""color: rgb(0, 0, 0)"">Pratiques et faciles à utiliser, ces cônes diffusent leur senteur pendant environ </span><span style=""font-weight: 700; color: rgb(0, 0, 0)"">15 minutes</span><span style=""color: rgb(0, 0, 0)"">, pour une parenthèse de calme au quotidien.</span></p><p><span style=""color: rgb(0, 0, 0)"">Chaque boîte contient </span><span style=""font-weight: 700; color: rgb(0, 0, 0)"">10 cônes d'encens</span><span style=""color: rgb(0, 0, 0)""> ainsi qu'un </span><span style=""font-weight: 700; color: rgb(0, 0, 0)"">petit porte-cône</span><span style=""color: rgb(0, 0, 0)"">.</span></p><p><span style=""font-weight: 700; color: rgb(0, 0, 0)"">Caractéristiques :</span></p><ul><li><p><span style=""color: rgb(0, 0, 0)"">Senteur : Palo Santo</span></p></li><li><p><span style=""color: rgb(0, 0, 0)"">Marque : Satya</span></p></li><li><p><span style=""color: rgb(0, 0, 0)"">Format : cônes d'encens</span></p></li><li><p><span style=""color: rgb(0, 0, 0)"">Quantité : 10 cônes par boîte</span></p></li><li><p><span style=""color: rgb(0, 0, 0)"">Temps de combustion : environ 15 minutes</span></p></li><li><p><span style=""color: rgb(0, 0, 0)"">Porte-cône inclus</span></p></li></ul><p><span style=""font-weight: 700; color: rgb(0, 0, 0)"">Conseils d'utilisation :</span></p><p><span style=""color: rgb(0, 0, 0)"">Placez le cône sur le porte-cône fourni, allumez son extrémité puis soufflez délicatement la flamme. Laissez la fumée parfumée se diffuser dans la pièce et profitez d'un moment de détente.</span></p><p><em><span style=""color: rgb(0, 0, 0)"">Ne jamais laisser brûler un encens sans surveillance. Utiliser dans une pièce bien ventilée et tenir hors de portée des enfants et des animaux.</span></em></p>",ésotérique;encens;cônes,ésotérique,,,,,2.95,,,,,,0.38,12,false,,,,8904245402662,,,,,,,,,,,,,,,,,,,,,,,,,,,,,,,,,,,,,,,,,,,,,,,,,,,,,,,,,,,,,,,,,,,,,,,,,
Product_8a05e86d-8c9c-4279-a8c8-982b1fd755bd,MEDIA,,,,,,5bdc9f_08605e174a424ab38fe8995874661afe~mv2.jpg,,,,,,,,,,,,,,,,,,,,,,,,,,,,,,,,,,,,,,,,,,,,,,,,,,,,,,,,,,,,,,,,,,,,,,,,,,,,,,,,,,,,,,,,,
Product_f935921e-bb73-495e-9970-57c077be8573,PRODUCT,Cônes - Dragon's Blood,true,"<p><span style=""color: rgb(0, 0, 0)"">Laissez-vous envelopper par les notes profondes et envoûtantes du </span><span style=""font-weight: 700; color: rgb(0, 0, 0)"">Dragon's Blood</span><span style=""color: rgb(0, 0, 0)"">, une senteur intense aux accents boisés et épicés, idéale pour créer une ambiance chaleureuse et mystérieuse dans votre intérieur.</span></p><p><span style=""color: rgb(0, 0, 0)"">Fabriqués par la célèbre marque </span><span style=""font-weight: 700; color: rgb(0, 0, 0)"">Satya</span><span style=""color: rgb(0, 0, 0)"">, ces cônes d'encens sont parfaits pour accompagner vos moments de détente, de méditation ou simplement pour parfumer délicatement votre espace.</span></p><p><span style=""color: rgb(0, 0, 0)"">Chaque boîte contient </span><span style=""font-weight: 700; color: rgb(0, 0, 0)"">10 cônes d'encens</span><span style=""color: rgb(0, 0, 0)""> ainsi qu'un </span><span style=""font-weight: 700; color: rgb(0, 0, 0)"">petit porte-cône</span><span style=""color: rgb(0, 0, 0)""> pour une utilisation pratique au quotidien.</span></p><p><span style=""font-weight: 700; color: rgb(0, 0, 0)"">Caractéristiques :</span></p><ul><li><p><span style=""color: rgb(0, 0, 0)"">Senteur : Dragon's Blood (sang de dragon)</span></p></li><li><p><span style=""color: rgb(0, 0, 0)"">Marque : Satya</span></p></li><li><p><span style=""color: rgb(0, 0, 0)"">Format : cônes d'encens</span></p></li><li><p><span style=""color: rgb(0, 0, 0)"">Quantité : 10 cônes par boîte</span></p></li><li><p><span style=""color: rgb(0, 0, 0)"">Temps de combustion : environ 15 minutes</span></p></li><li><p><span style=""color: rgb(0, 0, 0)"">Porte-cône inclus</span></p></li></ul><p><span style=""font-weight: 700; color: rgb(0, 0, 0)"">Conseils d'utilisation :</span></p><p><span style=""color: rgb(0, 0, 0)"">Placez le cône sur le porte-cône fourni, allumez son extrémité puis soufflez délicatement la flamme. Laissez le parfum se diffuser dans la pièce et profitez d'un moment de calme et de sérénité.</span></p><p><em><span style=""color: rgb(0, 0, 0)"">Ne jamais laisser brûler un encens sans surveillance. Utiliser dans une pièce bien ventilée et tenir hors de portée des enfants et des animaux.</span></em></p>",ésotérique;encens;cônes,ésotérique,,,,,2.95,,,,,,0.38,12,false,,,,8904245402686,,,,,,,,,,,,,,,,,,,,,,,,,,,,,,,,,,,,,,,,,,,,,,,,,,,,,,,,,,,,,,,,,,,,,,,,,
Product_f935921e-bb73-495e-9970-57c077be8573,MEDIA,,,,,,5bdc9f_ec27399dadee402286401b0b16c3b0d0~mv2.jpg,,,,,,,,,,,,,,,,,,,,,,,,,,,,,,,,,,,,,,,,,,,,,,,,,,,,,,,,,,,,,,,,,,,,,,,,,,,,,,,,,,,,,,,,,
Product_4fd16403-6e02-4216-8f3e-2a4d76286e55,PRODUCT,Cônes - Sandal Wood,true,"<p><span style=""color: rgb(0, 0, 0)"">Laissez-vous séduire par les notes douces, boisées et chaleureuses du </span><span style=""font-weight: 700; color: rgb(0, 0, 0)"">bois de santal</span><span style=""color: rgb(0, 0, 0)"">. Réputé pour son parfum enveloppant et réconfortant, cet encens Satya est idéal pour créer une atmosphère apaisante dans votre intérieur.</span></p><p><span style=""color: rgb(0, 0, 0)"">Parfaits pour accompagner vos moments de détente, de méditation ou simplement pour parfumer délicatement votre espace, ces cônes diffusent leur senteur pendant environ </span><span style=""font-weight: 700; color: rgb(0, 0, 0)"">15 minutes</span><span style=""color: rgb(0, 0, 0)"">.</span></p><p><span style=""color: rgb(0, 0, 0)"">Chaque boîte contient </span><span style=""font-weight: 700; color: rgb(0, 0, 0)"">10 cônes d'encens</span><span style=""color: rgb(0, 0, 0)""> ainsi qu'un </span><span style=""font-weight: 700; color: rgb(0, 0, 0)"">petit porte-cône</span><span style=""color: rgb(0, 0, 0)""> pour une utilisation pratique au quotidien.</span></p><p><span style=""font-weight: 700; color: rgb(0, 0, 0)"">Caractéristiques :</span></p><ul><li><p><span style=""color: rgb(0, 0, 0)"">Senteur : Bois de santal</span></p></li><li><p><span style=""color: rgb(0, 0, 0)"">Marque : Satya</span></p></li><li><p><span style=""color: rgb(0, 0, 0)"">Format : cônes d'encens</span></p></li><li><p><span style=""color: rgb(0, 0, 0)"">Quantité : 10 cônes par boîte</span></p></li><li><p><span style=""color: rgb(0, 0, 0)"">Temps de combustion : environ 15 minutes</span></p></li><li><p><span style=""color: rgb(0, 0, 0)"">Porte-cône inclus</span></p></li></ul><p><span style=""font-weight: 700; color: rgb(0, 0, 0)"">Conseils d'utilisation :</span></p><p><span style=""color: rgb(0, 0, 0)"">Placez le cône sur le porte-cône fourni, allumez son extrémité puis soufflez délicatement la flamme. Laissez le parfum se diffuser dans la pièce et profitez d'un moment de calme et de sérénité.</span></p><p><em><span style=""color: rgb(0, 0, 0)"">Ne jamais laisser brûler un encens sans surveillance. Utiliser dans une pièce bien ventilée et tenir hors de portée des enfants et des animaux.</span></em></p>",ésotérique;encens;cônes,ésotérique,,,,,2.95,,,,,,0.38,12,false,,,,8904245401009,,,,,,,,,,,,,,,,,,,,,,,,,,,,,,,,,,,,,,,,,,,,,,,,,,,,,,,,,,,,,,,,,,,,,,,,,
Product_4fd16403-6e02-4216-8f3e-2a4d76286e55,MEDIA,,,,,,5bdc9f_9142179d76d34a678d29254cf6729c2e~mv2.jpg,,,,,,,,,,,,,,,,,,,,,,,,,,,,,,,,,,,,,,,,,,,,,,,,,,,,,,,,,,,,,,,,,,,,,,,,,,,,,,,,,,,,,,,,,
Product_9003017f-dcbb-43b1-b377-ca20ea674c92,PRODUCT,Repousse Cuticules UNIQ 11 TYPE 2 JAUNE,true,,repousse-cuticules;staleks,,,,,,8.75,,,,,,4.27,9,false,,,,4823126605951,,,,,,,,,,,,,,,,,,,,,,,,,,,,,,,,,,,,,,,,,,,,,,,,,,,,,,,,,,,,,,,,,,,,,,,,,
Product_9003017f-dcbb-43b1-b377-ca20ea674c92,MEDIA,,,,,,5bdc9f_65853aad60664c7aacf973969459206d~mv2.jpg,,,,,,,,,,,,,,,,,,,,,,,,,,,,,,,,,,,,,,,,,,,,,,,,,,,,,,,,,,,,,,,,,,,,,,,,,,,,,,,,,,,,,,,,,
Product_9003017f-dcbb-43b1-b377-ca20ea674c92,MEDIA,,,,,,5bdc9f_ecc823a4ece64d559ebccce0355578e1~mv2.jpg,,,,,,,,,,,,,,,,,,,,,,,,,,,,,,,,,,,,,,,,,,,,,,,,,,,,,,,,,,,,,,,,,,,,,,,,,,,,,,,,,,,,,,,,,
Product_9003017f-dcbb-43b1-b377-ca20ea674c92,MEDIA,,,,,,5bdc9f_904e6b01b53c49f2b962b05b5ea59da1~mv2.jpg,,,,,,,,,,,,,,,,,,,,,,,,,,,,,,,,,,,,,,,,,,,,,,,,,,,,,,,,,,,,,,,,,,,,,,,,,,,,,,,,,,,,,,,,,
Product_e8e37e31-5929-40eb-bc65-ef65b23b454c,PRODUCT,Pinceau Double EXPERT liner 10 mm,true,,staleks;pinceaux,,,,,,6.05,,,,,,2.96,6,false,,,,4823126603063,,,,,,,,,,,,,,,,,,,,,,,,,,,,,,,,,,,,,,,,,,,,,,,,,,,,,,,,,,,,,,,,,,,,,,,,,
Product_e8e37e31-5929-40eb-bc65-ef65b23b454c,MEDIA,,,,,,5bdc9f_54dd75e18b64442ea8160383b661b071~mv2.jpg,,,,,,,,,,,,,,,,,,,,,,,,,,,,,,,,,,,,,,,,,,,,,,,,,,,,,,,,,,,,,,,,,,,,,,,,,,,,,,,,,,,,,,,,,
Product_e8e37e31-5929-40eb-bc65-ef65b23b454c,MEDIA,,,,,,5bdc9f_f990cdf0951c41db9ff74e8b203df07d~mv2.jpg,,,,,,,,,,,,,,,,,,,,,,,,,,,,,,,,,,,,,,,,,,,,,,,,,,,,,,,,,,,,,,,,,,,,,,,,,,,,,,,,,,,,,,,,,
Product_569e3737-63f6-45ad-99aa-bc42425f92e4,PRODUCT,Base en bois lime EXPERT 20 (50 Pcs),true,,limes;staleks,,,,,,4.5,,,,,,2.2,3,false,,,,4820241061136,,,,,,,,,,,,,,,,,,,,,,,,,,,,,,,,,,,,,,,,,,,,,,,,,,,,,,,,,,,,,,,,,,,,,,,,,
Product_569e3737-63f6-45ad-99aa-bc42425f92e4,MEDIA,,,,,,5bdc9f_2b354cf781924f869fdd5f9fb7c42d40~mv2.jpg,,,,,,,,,,,,,,,,,,,,,,,,,,,,,,,,,,,,,,,,,,,,,,,,,,,,,,,,,,,,,,,,,,,,,,,,,,,,,,,,,,,,,,,,,
Product_569e3737-63f6-45ad-99aa-bc42425f92e4,MEDIA,,,,,,5bdc9f_f8773a3e6e94453693ae3f32193a0d73~mv2.jpg,,,,,,,,,,,,,,,,,,,,,,,,,,,,,,,,,,,,,,,,,,,,,,,,,,,,,,,,,,,,,,,,,,,,,,,,,,,,,,,,,,,,,,,,,
Product_ea8b5c8c-cf24-423c-b7da-51322bedc952,PRODUCT,Recharges Limes PapMam Grain 240 EXCLUSIVE 20 (30 Pcs),true,,staleks;limes,,,,,,10,,,,,,4.88,3,false,,,,4820241062102,,,,,,,,,,,,,,,,,,,,,,,,,,,,,,,,,,,,,,,,,,,,,,,,,,,,,,,,,,,,,,,,,,,,,,,,,
Product_ea8b5c8c-cf24-423c-b7da-51322bedc952,MEDIA,,,,,,5bdc9f_3bb8b7491a6944a390656805a4656d09~mv2.jpg,,,,,,,,,,,,,,,,,,,,,,,,,,,,,,,,,,,,,,,,,,,,,,,,,,,,,,,,,,,,,,,,,,,,,,,,,,,,,,,,,,,,,,,,,
Product_ea8b5c8c-cf24-423c-b7da-51322bedc952,MEDIA,,,,,,5bdc9f_d6b3b0c148a94758a584cb3d6c482743~mv2.jpg,,,,,,,,,,,,,,,,,,,,,,,,,,,,,,,,,,,,,,,,,,,,,,,,,,,,,,,,,,,,,,,,,,,,,,,,,,,,,,,,,,,,,,,,,
Product_ea8b5c8c-cf24-423c-b7da-51322bedc952,MEDIA,,,,,,5bdc9f_5109b872dc254a5384345f961fb14294~mv2.jpg,,,,,,,,,,,,,,,,,,,,,,,,,,,,,,,,,,,,,,,,,,,,,,,,,,,,,,,,,,,,,,,,,,,,,,,,,,,,,,,,,,,,,,,,,
Product_d9a86bb1-0da9-4112-80d8-729116fb23f7,PRODUCT,Recharges Limes PapMam Grain 180 EXPERT 20 (25 Pcs),true,,staleks;limes,,,,,,5.95,,,,,,2.9,3,false,,,,4820241066902,,,,,,,,,,,,,,,,,,,,,,,,,,,,,,,,,,,,,,,,,,,,,,,,,,,,,,,,,,,,,,,,,,,,,,,,,
Product_d9a86bb1-0da9-4112-80d8-729116fb23f7,MEDIA,,,,,,5bdc9f_93543d780d644c37a38314f980428280~mv2.jpg,,,,,,,,,,,,,,,,,,,,,,,,,,,,,,,,,,,,,,,,,,,,,,,,,,,,,,,,,,,,,,,,,,,,,,,,,,,,,,,,,,,,,,,,,
Product_d9a86bb1-0da9-4112-80d8-729116fb23f7,MEDIA,,,,,,5bdc9f_b1a5a92bae4e436da757ea7a8bba097c~mv2.jpg,,,,,,,,,,,,,,,,,,,,,,,,,,,,,,,,,,,,,,,,,,,,,,,,,,,,,,,,,,,,,,,,,,,,,,,,,,,,,,,,,,,,,,,,,
Product_d9a86bb1-0da9-4112-80d8-729116fb23f7,MEDIA,,,,,,5bdc9f_510ca6892d74472f9c33741a386b42a0~mv2.jpg,,,,,,,,,,,,,,,,,,,,,,,,,,,,,,,,,,,,,,,,,,,,,,,,,,,,,,,,,,,,,,,,,,,,,,,,,,,,,,,,,,,,,,,,,
Product_52636e32-4e5d-4058-9e9c-7693cf7cab3e,PRODUCT,Recharges Limes PapMam Grain 150 EXPERT 20 (25 Pcs),true,,limes;staleks,,,,,,5.95,,,,,,2.9,3,false,,,,4820241066896,,,,,,,,,,,,,,,,,,,,,,,,,,,,,,,,,,,,,,,,,,,,,,,,,,,,,,,,,,,,,,,,,,,,,,,,,
Product_52636e32-4e5d-4058-9e9c-7693cf7cab3e,MEDIA,,,,,,5bdc9f_c1de60d3e264499f9da450ecdfcfd4ad~mv2.jpg,,,,,,,,,,,,,,,,,,,,,,,,,,,,,,,,,,,,,,,,,,,,,,,,,,,,,,,,,,,,,,,,,,,,,,,,,,,,,,,,,,,,,,,,,
Product_52636e32-4e5d-4058-9e9c-7693cf7cab3e,MEDIA,,,,,,5bdc9f_96f0e58d5791429c8e6356c55c7d51e4~mv2.jpg,,,,,,,,,,,,,,,,,,,,,,,,,,,,,,,,,,,,,,,,,,,,,,,,,,,,,,,,,,,,,,,,,,,,,,,,,,,,,,,,,,,,,,,,,
Product_52636e32-4e5d-4058-9e9c-7693cf7cab3e,MEDIA,,,,,,5bdc9f_eee3ba0a9bb74521926915468d51c80f~mv2.jpg,,,,,,,,,,,,,,,,,,,,,,,,,,,,,,,,,,,,,,,,,,,,,,,,,,,,,,,,,,,,,,,,,,,,,,,,,,,,,,,,,,,,,,,,,
Product_7cf2a065-33ab-4995-88a5-0db4a1241123,PRODUCT,Ciseaux Cuticules SMART 40 TYPE 3,true,,staleks;ciseaux-cuticules,staleks,,,,,16.55,,,,,,8.08,3,false,,,,4820241064229,,,,,,,,,,,,,,,,,,,,,,,,,,,,,,,,,,,,,,,,,,,,,,,,,,,,,,,,,,,,,,,,,,,,,,,,,
Product_7cf2a065-33ab-4995-88a5-0db4a1241123,MEDIA,,,,,,5bdc9f_bcea11b489874bc09745d4449c59b4d4~mv2.jpg,,,,,,,,,,,,,,,,,,,,,,,,,,,,,,,,,,,,,,,,,,,,,,,,,,,,,,,,,,,,,,,,,,,,,,,,,,,,,,,,,,,,,,,,,
Product_7cf2a065-33ab-4995-88a5-0db4a1241123,MEDIA,,,,,,5bdc9f_b643eed247b446689173466c5d1ba409~mv2.jpg,,,,,,,,,,,,,,,,,,,,,,,,,,,,,,,,,,,,,,,,,,,,,,,,,,,,,,,,,,,,,,,,,,,,,,,,,,,,,,,,,,,,,,,,,
Product_7cf2a065-33ab-4995-88a5-0db4a1241123,MEDIA,,,,,,5bdc9f_e017b04d3a614786af8c7d13052fe018~mv2.jpg,,,,,,,,,,,,,,,,,,,,,,,,,,,,,,,,,,,,,,,,,,,,,,,,,,,,,,,,,,,,,,,,,,,,,,,,,,,,,,,,,,,,,,,,,
Product_9f38510f-3aef-45b6-b971-c4191258c915,PRODUCT,Ciseaux Cuticules EXPERT 51 TYPE 3,true,,ciseaux-cuticules;staleks,staleks,,,,,18.55,,,,,,9.05,3,false,,,,4820241067305,,,,,,,,,,,,,,,,,,,,,,,,,,,,,,,,,,,,,,,,,,,,,,,,,,,,,,,,,,,,,,,,,,,,,,,,,
Product_9f38510f-3aef-45b6-b971-c4191258c915,MEDIA,,,,,,5bdc9f_795ab334961e4a3696a6cb02529f8246~mv2.jpg,,,,,,,,,,,,,,,,,,,,,,,,,,,,,,,,,,,,,,,,,,,,,,,,,,,,,,,,,,,,,,,,,,,,,,,,,,,,,,,,,,,,,,,,,
Product_9f38510f-3aef-45b6-b971-c4191258c915,MEDIA,,,,,,5bdc9f_e866779ed23743dfb92df4f662bb9398~mv2.jpg,,,,,,,,,,,,,,,,,,,,,,,,,,,,,,,,,,,,,,,,,,,,,,,,,,,,,,,,,,,,,,,,,,,,,,,,,,,,,,,,,,,,,,,,,
Product_9f38510f-3aef-45b6-b971-c4191258c915,MEDIA,,,,,,5bdc9f_0fb9ea5b08d54d6bbd22b0d820a2958b~mv2.jpg,,,,,,,,,,,,,,,,,,,,,,,,,,,,,,,,,,,,,,,,,,,,,,,,,,,,,,,,,,,,,,,,,,,,,,,,,,,,,,,,,,,,,,,,,
Product_5da0caca-d720-4db9-ab90-ba6fb0b56bd1,PRODUCT,Ciseaux Cuticules EXPERT 50 TYPE 1,true,,ciseaux-cuticules;staleks,staleks,,,,,18.55,,,,,,9.05,3,false,,,,4820121599780,,,,,,,,,,,,,,,,,,,,,,,,,,,,,,,,,,,,,,,,,,,,,,,,,,,,,,,,,,,,,,,,,,,,,,,,,
Product_5da0caca-d720-4db9-ab90-ba6fb0b56bd1,MEDIA,,,,,,5bdc9f_3ec75cfe689c4c859c820ab02d894126~mv2.jpg,,,,,,,,,,,,,,,,,,,,,,,,,,,,,,,,,,,,,,,,,,,,,,,,,,,,,,,,,,,,,,,,,,,,,,,,,,,,,,,,,,,,,,,,,
Product_5da0caca-d720-4db9-ab90-ba6fb0b56bd1,MEDIA,,,,,,5bdc9f_9bd311b6b42d40bcb62cdf783613ca7e~mv2.jpg,,,,,,,,,,,,,,,,,,,,,,,,,,,,,,,,,,,,,,,,,,,,,,,,,,,,,,,,,,,,,,,,,,,,,,,,,,,,,,,,,,,,,,,,,
Product_5da0caca-d720-4db9-ab90-ba6fb0b56bd1,MEDIA,,,,,,5bdc9f_fcb86219c1f845439f293251804644c2~mv2.jpg,,,,,,,,,,,,,,,,,,,,,,,,,,,,,,,,,,,,,,,,,,,,,,,,,,,,,,,,,,,,,,,,,,,,,,,,,,,,,,,,,,,,,,,,,
Product_dfa014d6-2f74-4491-a9dd-5e259a1e6539,PRODUCT,Ciseaux Cuticules EXPERT 50 TYPE 2,true,,ciseaux-cuticules;staleks,staleks,,,,,18.55,,,,,,9.05,3,false,,,,4820121599773,,,,,,,,,,,,,,,,,,,,,,,,,,,,,,,,,,,,,,,,,,,,,,,,,,,,,,,,,,,,,,,,,,,,,,,,,
Product_dfa014d6-2f74-4491-a9dd-5e259a1e6539,MEDIA,,,,,,5bdc9f_01fa723dde414da59d4657a5892f81fd~mv2.jpg,,,,,,,,,,,,,,,,,,,,,,,,,,,,,,,,,,,,,,,,,,,,,,,,,,,,,,,,,,,,,,,,,,,,,,,,,,,,,,,,,,,,,,,,,
Product_dfa014d6-2f74-4491-a9dd-5e259a1e6539,MEDIA,,,,,,5bdc9f_21c00a9dee9747fbb515e8a0304dd883~mv2.jpg,,,,,,,,,,,,,,,,,,,,,,,,,,,,,,,,,,,,,,,,,,,,,,,,,,,,,,,,,,,,,,,,,,,,,,,,,,,,,,,,,,,,,,,,,
Product_dfa014d6-2f74-4491-a9dd-5e259a1e6539,MEDIA,,,,,,5bdc9f_91fc7ea5a7174b8a87da594a5aa8aedf~mv2.jpg,,,,,,,,,,,,,,,,,,,,,,,,,,,,,,,,,,,,,,,,,,,,,,,,,,,,,,,,,,,,,,,,,,,,,,,,,,,,,,,,,,,,,,,,,
Product_15b8ba22-95b3-4d34-84c9-7fbcc94a0862,PRODUCT,Ciseaux Cuticules EXPERT 13 TYPE 3 (GAUCHER),true,,ciseaux-cuticules;staleks,staleks,,,,,18.55,,,,,,9.05,2,false,,,,4820241067398,,,,,,,,,,,,,,,,,,,,,,,,,,,,,,,,,,,,,,,,,,,,,,,,,,,,,,,,,,,,,,,,,,,,,,,,,
Product_15b8ba22-95b3-4d34-84c9-7fbcc94a0862,MEDIA,,,,,,5bdc9f_d5daf50ed36b473b96b5c6743f38758e~mv2.jpg,,,,,,,,,,,,,,,,,,,,,,,,,,,,,,,,,,,,,,,,,,,,,,,,,,,,,,,,,,,,,,,,,,,,,,,,,,,,,,,,,,,,,,,,,
Product_15b8ba22-95b3-4d34-84c9-7fbcc94a0862,MEDIA,,,,,,5bdc9f_15951788325c429387d67a0202b297f0~mv2.jpg,,,,,,,,,,,,,,,,,,,,,,,,,,,,,,,,,,,,,,,,,,,,,,,,,,,,,,,,,,,,,,,,,,,,,,,,,,,,,,,,,,,,,,,,,
Product_15b8ba22-95b3-4d34-84c9-7fbcc94a0862,MEDIA,,,,,,5bdc9f_946df0cddcf54a59a4f1ea254f91d0f5~mv2.jpg,,,,,,,,,,,,,,,,,,,,,,,,,,,,,,,,,,,,,,,,,,,,,,,,,,,,,,,,,,,,,,,,,,,,,,,,,,,,,,,,,,,,,,,,,
Product_15b8ba22-95b3-4d34-84c9-7fbcc94a0862,MEDIA,,,,,,5bdc9f_2bf60053d659495ca276d8cb694c2038~mv2.jpg,,,,,,,,,,,,,,,,,,,,,,,,,,,,,,,,,,,,,,,,,,,,,,,,,,,,,,,,,,,,,,,,,,,,,,,,,,,,,,,,,,,,,,,,,
Product_260f4114-40ca-450e-93d5-19dacd7240e7,PRODUCT,Ciseaux Cuticules SMART 50 TYPE 3,true,,ciseaux-cuticules;staleks,staleks,,,,,16.55,,,,,,8.08,3,false,,,,4820241067503,,,,,,,,,,,,,,,,,,,,,,,,,,,,,,,,,,,,,,,,,,,,,,,,,,,,,,,,,,,,,,,,,,,,,,,,,
Product_260f4114-40ca-450e-93d5-19dacd7240e7,MEDIA,,,,,,5bdc9f_3f37e5c9a17c46d6965704604fa5c9d5~mv2.jpg,,,,,,,,,,,,,,,,,,,,,,,,,,,,,,,,,,,,,,,,,,,,,,,,,,,,,,,,,,,,,,,,,,,,,,,,,,,,,,,,,,,,,,,,,
Product_260f4114-40ca-450e-93d5-19dacd7240e7,MEDIA,,,,,,5bdc9f_2b6e4459c70d483cb3d5006ee25bc618~mv2.jpg,,,,,,,,,,,,,,,,,,,,,,,,,,,,,,,,,,,,,,,,,,,,,,,,,,,,,,,,,,,,,,,,,,,,,,,,,,,,,,,,,,,,,,,,,
Product_260f4114-40ca-450e-93d5-19dacd7240e7,MEDIA,,,,,,5bdc9f_1b8cee70781847e2bf502d0a594a2da3~mv2.jpg,,,,,,,,,,,,,,,,,,,,,,,,,,,,,,,,,,,,,,,,,,,,,,,,,,,,,,,,,,,,,,,,,,,,,,,,,,,,,,,,,,,,,,,,,
Product_fa2aa70c-a1b8-430e-89e4-5db3fa4da5cd,PRODUCT,Pince Cuticules SMART 30 5 mm,true,,staleks;pinces-cuticules,staleks,,,,,22.5,,,,,,10.98,2,false,,,,4820121591340,,,,,,,,,,,,,,,,,,,,,,,,,,,,,,,,,,,,,,,,,,,,,,,,,,,,,,,,,,,,,,,,,,,,,,,,,
Product_fa2aa70c-a1b8-430e-89e4-5db3fa4da5cd,MEDIA,,,,,,5bdc9f_dc624b9b65ee45d182a7daa0cb94e5e7~mv2.jpg,,,,,,,,,,,,,,,,,,,,,,,,,,,,,,,,,,,,,,,,,,,,,,,,,,,,,,,,,,,,,,,,,,,,,,,,,,,,,,,,,,,,,,,,,
Product_fa2aa70c-a1b8-430e-89e4-5db3fa4da5cd,MEDIA,,,,,,5bdc9f_aa881eb381784409a458d12272036d2d~mv2.jpg,,,,,,,,,,,,,,,,,,,,,,,,,,,,,,,,,,,,,,,,,,,,,,,,,,,,,,,,,,,,,,,,,,,,,,,,,,,,,,,,,,,,,,,,,
Product_fa2aa70c-a1b8-430e-89e4-5db3fa4da5cd,MEDIA,,,,,,5bdc9f_1d8f1b605ff04dddbc97fd0f8873ed18~mv2.jpg,,,,,,,,,,,,,,,,,,,,,,,,,,,,,,,,,,,,,,,,,,,,,,,,,,,,,,,,,,,,,,,,,,,,,,,,,,,,,,,,,,,,,,,,,
Product_e33c1aa3-9f72-4a4d-9e89-e481c008db0a,PRODUCT,Pince Cuticules CLASSIC 12 5 mm,true,,pinces-cuticules;staleks,staleks,,,,,17.45,,,,,,8.52,2,false,,,,4820121594983,,,,,,,,,,,,,,,,,,,,,,,,,,,,,,,,,,,,,,,,,,,,,,,,,,,,,,,,,,,,,,,,,,,,,,,,,
Product_e33c1aa3-9f72-4a4d-9e89-e481c008db0a,MEDIA,,,,,,5bdc9f_28a8a4d3077342629e688f7aa14fb9ef~mv2.jpg,,,,,,,,,,,,,,,,,,,,,,,,,,,,,,,,,,,,,,,,,,,,,,,,,,,,,,,,,,,,,,,,,,,,,,,,,,,,,,,,,,,,,,,,,
Product_e33c1aa3-9f72-4a4d-9e89-e481c008db0a,MEDIA,,,,,,5bdc9f_0f71aef27cd24c8395dfb9973b6746d4~mv2.jpg,,,,,,,,,,,,,,,,,,,,,,,,,,,,,,,,,,,,,,,,,,,,,,,,,,,,,,,,,,,,,,,,,,,,,,,,,,,,,,,,,,,,,,,,,
Product_e33c1aa3-9f72-4a4d-9e89-e481c008db0a,MEDIA,,,,,,5bdc9f_44be096b0d6e4ead851ad2279a272375~mv2.jpg,,,,,,,,,,,,,,,,,,,,,,,,,,,,,,,,,,,,,,,,,,,,,,,,,,,,,,,,,,,,,,,,,,,,,,,,,,,,,,,,,,,,,,,,,
Product_2a81a0fc-2af3-4b9c-b2a5-c43db1682857,PRODUCT,Pince Cuticules SMART 10 3 mm,true,,pinces-cuticules;staleks,staleks,,,,,22.5,,,,,,10.98,2,false,,,,4820121591692,,,,,,,,,,,,,,,,,,,,,,,,,,,,,,,,,,,,,,,,,,,,,,,,,,,,,,,,,,,,,,,,,,,,,,,,,
Product_2a81a0fc-2af3-4b9c-b2a5-c43db1682857,MEDIA,,,,,,5bdc9f_f4df38d34a5d4751805b29667fcf16ba~mv2.jpg,,,,,,,,,,,,,,,,,,,,,,,,,,,,,,,,,,,,,,,,,,,,,,,,,,,,,,,,,,,,,,,,,,,,,,,,,,,,,,,,,,,,,,,,,
Product_2a81a0fc-2af3-4b9c-b2a5-c43db1682857,MEDIA,,,,,,5bdc9f_971a96ae51f943c799d66b287969dd0a~mv2.jpg,,,,,,,,,,,,,,,,,,,,,,,,,,,,,,,,,,,,,,,,,,,,,,,,,,,,,,,,,,,,,,,,,,,,,,,,,,,,,,,,,,,,,,,,,
Product_2a81a0fc-2af3-4b9c-b2a5-c43db1682857,MEDIA,,,,,,5bdc9f_f698783b98ba4354a9fbf823473228bd~mv2.jpg,,,,,,,,,,,,,,,,,,,,,,,,,,,,,,,,,,,,,,,,,,,,,,,,,,,,,,,,,,,,,,,,,,,,,,,,,,,,,,,,,,,,,,,,,
Product_5a60c422-3713-4caa-b59b-154a627920fe,PRODUCT,Bâtonnets de buis 75mm (100 Pcs),true,,staleks;accessoires-1,staleks,,,,,2,,,,,,0.56,5,false,,,,4823126601380,,,,,,,,,,,,,,,,,,,,,,,,,,,,,,,,,,,,,,,,,,,,,,,,,,,,,,,,,,,,,,,,,,,,,,,,,
Product_5a60c422-3713-4caa-b59b-154a627920fe,MEDIA,,,,,,5bdc9f_cffa2554fb1240ab8442d27a5a79b8d9~mv2.jpg,,,,,,,,,,,,,,,,,,,,,,,,,,,,,,,,,,,,,,,,,,,,,,,,,,,,,,,,,,,,,,,,,,,,,,,,,,,,,,,,,,,,,,,,,
Product_7a82d9ef-8f47-42c0-8c47-e367e7265faa,PRODUCT,Base Flex - Base d'adhérence universelle,true,"<p><span style=""font-weight: 700; color: rgb(18, 18, 18)"">Base FLEX ALBI</span><span style=""color: rgb(18, 18, 18)""> est la base d'adhérence de référence du protocole Albi — posée en sous-couche systématique sous toutes les techniques : vernis semi-permanent, rubber base, gel et polygel, sur tous types d'ongles.</span></p><ul><li><p><span style=""color: rgb(18, 18, 18)"">Texture auto-égalisante à appliquer en couche fine frottée</span></p></li><li><p><span style=""color: rgb(18, 18, 18)"">Elastique sur la plaque ongulaire — protège sans rigidifier</span></p></li><li><p><span style=""color: rgb(18, 18, 18)"">Acidité modérée : compatible avec la majorité des profils d'ongles</span></p></li><li><p><span style=""color: rgb(18, 18, 18)"">Réduit les décollements sur ongles normaux à difficiles</span></p></li><li><p><span style=""color: rgb(18, 18, 18)"">Catalyse 60 secondes minimum sous lampe LED/UV</span></p></li><li><p><span style=""color: rgb(18, 18, 18)"">Dépose soak-off sans chauffe</span></p></li></ul><ul><li><p><u><span style=""font-weight: 700"">Ingrédients : </span></u></p><p><span style=""background-color: rgb(255, 255, 255); color: rgb(18, 18, 18)"">Acrylates Copolymer, Trimethylolpropane Triacrylate, Ethyl Methacrylate, Dimethicone.</span></p></li></ul>",accessoires;bases,accessoires,,,,,17.9,,,,,,10.45,4,false,,,,,,,,,,,,,,,,,,,,,,,,,,,,,,,,,,,,,,,,,,,,,,,,,,,,,,,,,,,,,,,,,,,,,,,,,,,,,
Product_7a82d9ef-8f47-42c0-8c47-e367e7265faa,MEDIA,,,,,,5bdc9f_4c093e96dbda41bf9d170bab35b7fdf1~mv2.jpg,,,,,,,,,,,,,,,,,,,,,,,,,,,,,,,,,,,,,,,,,,,,,,,,,,,,,,,,,,,,,,,,,,,,,,,,,,,,,,,,,,,,,,,,,
Product_7a82d9ef-8f47-42c0-8c47-e367e7265faa,MEDIA,,,,,,5bdc9f_6be455b522b7418db4c4538ca2e39169~mv2.jpg,,,,,,,,,,,,,,,,,,,,,,,,,,,,,,,,,,,,,,,,,,,,,,,,,,,,,,,,,,,,,,,,,,,,,,,,,,,,,,,,,,,,,,,,,
Product_ac89b271-9517-4203-8207-5bb5e998fc33,PRODUCT,Polygel Liquide - Elegant 3,true,"<p><span style=""color: rgb(18, 18, 18)"">Albi Polygel Liquide Elegant.</span></p><p><span style=""color: rgb(18, 18, 18)"">La collection ELEGANT — notre interprétation du luxe et du style moderne. 11 nuances, légèrement plus translucides que les nuances classiques, dont 3 pailletées.</span></p><p><span style=""color: rgb(18, 18, 18)"">Nous savons à quel point il est difficile de trouver des teintes pour sa palette de nude, qui puissent satisfaire les goûts des clients les plus exigeants.</span></p><p><span style=""color: rgb(18, 18, 18)"">Ce set rassemble justement ces teintes — complexes, précieuses, universelles.</span></p><p><span style=""color: rgb(18, 18, 18)"">Le polygel liquide combine les propriétés d'application facile de la BASE, et les propriétés de résistance du GEL.</span></p><p><span style=""color: rgb(18, 18, 18)"">Toutes les nuances de la gamme Liquid Polygel ont une excellente densité et elles s'appliquent facilement, sont auto-égalisantes et sèchent parfaitement.&nbsp;</span></p><p><span style=""color: rgb(18, 18, 18)"">⁃ le polygel liquide a une consistance moyenne,</span></p><p><span style=""color: rgb(18, 18, 18)"">- s'auto-égalise rapidement,</span></p><p><span style=""color: rgb(18, 18, 18)"">⁃ excellent pour la technique ""sans limage""</span></p><p><span style=""color: rgb(18, 18, 18)"">⁃ peut être déposé facilement avec une fraise grain fin</span></p><p><span style=""color: rgb(18, 18, 18)"">Mode d'emploi : 1. Appliquer une fine couche de base d'adhérence (base FLEX) sur la plaque à ongles préparée.</span></p><p><span style=""color: rgb(18, 18, 18)"">2. Après polymérisation, appliquer le polygel liquide, patinoire puis construction.</span></p><p><span style=""color: rgb(18, 18, 18)"">3. Appliquer une couche de Top Coat et calalyser.</span></p><p><span style=""color: rgb(18, 18, 18)"">Temps de polymérisation 60/120 sec.</span></p><p><span style=""color: rgb(18, 18, 18)"">Flacon de 15 ml</span></p>",accessoires;polygel-liquides,accessoires,,,,,17.9,,,,,,10.45,3,false,,,,,,,,,,,,,,,,,,,,,,,,,,,,,,,,,,,,,,,,,,,,,,,,,,,,,,,,,,,,,,,,,,,,,,,,,,,,,
Product_ac89b271-9517-4203-8207-5bb5e998fc33,MEDIA,,,,,,5bdc9f_73bed0aa589c4096bfb90e6728c4e3ff~mv2.jpg,,,,,,,,,,,,,,,,,,,,,,,,,,,,,,,,,,,,,,,,,,,,,,,,,,,,,,,,,,,,,,,,,,,,,,,,,,,,,,,,,,,,,,,,,
Product_ac89b271-9517-4203-8207-5bb5e998fc33,MEDIA,,,,,,5bdc9f_e672d1d2b168424a9c627746a1664120~mv2.jpg,,,,,,,,,,,,,,,,,,,,,,,,,,,,,,,,,,,,,,,,,,,,,,,,,,,,,,,,,,,,,,,,,,,,,,,,,,,,,,,,,,,,,,,,,
Product_ac89b271-9517-4203-8207-5bb5e998fc33,MEDIA,,,,,,5bdc9f_af5d6178e8014d52af6624e3e31e76ee~mv2.jpg,,,,,,,,,,,,,,,,,,,,,,,,,,,,,,,,,,,,,,,,,,,,,,,,,,,,,,,,,,,,,,,,,,,,,,,,,,,,,,,,,,,,,,,,,
Product_ac89b271-9517-4203-8207-5bb5e998fc33,MEDIA,,,,,,5bdc9f_3e27bf0a3dd048ffbc1630ae1b447655~mv2.jpg,,,,,,,,,,,,,,,,,,,,,,,,,,,,,,,,,,,,,,,,,,,,,,,,,,,,,,,,,,,,,,,,,,,,,,,,,,,,,,,,,,,,,,,,,
Product_060e72d2-bfd3-445d-baa1-3b4cd00751ed,PRODUCT,Polygel Liquide - Elegant 2,true,"<p><span style=""color: rgb(18, 18, 18)"">Albi Polygel Liquide Elegant.</span></p><p><span style=""color: rgb(18, 18, 18)"">La collection ELEGANT — notre interprétation du luxe et du style moderne. 11 nuances, légèrement plus translucides que les nuances classiques, dont 3 pailletées.</span></p><p><span style=""color: rgb(18, 18, 18)"">Nous savons à quel point il est difficile de trouver des teintes pour sa palette de nude, qui puissent satisfaire les goûts des clients les plus exigeants.</span></p><p><span style=""color: rgb(18, 18, 18)"">Ce set rassemble justement ces teintes — complexes, précieuses, universelles.</span></p><p><span style=""color: rgb(18, 18, 18)"">Le polygel liquide combine les propriétés d'application facile de la BASE, et les propriétés de résistance du GEL.</span></p><p><span style=""color: rgb(18, 18, 18)"">Toutes les nuances de la gamme Liquid Polygel ont une excellente densité et elles s'appliquent facilement, sont auto-égalisantes et sèchent parfaitement.&nbsp;</span></p><p><span style=""color: rgb(18, 18, 18)"">⁃ le polygel liquide a une consistance moyenne,</span></p><p><span style=""color: rgb(18, 18, 18)"">- s'auto-égalise rapidement,</span></p><p><span style=""color: rgb(18, 18, 18)"">⁃ excellent pour la technique ""sans limage""</span></p><p><span style=""color: rgb(18, 18, 18)"">⁃ peut être déposé facilement avec une fraise grain fin</span></p><p><span style=""color: rgb(18, 18, 18)"">Mode d'emploi : 1. Appliquer une fine couche de base d'adhérence (base FLEX) sur la plaque à ongles préparée.</span></p><p><span style=""color: rgb(18, 18, 18)"">2. Après polymérisation, appliquer le polygel liquide, patinoire puis construction.</span></p><p><span style=""color: rgb(18, 18, 18)"">3. Appliquer une couche de Top Coat et calalyser.</span></p><p><span style=""color: rgb(18, 18, 18)"">Temps de polymérisation 60/120 sec.</span></p><p><span style=""color: rgb(18, 18, 18)"">Flacon de 15 ml</span></p>",polygel-liquides;accessoires,accessoires,,,,,17.9,,,,,,10.45,3,false,,,,,,,,,,,,,,,,,,,,,,,,,,,,,,,,,,,,,,,,,,,,,,,,,,,,,,,,,,,,,,,,,,,,,,,,,,,,,
Product_060e72d2-bfd3-445d-baa1-3b4cd00751ed,MEDIA,,,,,,5bdc9f_3e82f7c0b838475b808fc14de22b4d5b~mv2.jpg,,,,,,,,,,,,,,,,,,,,,,,,,,,,,,,,,,,,,,,,,,,,,,,,,,,,,,,,,,,,,,,,,,,,,,,,,,,,,,,,,,,,,,,,,
Product_060e72d2-bfd3-445d-baa1-3b4cd00751ed,MEDIA,,,,,,5bdc9f_f7ca2523901e462fb970b792e3c8efd0~mv2.jpg,,,,,,,,,,,,,,,,,,,,,,,,,,,,,,,,,,,,,,,,,,,,,,,,,,,,,,,,,,,,,,,,,,,,,,,,,,,,,,,,,,,,,,,,,
Product_060e72d2-bfd3-445d-baa1-3b4cd00751ed,MEDIA,,,,,,5bdc9f_66ad76f604cc47eeb41b81a74c33a0c6~mv2.jpg,,,,,,,,,,,,,,,,,,,,,,,,,,,,,,,,,,,,,,,,,,,,,,,,,,,,,,,,,,,,,,,,,,,,,,,,,,,,,,,,,,,,,,,,,
Product_060e72d2-bfd3-445d-baa1-3b4cd00751ed,MEDIA,,,,,,5bdc9f_3e27bf0a3dd048ffbc1630ae1b447655~mv2.jpg,,,,,,,,,,,,,,,,,,,,,,,,,,,,,,,,,,,,,,,,,,,,,,,,,,,,,,,,,,,,,,,,,,,,,,,,,,,,,,,,,,,,,,,,,
Product_00550a7c-d5cd-4dec-9581-391c7b07dd85,PRODUCT,Polygel Liquide - Elegant 5,true,"<p><span style=""color: rgb(18, 18, 18)"">Albi Polygel Liquide Elegant.</span></p><p><span style=""color: rgb(18, 18, 18)"">La collection ELEGANT — notre interprétation du luxe et du style moderne. 11 nuances, légèrement plus translucides que les nuances classiques, dont 3 pailletées.</span></p><p><span style=""color: rgb(18, 18, 18)"">Nous savons à quel point il est difficile de trouver des teintes pour sa palette de nude, qui puissent satisfaire les goûts des clients les plus exigeants.</span></p><p><span style=""color: rgb(18, 18, 18)"">Ce set rassemble justement ces teintes — complexes, précieuses, universelles.</span></p><p><span style=""color: rgb(18, 18, 18)"">Le polygel liquide combine les propriétés d'application facile de la BASE, et les propriétés de résistance du GEL.</span></p><p><span style=""color: rgb(18, 18, 18)"">Toutes les nuances de la gamme Liquid Polygel ont une excellente densité et elles s'appliquent facilement, sont auto-égalisantes et sèchent parfaitement.&nbsp;</span></p><p><span style=""color: rgb(18, 18, 18)"">⁃ le polygel liquide a une consistance moyenne,</span></p><p><span style=""color: rgb(18, 18, 18)"">- s'auto-égalise rapidement,</span></p><p><span style=""color: rgb(18, 18, 18)"">⁃ excellent pour la technique ""sans limage""</span></p><p><span style=""color: rgb(18, 18, 18)"">⁃ peut être déposé facilement avec une fraise grain fin</span></p><p><span style=""color: rgb(18, 18, 18)"">Mode d'emploi : 1. Appliquer une fine couche de base d'adhérence (base FLEX) sur la plaque à ongles préparée.</span></p><p><span style=""color: rgb(18, 18, 18)"">2. Après polymérisation, appliquer le polygel liquide, patinoire puis construction.</span></p><p><span style=""color: rgb(18, 18, 18)"">3. Appliquer une couche de Top Coat et calalyser.</span></p><p><span style=""color: rgb(18, 18, 18)"">Temps de polymérisation 60/120 sec.</span></p><p><span style=""color: rgb(18, 18, 18)"">Flacon de 15 ml</span></p>",polygel-liquides;accessoires,accessoires,,,,,17.9,,,,,,10.45,3,false,,,,,,,,,,,,,,,,,,,,,,,,,,,,,,,,,,,,,,,,,,,,,,,,,,,,,,,,,,,,,,,,,,,,,,,,,,,,,
Product_00550a7c-d5cd-4dec-9581-391c7b07dd85,MEDIA,,,,,,5bdc9f_425df3ac83884ad1b232731bdac9805c~mv2.jpg,,,,,,,,,,,,,,,,,,,,,,,,,,,,,,,,,,,,,,,,,,,,,,,,,,,,,,,,,,,,,,,,,,,,,,,,,,,,,,,,,,,,,,,,,
Product_00550a7c-d5cd-4dec-9581-391c7b07dd85,MEDIA,,,,,,5bdc9f_932167dc13be40e9ac9675bb4c54ac8a~mv2.jpg,,,,,,,,,,,,,,,,,,,,,,,,,,,,,,,,,,,,,,,,,,,,,,,,,,,,,,,,,,,,,,,,,,,,,,,,,,,,,,,,,,,,,,,,,
Product_00550a7c-d5cd-4dec-9581-391c7b07dd85,MEDIA,,,,,,5bdc9f_3e27bf0a3dd048ffbc1630ae1b447655~mv2.jpg,,,,,,,,,,,,,,,,,,,,,,,,,,,,,,,,,,,,,,,,,,,,,,,,,,,,,,,,,,,,,,,,,,,,,,,,,,,,,,,,,,,,,,,,,
Product_45444baf-c37b-48df-b55c-63febf7b85fc,PRODUCT,Polygel Liquide - Elegant 6,true,"<p><span style=""color: rgb(18, 18, 18)"">Albi Polygel Liquide Elegant.</span></p><p><span style=""color: rgb(18, 18, 18)"">La collection ELEGANT — notre interprétation du luxe et du style moderne. 11 nuances, légèrement plus translucides que les nuances classiques, dont 3 pailletées.</span></p><p><span style=""color: rgb(18, 18, 18)"">Nous savons à quel point il est difficile de trouver des teintes pour sa palette de nude, qui puissent satisfaire les goûts des clients les plus exigeants.</span></p><p><span style=""color: rgb(18, 18, 18)"">Ce set rassemble justement ces teintes — complexes, précieuses, universelles.</span></p><p><span style=""color: rgb(18, 18, 18)"">Le polygel liquide combine les propriétés d'application facile de la BASE, et les propriétés de résistance du GEL.</span></p><p><span style=""color: rgb(18, 18, 18)"">Toutes les nuances de la gamme Liquid Polygel ont une excellente densité et elles s'appliquent facilement, sont auto-égalisantes et sèchent parfaitement.&nbsp;</span></p><p><span style=""color: rgb(18, 18, 18)"">⁃ le polygel liquide a une consistance moyenne,</span></p><p><span style=""color: rgb(18, 18, 18)"">- s'auto-égalise rapidement,</span></p><p><span style=""color: rgb(18, 18, 18)"">⁃ excellent pour la technique ""sans limage""</span></p><p><span style=""color: rgb(18, 18, 18)"">⁃ peut être déposé facilement avec une fraise grain fin</span></p><p><span style=""color: rgb(18, 18, 18)"">Mode d'emploi : 1. Appliquer une fine couche de base d'adhérence (base FLEX) sur la plaque à ongles préparée.</span></p><p><span style=""color: rgb(18, 18, 18)"">2. Après polymérisation, appliquer le polygel liquide, patinoire puis construction.</span></p><p><span style=""color: rgb(18, 18, 18)"">3. Appliquer une couche de Top Coat et calalyser.</span></p><p><span style=""color: rgb(18, 18, 18)"">Temps de polymérisation 60/120 sec.</span></p><p><span style=""color: rgb(18, 18, 18)"">Flacon de 15 ml</span></p>",polygel-liquides;accessoires,accessoires,,,,,17.9,,,,,,10.45,3,false,,,,,,,,,,,,,,,,,,,,,,,,,,,,,,,,,,,,,,,,,,,,,,,,,,,,,,,,,,,,,,,,,,,,,,,,,,,,,
Product_45444baf-c37b-48df-b55c-63febf7b85fc,MEDIA,,,,,,5bdc9f_7b96d51f4d0e4135b040936a24579509~mv2.jpg,,,,,,,,,,,,,,,,,,,,,,,,,,,,,,,,,,,,,,,,,,,,,,,,,,,,,,,,,,,,,,,,,,,,,,,,,,,,,,,,,,,,,,,,,
Product_45444baf-c37b-48df-b55c-63febf7b85fc,MEDIA,,,,,,5bdc9f_828ab9df9b304c16a7ff610eff720192~mv2.jpg,,,,,,,,,,,,,,,,,,,,,,,,,,,,,,,,,,,,,,,,,,,,,,,,,,,,,,,,,,,,,,,,,,,,,,,,,,,,,,,,,,,,,,,,,
Product_45444baf-c37b-48df-b55c-63febf7b85fc,MEDIA,,,,,,5bdc9f_3e27bf0a3dd048ffbc1630ae1b447655~mv2.jpg,,,,,,,,,,,,,,,,,,,,,,,,,,,,,,,,,,,,,,,,,,,,,,,,,,,,,,,,,,,,,,,,,,,,,,,,,,,,,,,,,,,,,,,,,
Product_d9324908-9efc-4143-ba1b-1990de7ed63d,PRODUCT,Polygel Liquide - Elegant 7,true,"<p><span style=""color: rgb(18, 18, 18)"">Albi Polygel Liquide Elegant.</span></p><p><span style=""color: rgb(18, 18, 18)"">La collection ELEGANT — notre interprétation du luxe et du style moderne. 11 nuances, légèrement plus translucides que les nuances classiques, dont 3 pailletées.</span></p><p><span style=""color: rgb(18, 18, 18)"">Nous savons à quel point il est difficile de trouver des teintes pour sa palette de nude, qui puissent satisfaire les goûts des clients les plus exigeants.</span></p><p><span style=""color: rgb(18, 18, 18)"">Ce set rassemble justement ces teintes — complexes, précieuses, universelles.</span></p><p><span style=""color: rgb(18, 18, 18)"">Le polygel liquide combine les propriétés d'application facile de la BASE, et les propriétés de résistance du GEL.</span></p><p><span style=""color: rgb(18, 18, 18)"">Toutes les nuances de la gamme Liquid Polygel ont une excellente densité et elles s'appliquent facilement, sont auto-égalisantes et sèchent parfaitement.&nbsp;</span></p><p><span style=""color: rgb(18, 18, 18)"">⁃ le polygel liquide a une consistance moyenne,</span></p><p><span style=""color: rgb(18, 18, 18)"">- s'auto-égalise rapidement,</span></p><p><span style=""color: rgb(18, 18, 18)"">⁃ excellent pour la technique ""sans limage""</span></p><p><span style=""color: rgb(18, 18, 18)"">⁃ peut être déposé facilement avec une fraise grain fin</span></p><p><span style=""color: rgb(18, 18, 18)"">Mode d'emploi : 1. Appliquer une fine couche de base d'adhérence (base FLEX) sur la plaque à ongles préparée.</span></p><p><span style=""color: rgb(18, 18, 18)"">2. Après polymérisation, appliquer le polygel liquide, patinoire puis construction.</span></p><p><span style=""color: rgb(18, 18, 18)"">3. Appliquer une couche de Top Coat et calalyser.</span></p><p><span style=""color: rgb(18, 18, 18)"">Temps de polymérisation 60/120 sec.</span></p><p><span style=""color: rgb(18, 18, 18)"">Flacon de 15 ml</span></p>",polygel-liquides;accessoires,accessoires,,,,,17.9,,,,,,10.45,3,false,,,,,,,,,,,,,,,,,,,,,,,,,,,,,,,,,,,,,,,,,,,,,,,,,,,,,,,,,,,,,,,,,,,,,,,,,,,,,
Product_d9324908-9efc-4143-ba1b-1990de7ed63d,MEDIA,,,,,,5bdc9f_f049a4aed6154d4c9bb8c291a1ce60f9~mv2.jpg,,,,,,,,,,,,,,,,,,,,,,,,,,,,,,,,,,,,,,,,,,,,,,,,,,,,,,,,,,,,,,,,,,,,,,,,,,,,,,,,,,,,,,,,,
Product_d9324908-9efc-4143-ba1b-1990de7ed63d,MEDIA,,,,,,5bdc9f_017b93f70ee84ecf83f57f588b67f068~mv2.jpg,,,,,,,,,,,,,,,,,,,,,,,,,,,,,,,,,,,,,,,,,,,,,,,,,,,,,,,,,,,,,,,,,,,,,,,,,,,,,,,,,,,,,,,,,
Product_d9324908-9efc-4143-ba1b-1990de7ed63d,MEDIA,,,,,,5bdc9f_db6dab0cbbdf47e0a26a363575f171c1~mv2.jpg,,,,,,,,,,,,,,,,,,,,,,,,,,,,,,,,,,,,,,,,,,,,,,,,,,,,,,,,,,,,,,,,,,,,,,,,,,,,,,,,,,,,,,,,,
Product_d9324908-9efc-4143-ba1b-1990de7ed63d,MEDIA,,,,,,5bdc9f_0a1d982721a7421d86d13688ecab0ada~mv2.jpg,,,,,,,,,,,,,,,,,,,,,,,,,,,,,,,,,,,,,,,,,,,,,,,,,,,,,,,,,,,,,,,,,,,,,,,,,,,,,,,,,,,,,,,,,
Product_d9324908-9efc-4143-ba1b-1990de7ed63d,MEDIA,,,,,,5bdc9f_3e27bf0a3dd048ffbc1630ae1b447655~mv2.jpg,,,,,,,,,,,,,,,,,,,,,,,,,,,,,,,,,,,,,,,,,,,,,,,,,,,,,,,,,,,,,,,,,,,,,,,,,,,,,,,,,,,,,,,,,
Product_0e2a36e9-45dc-46e3-967d-f21b0cb14651,PRODUCT,Polygel Liquide - Inhale,true,"<p><span style=""color: rgb(18, 18, 18)"">ALBI POLYGEL LIQUIDE&nbsp; le plus innovant pour le renforcement rapide et durable des ongles.&nbsp;</span></p><p><span style=""color: rgb(18, 18, 18)"">Vous pouvez l' utiliser pour faire des extensions sur des formes, corriger les extensions, réparer les NP, compléter les coins ou renforcer les ongles. Ce materiau combine les propriétés d'application facile de la BASE, et les propriétés de résistance du GEL.</span></p><p><span style=""color: rgb(18, 18, 18)"">Toutes les nuances de la gamme Liquid Polygel ont une excellente densité et un excellent pouvoir couvrant, elles s'appliquent parfaitement, s'autonivellent et sèchent </span><a href=""http://parfaitement.Ne"" rel=""noreferrer"" target=""_blank""><span style=""color: rgb(18, 18, 18)"">parfaitement.Ne</span></a><span style=""color: rgb(18, 18, 18)""> rétrécit pas tout au long de l'usure.</span></p><p><span style=""color: rgb(18, 18, 18)"">⁃ le polygel liquide a une consistance moyenne,</span></p><p><span style=""color: rgb(18, 18, 18)"">- s'auto-nivelle rapidement,</span></p><p><span style=""color: rgb(18, 18, 18)"">⁃ excellent pour travailler dans la technique ""sans limage""</span></p><p><span style=""color: rgb(18, 18, 18)"">⁃ peut être enlevé avec une fraise grain fin</span></p><p><span style=""color: rgb(18, 18, 18)"">Mode d'emploi : appliquer une fine couche de base d'adhérence ( base FLEX) sur la plaque à ongles préparée.</span></p><p><span style=""color: rgb(18, 18, 18)"">Après polymérisation, appliquer le polygel liquide, comme couche de nivellement.</span></p><p><span style=""color: rgb(18, 18, 18)"">Temps de polymérisation 60/120 sec.</span></p><p><span style=""color: rgb(18, 18, 18)"">Flacon de 15 ml</span></p>",polygel-liquides;accessoires,accessoires,,,,,17.9,,,,,,10.45,3,false,,,,,,,,,,,,,,,,,,,,,,,,,,,,,,,,,,,,,,,,,,,,,,,,,,,,,,,,,,,,,,,,,,,,,,,,,,,,,
Product_0e2a36e9-45dc-46e3-967d-f21b0cb14651,MEDIA,,,,,,5bdc9f_5219fcac682d49429fbfd7297744b630~mv2.jpg,,,,,,,,,,,,,,,,,,,,,,,,,,,,,,,,,,,,,,,,,,,,,,,,,,,,,,,,,,,,,,,,,,,,,,,,,,,,,,,,,,,,,,,,,
Product_0e2a36e9-45dc-46e3-967d-f21b0cb14651,MEDIA,,,,,,5bdc9f_ee55e3e486b447f38cb6e0bc34fe7de9~mv2.jpg,,,,,,,,,,,,,,,,,,,,,,,,,,,,,,,,,,,,,,,,,,,,,,,,,,,,,,,,,,,,,,,,,,,,,,,,,,,,,,,,,,,,,,,,,
Product_0e2a36e9-45dc-46e3-967d-f21b0cb14651,MEDIA,,,,,,5bdc9f_4c2ca2393d744a83a222c00e4a42a474~mv2.jpg,,,,,,,,,,,,,,,,,,,,,,,,,,,,,,,,,,,,,,,,,,,,,,,,,,,,,,,,,,,,,,,,,,,,,,,,,,,,,,,,,,,,,,,,,
Product_2f5beca0-89a3-42a8-a6bc-54ea6b49d954,PRODUCT,Polygel Liquide - Blossom,true,"<p><span style=""color: rgb(18, 18, 18)"">ALBI POLYGEL LIQUIDE&nbsp; le plus innovant pour le renforcement rapide et durable des ongles.&nbsp;</span></p><p><span style=""color: rgb(18, 18, 18)"">Vous pouvez l' utiliser pour faire des extensions sur des formes, corriger les extensions, réparer les NP, compléter les coins ou renforcer les ongles. Ce materiau combine les propriétés d'application facile de la BASE, et les propriétés de résistance du GEL.</span></p><p><span style=""color: rgb(18, 18, 18)"">Toutes les nuances de la gamme Liquid Polygel ont une excellente densité et un excellent pouvoir couvrant, elles s'appliquent parfaitement, s'autonivellent et sèchent </span><a href=""http://parfaitement.Ne"" rel=""noreferrer"" target=""_blank""><span style=""color: rgb(18, 18, 18)"">parfaitement.Ne</span></a><span style=""color: rgb(18, 18, 18)""> rétrécit pas tout au long de l'usure.</span></p><p><span style=""color: rgb(18, 18, 18)"">⁃ le polygel liquide a une consistance moyenne,</span></p><p><span style=""color: rgb(18, 18, 18)"">- s'auto-nivelle rapidement,</span></p><p><span style=""color: rgb(18, 18, 18)"">⁃ excellent pour travailler dans la technique ""sans limage""</span></p><p><span style=""color: rgb(18, 18, 18)"">⁃ peut être enlevé avec une fraise grain fin</span></p><p><span style=""color: rgb(18, 18, 18)"">Mode d'emploi : appliquer une fine couche de base d'adhérence ( base FLEX) sur la plaque à ongles préparée.</span></p><p><span style=""color: rgb(18, 18, 18)"">Après polymérisation, appliquer le polygel liquide, comme couche de nivellement.</span></p><p><span style=""color: rgb(18, 18, 18)"">Temps de polymérisation 60/120 sec.</span></p><p><span style=""color: rgb(18, 18, 18)"">Flacon de 15 ml</span></p>",polygel-liquides;accessoires,accessoires,,,,,17.9,,,,,,10.45,3,false,,,,,,,,,,,,,,,,,,,,,,,,,,,,,,,,,,,,,,,,,,,,,,,,,,,,,,,,,,,,,,,,,,,,,,,,,,,,,
Product_2f5beca0-89a3-42a8-a6bc-54ea6b49d954,MEDIA,,,,,,5bdc9f_9f5d7b1177ec4543832d48e0c8f7a85b~mv2.jpg,,,,,,,,,,,,,,,,,,,,,,,,,,,,,,,,,,,,,,,,,,,,,,,,,,,,,,,,,,,,,,,,,,,,,,,,,,,,,,,,,,,,,,,,,
Product_2f5beca0-89a3-42a8-a6bc-54ea6b49d954,MEDIA,,,,,,5bdc9f_ee55e3e486b447f38cb6e0bc34fe7de9~mv2.jpg,,,,,,,,,,,,,,,,,,,,,,,,,,,,,,,,,,,,,,,,,,,,,,,,,,,,,,,,,,,,,,,,,,,,,,,,,,,,,,,,,,,,,,,,,
Product_2f5beca0-89a3-42a8-a6bc-54ea6b49d954,MEDIA,,,,,,5bdc9f_4ffed6b1f10a4d6994a373822a22bde5~mv2.jpg,,,,,,,,,,,,,,,,,,,,,,,,,,,,,,,,,,,,,,,,,,,,,,,,,,,,,,,,,,,,,,,,,,,,,,,,,,,,,,,,,,,,,,,,,
Product_ac84618a-edf8-4f59-abfd-f014f29642b3,PRODUCT,Polygel Liquide - Pudra,true,"<p><span style=""color: rgb(18, 18, 18)"">ALBI POLYGEL LIQUIDE : le plus innovant pour le renforcement rapide et durable des ongles.</span></p><p><span style=""color: rgb(18, 18, 18)"">Vous pouvez l' utiliser pour faire des extensions sur des formes, corriger les extensions, réparer les NP, compléter les coins ou renforcer les ongles. Ce materiau combine les propriétés d'application facile de la BASE, et les propriétés de résistance du GEL.</span></p><p><span style=""color: rgb(18, 18, 18)"">Toutes les nuances de la gamme Liquid Polygel ont une excellente densité et un excellent pouvoir couvrant, elles s'appliquent parfaitement, s'autonivellent et sèchent </span><a href=""http://parfaitement.Ne"" rel=""noreferrer"" target=""_blank""><span style=""color: rgb(18, 18, 18)"">parfaitement.Ne</span></a><span style=""color: rgb(18, 18, 18)""> rétrécit pas tout au long de l'usure.</span></p><p><span style=""color: rgb(18, 18, 18)"">⁃ le polygel liquide a une consistance moyenne,</span></p><p><span style=""color: rgb(18, 18, 18)"">- s'auto-nivelle rapidement,</span></p><p><span style=""color: rgb(18, 18, 18)"">⁃ excellent pour travailler dans la technique ""sans limage""</span></p><p><span style=""color: rgb(18, 18, 18)"">⁃ peut être enlevé avec une fraise grain fin</span></p><p><span style=""color: rgb(18, 18, 18)"">Mode d'emploi : appliquer une fine couche de base d'adhérence ( base FLEX) sur la plaque à ongles préparée.</span></p><p><span style=""color: rgb(18, 18, 18)"">Après polymérisation, appliquer le polygel liquide, comme couche de nivellement.</span></p><p><span style=""color: rgb(18, 18, 18)"">Temps de polymérisation 60/120 sec.</span></p><p><span style=""color: rgb(18, 18, 18)"">Flacon de 15 ml</span></p>",polygel-liquides;accessoires,accessoires,,,,,17.9,,,,,,10.45,3,false,,,,,,,,,,,,,,,,,,,,,,,,,,,,,,,,,,,,,,,,,,,,,,,,,,,,,,,,,,,,,,,,,,,,,,,,,,,,,
Product_ac84618a-edf8-4f59-abfd-f014f29642b3,MEDIA,,,,,,5bdc9f_13f44413e6974dc39d9385ebfdc6aa0e~mv2.jpg,,,,,,,,,,,,,,,,,,,,,,,,,,,,,,,,,,,,,,,,,,,,,,,,,,,,,,,,,,,,,,,,,,,,,,,,,,,,,,,,,,,,,,,,,
Product_ac84618a-edf8-4f59-abfd-f014f29642b3,MEDIA,,,,,,5bdc9f_1b95528ee88848edb5ae70c8556dccfc~mv2.jpg,,,,,,,,,,,,,,,,,,,,,,,,,,,,,,,,,,,,,,,,,,,,,,,,,,,,,,,,,,,,,,,,,,,,,,,,,,,,,,,,,,,,,,,,,
Product_ac84618a-edf8-4f59-abfd-f014f29642b3,MEDIA,,,,,,5bdc9f_075bd80fe00d49289d00b37065e8adea~mv2.jpg,,,,,,,,,,,,,,,,,,,,,,,,,,,,,,,,,,,,,,,,,,,,,,,,,,,,,,,,,,,,,,,,,,,,,,,,,,,,,,,,,,,,,,,,,
Product_59c9a5ee-bf68-4e30-9398-e553495e94e2,PRODUCT,Polygel Liquide - Cream,true,"<p><span style=""color: rgb(18, 18, 18)"">ALBI POLYGEL LIQUIDE : le plus innovant pour le renforcement rapide et durable des ongles.</span></p><p><span style=""color: rgb(18, 18, 18)"">Vous pouvez l' utiliser pour faire des extensions sur des formes, corriger les extensions, réparer les NP, compléter les coins ou renforcer les ongles. Ce materiau combine les propriétés d'application facile de la BASE, et les propriétés de résistance du GEL.</span></p><p><span style=""color: rgb(18, 18, 18)"">Toutes les nuances de la gamme Liquid Polygel ont une excellente densité et un excellent pouvoir couvrant, elles s'appliquent parfaitement, s'autonivellent et sèchent </span><a href=""http://parfaitement.Ne"" rel=""noreferrer"" target=""_blank""><span style=""color: rgb(18, 18, 18)"">parfaitement.Ne</span></a><span style=""color: rgb(18, 18, 18)""> rétrécit pas tout au long de l'usure.</span></p><p><span style=""color: rgb(18, 18, 18)"">⁃ le polygel liquide a une consistance moyenne,</span></p><p><span style=""color: rgb(18, 18, 18)"">- s'auto-nivelle rapidement,</span></p><p><span style=""color: rgb(18, 18, 18)"">⁃ excellent pour travailler dans la technique ""sans limage""</span></p><p><span style=""color: rgb(18, 18, 18)"">⁃ peut être enlevé avec une fraise grain fin</span></p><p><span style=""color: rgb(18, 18, 18)"">Mode d'emploi : appliquer une fine couche de base d'adhérence ( base FLEX) sur la plaque à ongles préparée.</span></p><p><span style=""color: rgb(18, 18, 18)"">Après polymérisation, appliquer le polygel liquide, comme couche de nivellement.</span></p><p><span style=""color: rgb(18, 18, 18)"">Temps de polymérisation 60/120 sec.</span></p><p><span style=""color: rgb(18, 18, 18)"">Flacon de 15 ml</span></p>",polygel-liquides;accessoires,accessoires,,,,,17.9,,,,,,10.45,3,false,,,,,,,,,,,,,,,,,,,,,,,,,,,,,,,,,,,,,,,,,,,,,,,,,,,,,,,,,,,,,,,,,,,,,,,,,,,,,
Product_59c9a5ee-bf68-4e30-9398-e553495e94e2,MEDIA,,,,,,5bdc9f_63b43583031445f4a6d10eb630648234~mv2.jpg,,,,,,,,,,,,,,,,,,,,,,,,,,,,,,,,,,,,,,,,,,,,,,,,,,,,,,,,,,,,,,,,,,,,,,,,,,,,,,,,,,,,,,,,,
Product_59c9a5ee-bf68-4e30-9398-e553495e94e2,MEDIA,,,,,,5bdc9f_a7eb56a61537498e98f1918e755d940e~mv2.jpg,,,,,,,,,,,,,,,,,,,,,,,,,,,,,,,,,,,,,,,,,,,,,,,,,,,,,,,,,,,,,,,,,,,,,,,,,,,,,,,,,,,,,,,,,
Product_59c9a5ee-bf68-4e30-9398-e553495e94e2,MEDIA,,,,,,5bdc9f_1a64870e31984a35a86717a5372c8576~mv2.jpg,,,,,,,,,,,,,,,,,,,,,,,,,,,,,,,,,,,,,,,,,,,,,,,,,,,,,,,,,,,,,,,,,,,,,,,,,,,,,,,,,,,,,,,,,
Product_59c9a5ee-bf68-4e30-9398-e553495e94e2,MEDIA,,,,,,5bdc9f_075bd80fe00d49289d00b37065e8adea~mv2.jpg,,,,,,,,,,,,,,,,,,,,,,,,,,,,,,,,,,,,,,,,,,,,,,,,,,,,,,,,,,,,,,,,,,,,,,,,,,,,,,,,,,,,,,,,,
Product_28fb8d83-a20b-4fac-866f-ed9e29e38923,PRODUCT,Polygel Liquide - Darling,true,"<p><span style=""color: rgb(18, 18, 18)"">ALBI POLYGEL LIQUIDE : le plus innovant pour le renforcement rapide et durable des ongles.</span></p><p><span style=""color: rgb(18, 18, 18)"">Vous pouvez l' utiliser pour faire des extensions sur des formes, corriger les extensions, réparer les NP, compléter les coins ou renforcer les ongles. Ce materiau combine les propriétés d'application facile de la BASE, et les propriétés de résistance du GEL.</span></p><p><span style=""color: rgb(18, 18, 18)"">Toutes les nuances de la gamme Liquid Polygel ont une excellente densité et un excellent pouvoir couvrant, elles s'appliquent parfaitement, s'autonivellent et sèchent </span><a href=""http://parfaitement.Ne"" rel=""noreferrer"" target=""_blank""><span style=""color: rgb(18, 18, 18)"">parfaitement.Ne</span></a><span style=""color: rgb(18, 18, 18)""> rétrécit pas tout au long de l'usure.</span></p><p><span style=""color: rgb(18, 18, 18)"">⁃ le polygel liquide a une consistance moyenne,</span></p><p><span style=""color: rgb(18, 18, 18)"">- s'auto-nivelle rapidement,</span></p><p><span style=""color: rgb(18, 18, 18)"">⁃ excellent pour travailler dans la technique ""sans limage""</span></p><p><span style=""color: rgb(18, 18, 18)"">⁃ peut être enlevé avec une fraise grain fin</span></p><p><span style=""color: rgb(18, 18, 18)"">Mode d'emploi : appliquer une fine couche de base d'adhérence ( base FLEX) sur la plaque à ongles préparée.</span></p><p><span style=""color: rgb(18, 18, 18)"">Après polymérisation, appliquer le polygel liquide, comme couche de nivellement.</span></p><p><span style=""color: rgb(18, 18, 18)"">Temps de polymérisation 60/120 sec.</span></p><p><span style=""color: rgb(18, 18, 18)"">Flacon de 15 ml</span></p>",polygel-liquides;accessoires,accessoires,,,,,17.9,,,,,,10.45,3,false,,,,,,,,,,,,,,,,,,,,,,,,,,,,,,,,,,,,,,,,,,,,,,,,,,,,,,,,,,,,,,,,,,,,,,,,,,,,,
Product_28fb8d83-a20b-4fac-866f-ed9e29e38923,MEDIA,,,,,,5bdc9f_a7cfa49e66244f689906c8e51f326d34~mv2.jpg,,,,,,,,,,,,,,,,,,,,,,,,,,,,,,,,,,,,,,,,,,,,,,,,,,,,,,,,,,,,,,,,,,,,,,,,,,,,,,,,,,,,,,,,,
Product_28fb8d83-a20b-4fac-866f-ed9e29e38923,MEDIA,,,,,,5bdc9f_1702b9d3066a475a925d9554d1781974~mv2.jpg,,,,,,,,,,,,,,,,,,,,,,,,,,,,,,,,,,,,,,,,,,,,,,,,,,,,,,,,,,,,,,,,,,,,,,,,,,,,,,,,,,,,,,,,,
Product_28fb8d83-a20b-4fac-866f-ed9e29e38923,MEDIA,,,,,,5bdc9f_2f02922cc0be47e2b55674e93b11cee0~mv2.jpg,,,,,,,,,,,,,,,,,,,,,,,,,,,,,,,,,,,,,,,,,,,,,,,,,,,,,,,,,,,,,,,,,,,,,,,,,,,,,,,,,,,,,,,,,
Product_8d62a8b4-1968-4c1d-9e54-97098d62c7d9,PRODUCT,Polygel Liquide - Silk,true,"<p><span style=""color: rgb(18, 18, 18)"">ALBI POLYGEL LIQUIDE : le plus innovant pour le renforcement rapide et durable des ongles.</span></p><p><span style=""color: rgb(18, 18, 18)"">Vous pouvez l' utiliser pour faire des extensions sur des formes, corriger les extensions, réparer les NP, compléter les coins ou renforcer les ongles. Ce materiau combine les propriétés d'application facile de la BASE, et les propriétés de résistance du GEL.</span></p><p><span style=""color: rgb(18, 18, 18)"">Toutes les nuances de la gamme Liquid Polygel ont une excellente densité et un excellent pouvoir couvrant, elles s'appliquent parfaitement, s'autonivellent et sèchent </span><a href=""http://parfaitement.Ne"" rel=""noreferrer"" target=""_blank""><span style=""color: rgb(18, 18, 18)"">parfaitement.Ne</span></a><span style=""color: rgb(18, 18, 18)""> rétrécit pas tout au long de l'usure.</span></p><p><span style=""color: rgb(18, 18, 18)"">⁃ le polygel liquide a une consistance moyenne,</span></p><p><span style=""color: rgb(18, 18, 18)"">- s'auto-nivelle rapidement,</span></p><p><span style=""color: rgb(18, 18, 18)"">⁃ excellent pour travailler dans la technique ""sans limage""</span></p><p><span style=""color: rgb(18, 18, 18)"">⁃ peut être enlevé avec une fraise grain fin</span></p><p><span style=""color: rgb(18, 18, 18)"">Mode d'emploi : appliquer une fine couche de base d'adhérence ( base FLEX) sur la plaque à ongles préparée.</span></p><p><span style=""color: rgb(18, 18, 18)"">Après polymérisation, appliquer le polygel liquide, comme couche de nivellement.</span></p><p><span style=""color: rgb(18, 18, 18)"">Temps de polymérisation 60/120 sec.</span></p><p><span style=""color: rgb(18, 18, 18)"">Flacon de 15 ml</span></p>",polygel-liquides;accessoires,accessoires,,,,,17.9,,,,,,10.45,3,false,,,,,,,,,,,,,,,,,,,,,,,,,,,,,,,,,,,,,,,,,,,,,,,,,,,,,,,,,,,,,,,,,,,,,,,,,,,,,
Product_8d62a8b4-1968-4c1d-9e54-97098d62c7d9,MEDIA,,,,,,5bdc9f_bf49f62c6f1f4d72b9d488e71ad63886~mv2.jpg,,,,,,,,,,,,,,,,,,,,,,,,,,,,,,,,,,,,,,,,,,,,,,,,,,,,,,,,,,,,,,,,,,,,,,,,,,,,,,,,,,,,,,,,,
Product_8d62a8b4-1968-4c1d-9e54-97098d62c7d9,MEDIA,,,,,,5bdc9f_33e815bbf0994f65818dd8a89c785e04~mv2.jpg,,,,,,,,,,,,,,,,,,,,,,,,,,,,,,,,,,,,,,,,,,,,,,,,,,,,,,,,,,,,,,,,,,,,,,,,,,,,,,,,,,,,,,,,,
Product_8d62a8b4-1968-4c1d-9e54-97098d62c7d9,MEDIA,,,,,,5bdc9f_48986a933a414298a7a80c63f0f9b07c~mv2.webp,,,,,,,,,,,,,,,,,,,,,,,,,,,,,,,,,,,,,,,,,,,,,,,,,,,,,,,,,,,,,,,,,,,,,,,,,,,,,,,,,,,,,,,,,
Product_18f42127-a596-487b-9e3d-7f9dc26ad9ab,PRODUCT,Polygel Liquide - Soft,true,"<p><span style=""color: rgb(18, 18, 18)"">ALBI POLYGEL LIQUIDE : le plus innovant pour le renforcement rapide et durable des ongles.</span></p><p><span style=""color: rgb(18, 18, 18)"">Vous pouvez l' utiliser pour faire des extensions sur des formes, corriger les extensions, réparer les NP, compléter les coins ou renforcer les ongles. Ce materiau combine les propriétés d'application facile de la BASE, et les propriétés de résistance du GEL.</span></p><p><span style=""color: rgb(18, 18, 18)"">Toutes les nuances de la gamme Liquid Polygel ont une excellente densité et un excellent pouvoir couvrant, elles s'appliquent parfaitement, s'autonivellent et sèchent </span><a href=""http://parfaitement.Ne"" rel=""noreferrer"" target=""_blank""><span style=""color: rgb(18, 18, 18)"">parfaitement.Ne</span></a><span style=""color: rgb(18, 18, 18)""> rétrécit pas tout au long de l'usure.</span></p><p><span style=""color: rgb(18, 18, 18)"">⁃ le polygel liquide a une consistance moyenne,</span></p><p><span style=""color: rgb(18, 18, 18)"">- s'auto-nivelle rapidement,</span></p><p><span style=""color: rgb(18, 18, 18)"">⁃ excellent pour travailler dans la technique ""sans limage""</span></p><p><span style=""color: rgb(18, 18, 18)"">⁃ peut être enlevé avec une fraise grain fin</span></p><p><span style=""color: rgb(18, 18, 18)"">Mode d'emploi : appliquer une fine couche de base d'adhérence ( base FLEX) sur la plaque à ongles préparée.</span></p><p><span style=""color: rgb(18, 18, 18)"">Après polymérisation, appliquer le polygel liquide, comme couche de nivellement.</span></p><p><span style=""color: rgb(18, 18, 18)"">Temps de polymérisation 60/120 sec.</span></p><p><span style=""color: rgb(18, 18, 18)"">Flacon de 15 ml</span></p>",polygel-liquides;accessoires,accessoires,,,,,17.9,,,,,,10.45,3,false,,,,,,,,,,,,,,,,,,,,,,,,,,,,,,,,,,,,,,,,,,,,,,,,,,,,,,,,,,,,,,,,,,,,,,,,,,,,,
Product_18f42127-a596-487b-9e3d-7f9dc26ad9ab,MEDIA,,,,,,5bdc9f_673aa1f7a998478ca3d0f734155863f9~mv2.jpg,,,,,,,,,,,,,,,,,,,,,,,,,,,,,,,,,,,,,,,,,,,,,,,,,,,,,,,,,,,,,,,,,,,,,,,,,,,,,,,,,,,,,,,,,
Product_18f42127-a596-487b-9e3d-7f9dc26ad9ab,MEDIA,,,,,,5bdc9f_f0313feb3ac14d779eba0f3651aa4ae7~mv2.jpg,,,,,,,,,,,,,,,,,,,,,,,,,,,,,,,,,,,,,,,,,,,,,,,,,,,,,,,,,,,,,,,,,,,,,,,,,,,,,,,,,,,,,,,,,
Product_18f42127-a596-487b-9e3d-7f9dc26ad9ab,MEDIA,,,,,,5bdc9f_48986a933a414298a7a80c63f0f9b07c~mv2.webp,,,,,,,,,,,,,,,,,,,,,,,,,,,,,,,,,,,,,,,,,,,,,,,,,,,,,,,,,,,,,,,,,,,,,,,,,,,,,,,,,,,,,,,,,
Product_1bba90ef-a496-41ce-ba50-14f6fd7dedb1,PRODUCT,Polygel Liquide - Tea Rose,true,"<p><span style=""color: rgb(18, 18, 18)"">ALBI POLYGEL LIQUIDE : le plus innovant pour le renforcement rapide et durable des ongles.</span></p><p><span style=""color: rgb(18, 18, 18)"">Vous pouvez l' utiliser pour faire des extensions sur des formes, corriger les extensions, réparer les NP, compléter les coins ou renforcer les ongles. Ce materiau combine les propriétés d'application facile de la BASE, et les propriétés de résistance du GEL.</span></p><p><span style=""color: rgb(18, 18, 18)"">Toutes les nuances de la gamme Liquid Polygel ont une excellente densité et un excellent pouvoir couvrant, elles s'appliquent parfaitement, s'autonivellent et sèchent </span><a href=""http://parfaitement.Ne"" rel=""noreferrer"" target=""_blank""><span style=""color: rgb(18, 18, 18)"">parfaitement.Ne</span></a><span style=""color: rgb(18, 18, 18)""> rétrécit pas tout au long de l'usure.</span></p><p><span style=""color: rgb(18, 18, 18)"">⁃ le polygel liquide a une consistance moyenne,</span></p><p><span style=""color: rgb(18, 18, 18)"">- s'auto-nivelle rapidement,</span></p><p><span style=""color: rgb(18, 18, 18)"">⁃ excellent pour travailler dans la technique ""sans limage""</span></p><p><span style=""color: rgb(18, 18, 18)"">⁃ peut être enlevé avec une fraise grain fin</span></p><p><span style=""color: rgb(18, 18, 18)"">Mode d'emploi : appliquer une fine couche de base d'adhérence ( base FLEX) sur la plaque à ongles préparée.</span></p><p><span style=""color: rgb(18, 18, 18)"">Après polymérisation, appliquer le polygel liquide, comme couche de nivellement.</span></p><p><span style=""color: rgb(18, 18, 18)"">Temps de polymérisation 60/120 sec.</span></p><p><span style=""color: rgb(18, 18, 18)"">Flacon de 15 ml</span></p>",polygel-liquides;accessoires,accessoires,,,,,17.9,,,,,,10.45,3,false,,,,,,,,,,,,,,,,,,,,,,,,,,,,,,,,,,,,,,,,,,,,,,,,,,,,,,,,,,,,,,,,,,,,,,,,,,,,,
Product_1bba90ef-a496-41ce-ba50-14f6fd7dedb1,MEDIA,,,,,,5bdc9f_a8aca89759cf494bbbf0423936feb895~mv2.jpg,,,,,,,,,,,,,,,,,,,,,,,,,,,,,,,,,,,,,,,,,,,,,,,,,,,,,,,,,,,,,,,,,,,,,,,,,,,,,,,,,,,,,,,,,
Product_1bba90ef-a496-41ce-ba50-14f6fd7dedb1,MEDIA,,,,,,5bdc9f_131a9e65518d4298ab9b66b94c67fe08~mv2.jpg,,,,,,,,,,,,,,,,,,,,,,,,,,,,,,,,,,,,,,,,,,,,,,,,,,,,,,,,,,,,,,,,,,,,,,,,,,,,,,,,,,,,,,,,,
Product_ad085539-c260-4113-a0ff-54ee8215e3fa,PRODUCT,Secret Base - Milk,true,"<p><span style=""font-weight: 700; color: rgb(18, 18, 18)"">Secret Base Albi</span><span style=""color: rgb(18, 18, 18)""> est une base de renfort camouflage 2-en-1, sans acidité — la gamme des tons naturels translucides pour un rendu peau parfaite.</span></p><ul><li><p><span style=""color: rgb(18, 18, 18)"">Texture fluide auto-égalisante — application rapide sans limage</span></p></li><li><p><span style=""color: rgb(18, 18, 18)"">Rendu translucide et naturel — camoufle discrètement la plaque</span></p></li><li><p><span style=""color: rgb(18, 18, 18)"">Sans acidité — respecte les ongles sensibles et réactifs</span></p></li><li><p><span style=""color: rgb(18, 18, 18)"">Dépose soak-off ou ponceuse, sans chauffe pour la cliente</span></p></li><li><p><span style=""color: rgb(18, 18, 18)"">Idéal sur ongles courts à mi-longs</span></p></li></ul>",accessoires;secret-base;bases,accessoires,,,,,17.9,,,,,,10.45,3,false,,,,,,,,,,,,,,,,,,,,,,,,,,,,,,,,,,,,,,,,,,,,,,,,,,,,,,,,,,,,,,,,,,,,,,,,,,,,,
Product_ad085539-c260-4113-a0ff-54ee8215e3fa,MEDIA,,,,,,5bdc9f_bbde8af99de948068a1d2cca1b340ccc~mv2.jpg,,,,,,,,,,,,,,,,,,,,,,,,,,,,,,,,,,,,,,,,,,,,,,,,,,,,,,,,,,,,,,,,,,,,,,,,,,,,,,,,,,,,,,,,,
Product_ad085539-c260-4113-a0ff-54ee8215e3fa,MEDIA,,,,,,5bdc9f_20d370e186b14c9fa32772bcfeb1fa95~mv2.webp,,,,,,,,,,,,,,,,,,,,,,,,,,,,,,,,,,,,,,,,,,,,,,,,,,,,,,,,,,,,,,,,,,,,,,,,,,,,,,,,,,,,,,,,,
Product_ad085539-c260-4113-a0ff-54ee8215e3fa,MEDIA,,,,,,5bdc9f_1086d81aaa924264934ea9b90826a5e6~mv2.webp,,,,,,,,,,,,,,,,,,,,,,,,,,,,,,,,,,,,,,,,,,,,,,,,,,,,,,,,,,,,,,,,,,,,,,,,,,,,,,,,,,,,,,,,,
Product_d40fcfaf-e32b-458c-8efe-91ea5b5c71f3,PRODUCT,Rubber Base - Clean Girl,true,"<p><span style=""font-weight: 700; color: rgb(18, 18, 18)"">Base Rubber Albi Clean Girl</span><span style=""color: rgb(18, 18, 18)""> est une base de renfort colorée 2-en-1, conçue pour une pose express sur ongles courts à mi-longs — couleur et renfort en une seule étape.</span></p><ul><li><p><span style=""color: rgb(18, 18, 18)"">Texture fluide auto-égalisante — application rapide et précise sans limage</span></p></li><li><p><span style=""color: rgb(18, 18, 18)"">Renforce les ongles fins à normaux — idéal sur ongles courts à mi-longs</span></p></li><li><p><span style=""color: rgb(18, 18, 18)"">Couleur très pigmentée dès la première couche — finition directe possible</span></p></li><li><p><span style=""color: rgb(18, 18, 18)"">Dépose à la ponceuse, poussière fine, sans chauffe pour la cliente</span></p></li><li><p><span style=""color: rgb(18, 18, 18)"">Acidité +++ — appliquer une sous-couche de Base FLEX sur ongles sensibles</span></p></li></ul><p><span style=""color: rgb(18, 18, 18)"">🧯 Ongles courts, fins, précis. Clean Girl incarne le minimalisme soigné.</span></p>",secret-base;bases;accessoires,accessoires,,,,,17.9,,,,,,10.45,3,false,,,,,,,,,,,,,,,,,,,,,,,,,,,,,,,,,,,,,,,,,,,,,,,,,,,,,,,,,,,,,,,,,,,,,,,,,,,,,
Product_d40fcfaf-e32b-458c-8efe-91ea5b5c71f3,MEDIA,,,,,,5bdc9f_fceaa3dd67bc4eadbf80151652c42201~mv2.jpg,,,,,,,,,,,,,,,,,,,,,,,,,,,,,,,,,,,,,,,,,,,,,,,,,,,,,,,,,,,,,,,,,,,,,,,,,,,,,,,,,,,,,,,,,
Product_d40fcfaf-e32b-458c-8efe-91ea5b5c71f3,MEDIA,,,,,,5bdc9f_4598f6e632de49b7bbc98e50d6a2592d~mv2.jpg,,,,,,,,,,,,,,,,,,,,,,,,,,,,,,,,,,,,,,,,,,,,,,,,,,,,,,,,,,,,,,,,,,,,,,,,,,,,,,,,,,,,,,,,,
Product_6261dbb4-d8bc-4a7f-a71d-98958202e7bc,PRODUCT,Rubber Base - Good Girl,true,"<p><span style=""font-weight: 700; color: rgb(18, 18, 18)"">Base Rubber Albi Good Girl</span><span style=""color: rgb(18, 18, 18)""> est une base de renfort colorée 2-en-1, conçue pour une pose express sur ongles courts à mi-longs — couleur et renfort en une seule étape.</span></p><ul><li><p><span style=""color: rgb(18, 18, 18)"">Texture fluide auto-égalisante — application rapide et précise sans limage</span></p></li><li><p><span style=""color: rgb(18, 18, 18)"">Renforce les ongles fins à normaux — idéal sur ongles courts à mi-longs</span></p></li><li><p><span style=""color: rgb(18, 18, 18)"">Couleur très pigmentée dès la première couche — finition directe possible</span></p></li><li><p><span style=""color: rgb(18, 18, 18)"">Dépose à la ponceuse, poussière fine, sans chauffe pour la cliente</span></p></li><li><p><span style=""color: rgb(18, 18, 18)"">Acidité +++ — appliquer une sous-couche de Base FLEX sur ongles sensibles</span></p></li></ul><p><span style=""color: rgb(18, 18, 18)"">🌸 Féminité raffinée, soin et élégance naturelle. Good Girl sait ce qu’elle veut.</span></p>",secret-base;bases;accessoires,accessoires,,,,,17.9,,,,,,10.45,3,false,,,,,,,,,,,,,,,,,,,,,,,,,,,,,,,,,,,,,,,,,,,,,,,,,,,,,,,,,,,,,,,,,,,,,,,,,,,,,
Product_6261dbb4-d8bc-4a7f-a71d-98958202e7bc,MEDIA,,,,,,5bdc9f_209410f048214b27861b442c1424b19c~mv2.jpg,,,,,,,,,,,,,,,,,,,,,,,,,,,,,,,,,,,,,,,,,,,,,,,,,,,,,,,,,,,,,,,,,,,,,,,,,,,,,,,,,,,,,,,,,
Product_6261dbb4-d8bc-4a7f-a71d-98958202e7bc,MEDIA,,,,,,5bdc9f_1fddd0596f2a4378a36473356e84adaa~mv2.jpg,,,,,,,,,,,,,,,,,,,,,,,,,,,,,,,,,,,,,,,,,,,,,,,,,,,,,,,,,,,,,,,,,,,,,,,,,,,,,,,,,,,,,,,,,
Product_1696df81-dfd8-4754-beed-3b94392cf58f,PRODUCT,Liquid Gel - Baby Pink,true,"<p><span style=""color: rgb(18, 18, 18)"">Le gel liquide est un matériau solide, comme tout autre gel qui ne diffère que par sa consistance.</span></p><p><span style=""color: rgb(18, 18, 18)"">En raison de sa consistance suffisamment liquide, par rapport au format classique du gel, Albi Liquid Gel peut grandement simplifier et accélérer le travail - il est facilement appliqué sur la plaque de l’ongle.</span></p><p><span style=""color: rgb(18, 18, 18)"">Méthode d’application :</span></p><ul><li><p><span style=""color: rgb(18, 18, 18)"">Appliquer la base flex en couche mince couche, catalyser.</span></p></li><li><p><span style=""color: rgb(18, 18, 18)"">Enlever ou pas la couche collante.</span></p></li><li><p><span style=""color: rgb(18, 18, 18)"">Appliquer le gel liquide en deux couches : </span></p><ul><li><p><span style=""color: rgb(18, 18, 18)"">1 - patinoire</span></p></li><li><p><span style=""color: rgb(18, 18, 18)"">2 - nivellement</span></p></li></ul></li></ul><p><span style=""color: rgb(18, 18, 18)"">Temps de polymérisation 60/120 sec.</span></p><p><span style=""color: rgb(18, 18, 18)"">Gels présentés en bouteilles 15 ml, le pinceau produit est légèrement plus court que sur les autres flacons afin de faciliter l'application.</span></p>",accessoires;gels;liquid-gel,accessoires,,,,,17.9,,,,,,10.45,3,false,,,,,,,,,,,,,,,,,,,,,,,,,,,,,,,,,,,,,,,,,,,,,,,,,,,,,,,,,,,,,,,,,,,,,,,,,,,,,
Product_1696df81-dfd8-4754-beed-3b94392cf58f,MEDIA,,,,,,5bdc9f_47027033375147deaebe4c569b279452~mv2.webp,,,,,,,,,,,,,,,,,,,,,,,,,,,,,,,,,,,,,,,,,,,,,,,,,,,,,,,,,,,,,,,,,,,,,,,,,,,,,,,,,,,,,,,,,
Product_1696df81-dfd8-4754-beed-3b94392cf58f,MEDIA,,,,,,5bdc9f_2cbcde97072b453895f2478cd9d8d100~mv2.jpg,,,,,,,,,,,,,,,,,,,,,,,,,,,,,,,,,,,,,,,,,,,,,,,,,,,,,,,,,,,,,,,,,,,,,,,,,,,,,,,,,,,,,,,,,
Product_1696df81-dfd8-4754-beed-3b94392cf58f,MEDIA,,,,,,5bdc9f_96f9d3f408a74314b0f36466b005b5de~mv2.jpg,,,,,,,,,,,,,,,,,,,,,,,,,,,,,,,,,,,,,,,,,,,,,,,,,,,,,,,,,,,,,,,,,,,,,,,,,,,,,,,,,,,,,,,,,
Product_34f66738-262f-4801-91bd-8ddbe4e356dc,PRODUCT,Liquid Gel - Coconut Milk,true,"<p><span style=""color: rgb(18, 18, 18)"">Le gel liquide est un matériau solide, comme tout autre gel qui ne diffère que par sa consistance.</span></p><p><span style=""color: rgb(18, 18, 18)"">En raison de sa consistance suffisamment liquide, par rapport au format classique du gel, Albi Liquid Gel peut grandement simplifier et accélérer le travail - il est facilement appliqué sur la plaque de l’ongle.</span></p><p><span style=""color: rgb(18, 18, 18)"">Méthode d’application :</span></p><ul><li><p><span style=""color: rgb(18, 18, 18)"">Appliquer la base flex en couche mince couche, catalyser.</span></p></li><li><p><span style=""color: rgb(18, 18, 18)"">Enlever ou pas la couche collante.</span></p></li><li><p><span style=""color: rgb(18, 18, 18)"">Appliquer le gel liquide en deux couches : </span></p><ul><li><p><span style=""color: rgb(18, 18, 18)"">1 - patinoire</span></p></li><li><p><span style=""color: rgb(18, 18, 18)"">2 - nivellement</span></p></li></ul></li></ul><p><span style=""color: rgb(18, 18, 18)"">Temps de polymérisation 60/120 sec.</span></p><p><span style=""color: rgb(18, 18, 18)"">Gels présentés en bouteilles 15 ml, le pinceau produit est légèrement plus court que sur les autres flacons afin de faciliter l'application.</span></p>",gels;liquid-gel;accessoires,accessoires,,,,,17.9,,,,,,10.45,3,false,,,,,,,,,,,,,,,,,,,,,,,,,,,,,,,,,,,,,,,,,,,,,,,,,,,,,,,,,,,,,,,,,,,,,,,,,,,,,
Product_34f66738-262f-4801-91bd-8ddbe4e356dc,MEDIA,,,,,,5bdc9f_f4b4e94af1524454b66c42fce4e67512~mv2.webp,,,,,,,,,,,,,,,,,,,,,,,,,,,,,,,,,,,,,,,,,,,,,,,,,,,,,,,,,,,,,,,,,,,,,,,,,,,,,,,,,,,,,,,,,
Product_34f66738-262f-4801-91bd-8ddbe4e356dc,MEDIA,,,,,,5bdc9f_286ab4ae71774801acc941fdb98b984b~mv2.webp,,,,,,,,,,,,,,,,,,,,,,,,,,,,,,,,,,,,,,,,,,,,,,,,,,,,,,,,,,,,,,,,,,,,,,,,,,,,,,,,,,,,,,,,,
Product_34f66738-262f-4801-91bd-8ddbe4e356dc,MEDIA,,,,,,5bdc9f_1ae21de5a865407f8cea91518efe446d~mv2.jpg,,,,,,,,,,,,,,,,,,,,,,,,,,,,,,,,,,,,,,,,,,,,,,,,,,,,,,,,,,,,,,,,,,,,,,,,,,,,,,,,,,,,,,,,,
Product_34f66738-262f-4801-91bd-8ddbe4e356dc,MEDIA,,,,,,5bdc9f_96f9d3f408a74314b0f36466b005b5de~mv2.jpg,,,,,,,,,,,,,,,,,,,,,,,,,,,,,,,,,,,,,,,,,,,,,,,,,,,,,,,,,,,,,,,,,,,,,,,,,,,,,,,,,,,,,,,,,
Product_4c6e71ac-044e-4483-9415-be9ed3f21aec,PRODUCT,Prime Gel - 2,true,"<p><span style=""font-weight: 700; color: rgb(18, 18, 18)"">Prime Gel Albi 2</span><span style=""color: rgb(18, 18, 18)""> — la nouvelle génération de gels de construction Albi est là.</span></p><p><span style=""color: rgb(18, 18, 18)"">Fluide pour aller vite. Sans couler pour une précision maximale. Plus dur sur l'ongle qu'aucun gel que vous avez utilisé jusqu'à présent.</span></p><ul><li><p><span style=""color: rgb(18, 18, 18)"">Ne coule pas pendant le travail — chaque geste reste précis et maîtrisé</span></p></li><li><p><span style=""color: rgb(18, 18, 18)"">Résultat plus dur sur l'ongle — solidité et tenue supérieures</span></p></li><li><p><span style=""color: rgb(18, 18, 18)"">Formule hypoallergénique</span></p></li><li><p><span style=""color: rgb(18, 18, 18)"">Dégagement de chaleur minimal à la polymérisation</span></p></li><li><p><span style=""color: rgb(18, 18, 18)"">Extension et renforcement en un seul produit — toutes longueurs, tous types d'ongles</span></p></li></ul>",gels;accessoires;prime-gel,accessoires,,,,,17.9,,,,,,10.45,3,false,,,,,,,,,,,,,,,,,,,,,,,,,,,,,,,,,,,,,,,,,,,,,,,,,,,,,,,,,,,,,,,,,,,,,,,,,,,,,
Product_4c6e71ac-044e-4483-9415-be9ed3f21aec,MEDIA,,,,,,5bdc9f_dae10a037c4c4d71944a8f6f4d3013a3~mv2.webp,,,,,,,,,,,,,,,,,,,,,,,,,,,,,,,,,,,,,,,,,,,,,,,,,,,,,,,,,,,,,,,,,,,,,,,,,,,,,,,,,,,,,,,,,
Product_4c6e71ac-044e-4483-9415-be9ed3f21aec,MEDIA,,,,,,5bdc9f_727621a3674344408fe821b627aec389~mv2.jpg,,,,,,,,,,,,,,,,,,,,,,,,,,,,,,,,,,,,,,,,,,,,,,,,,,,,,,,,,,,,,,,,,,,,,,,,,,,,,,,,,,,,,,,,,
Product_9d1d8684-8cff-4f2d-8f0c-4fa9a9b2083f,PRODUCT,Prime Gel - 4,true,"<p><span style=""font-weight: 700; color: rgb(18, 18, 18)"">Prime Gel Albi 4</span><span style=""color: rgb(18, 18, 18)""> — la nouvelle génération de gels de construction Albi est là.</span></p><p><span style=""color: rgb(18, 18, 18)"">Fluide pour aller vite. Sans couler pour une précision maximale. Plus dur sur l'ongle qu'aucun gel que vous avez utilisé jusqu'à présent.</span></p><ul><li><p><span style=""color: rgb(18, 18, 18)"">Ne coule pas pendant le travail — chaque geste reste précis et maîtrisé</span></p></li><li><p><span style=""color: rgb(18, 18, 18)"">Résultat plus dur sur l'ongle — solidité et tenue supérieures</span></p></li><li><p><span style=""color: rgb(18, 18, 18)"">Formule hypoallergénique</span></p></li><li><p><span style=""color: rgb(18, 18, 18)"">Dégagement de chaleur minimal à la polymérisation</span></p></li><li><p><span style=""color: rgb(18, 18, 18)"">Extension et renforcement en un seul produit — toutes longueurs, tous types d'ongles</span></p></li></ul>",gels;prime-gel;accessoires,accessoires,,,,,17.9,,,,,,10.45,3,false,,,,,,,,,,,,,,,,,,,,,,,,,,,,,,,,,,,,,,,,,,,,,,,,,,,,,,,,,,,,,,,,,,,,,,,,,,,,,
Product_9d1d8684-8cff-4f2d-8f0c-4fa9a9b2083f,MEDIA,,,,,,5bdc9f_23356c6ae3804179b41a2066072b2017~mv2.webp,,,,,,,,,,,,,,,,,,,,,,,,,,,,,,,,,,,,,,,,,,,,,,,,,,,,,,,,,,,,,,,,,,,,,,,,,,,,,,,,,,,,,,,,,
Product_9d1d8684-8cff-4f2d-8f0c-4fa9a9b2083f,MEDIA,,,,,,5bdc9f_727621a3674344408fe821b627aec389~mv2.jpg,,,,,,,,,,,,,,,,,,,,,,,,,,,,,,,,,,,,,,,,,,,,,,,,,,,,,,,,,,,,,,,,,,,,,,,,,,,,,,,,,,,,,,,,,
Product_abd6df1e-cc09-4ff3-a966-395a36a37277,PRODUCT,Prime Gel - 6,true,"<p><span style=""font-weight: 700; color: rgb(18, 18, 18)"">Prime Gel Albi 6</span><span style=""color: rgb(18, 18, 18)""> — la nouvelle génération de gels de construction Albi est là.</span></p><p><span style=""color: rgb(18, 18, 18)"">Fluide pour aller vite. Sans couler pour une précision maximale. Plus dur sur l'ongle qu'aucun gel que vous avez utilisé jusqu'à présent.</span></p><ul><li><p><span style=""color: rgb(18, 18, 18)"">Ne coule pas pendant le travail — chaque geste reste précis et maîtrisé</span></p></li><li><p><span style=""color: rgb(18, 18, 18)"">Résultat plus dur sur l'ongle — solidité et tenue supérieures</span></p></li><li><p><span style=""color: rgb(18, 18, 18)"">Formule hypoallergénique</span></p></li><li><p><span style=""color: rgb(18, 18, 18)"">Dégagement de chaleur minimal à la polymérisation</span></p></li><li><p><span style=""color: rgb(18, 18, 18)"">Extension et renforcement en un seul produit — toutes longueurs, tous types d'ongles</span></p></li></ul>",gels;prime-gel;accessoires,accessoires,,,,,17.9,,,,,,10.45,3,false,,,,,,,,,,,,,,,,,,,,,,,,,,,,,,,,,,,,,,,,,,,,,,,,,,,,,,,,,,,,,,,,,,,,,,,,,,,,,
Product_abd6df1e-cc09-4ff3-a966-395a36a37277,MEDIA,,,,,,5bdc9f_32fb845adc70466b90ad788a89cb7335~mv2.webp,,,,,,,,,,,,,,,,,,,,,,,,,,,,,,,,,,,,,,,,,,,,,,,,,,,,,,,,,,,,,,,,,,,,,,,,,,,,,,,,,,,,,,,,,
Product_abd6df1e-cc09-4ff3-a966-395a36a37277,MEDIA,,,,,,5bdc9f_727621a3674344408fe821b627aec389~mv2.jpg,,,,,,,,,,,,,,,,,,,,,,,,,,,,,,,,,,,,,,,,,,,,,,,,,,,,,,,,,,,,,,,,,,,,,,,,,,,,,,,,,,,,,,,,,
Product_a692779a-8359-48b7-a7c6-5c65b74e5988,PRODUCT,Prime Gel - 7,true,"<p><span style=""font-weight: 700; color: rgb(18, 18, 18)"">Prime Gel Albi 7</span><span style=""color: rgb(18, 18, 18)""> — la nouvelle génération de gels de construction Albi est là.</span></p><p><span style=""color: rgb(18, 18, 18)"">Fluide pour aller vite. Sans couler pour une précision maximale. Plus dur sur l'ongle qu'aucun gel que vous avez utilisé jusqu'à présent.</span></p><ul><li><p><span style=""color: rgb(18, 18, 18)"">Ne coule pas pendant le travail — chaque geste reste précis et maîtrisé</span></p></li><li><p><span style=""color: rgb(18, 18, 18)"">Résultat plus dur sur l'ongle — solidité et tenue supérieures</span></p></li><li><p><span style=""color: rgb(18, 18, 18)"">Formule hypoallergénique</span></p></li><li><p><span style=""color: rgb(18, 18, 18)"">Dégagement de chaleur minimal à la polymérisation</span></p></li><li><p><span style=""color: rgb(18, 18, 18)"">Extension et renforcement en un seul produit — toutes longueurs, tous types d'ongles</span></p></li></ul>",gels;prime-gel;accessoires,accessoires,,,,,17.9,,,,,,10.45,3,false,,,,,,,,,,,,,,,,,,,,,,,,,,,,,,,,,,,,,,,,,,,,,,,,,,,,,,,,,,,,,,,,,,,,,,,,,,,,,
Product_a692779a-8359-48b7-a7c6-5c65b74e5988,MEDIA,,,,,,5bdc9f_c405a1da21264fb7a47f06dbfedb4858~mv2.webp,,,,,,,,,,,,,,,,,,,,,,,,,,,,,,,,,,,,,,,,,,,,,,,,,,,,,,,,,,,,,,,,,,,,,,,,,,,,,,,,,,,,,,,,,
Product_a692779a-8359-48b7-a7c6-5c65b74e5988,MEDIA,,,,,,5bdc9f_727621a3674344408fe821b627aec389~mv2.jpg,,,,,,,,,,,,,,,,,,,,,,,,,,,,,,,,,,,,,,,,,,,,,,,,,,,,,,,,,,,,,,,,,,,,,,,,,,,,,,,,,,,,,,,,,
Product_88ed5872-f9c5-4d71-878c-aefe830859a0,PRODUCT,Prime Gel - 9,true,"<p><span style=""font-weight: 700; color: rgb(18, 18, 18)"">Prime Gel Albi 9</span><span style=""color: rgb(18, 18, 18)""> — la nouvelle génération de gels de construction Albi est là.</span></p><p><span style=""color: rgb(18, 18, 18)"">Fluide pour aller vite. Sans couler pour une précision maximale. Plus dur sur l'ongle qu'aucun gel que vous avez utilisé jusqu'à présent.</span></p><ul><li><p><span style=""color: rgb(18, 18, 18)"">Ne coule pas pendant le travail — chaque geste reste précis et maîtrisé</span></p></li><li><p><span style=""color: rgb(18, 18, 18)"">Résultat plus dur sur l'ongle — solidité et tenue supérieures</span></p></li><li><p><span style=""color: rgb(18, 18, 18)"">Formule hypoallergénique</span></p></li><li><p><span style=""color: rgb(18, 18, 18)"">Dégagement de chaleur minimal à la polymérisation</span></p></li><li><p><span style=""color: rgb(18, 18, 18)"">Extension et renforcement en un seul produit — toutes longueurs, tous types d'ongles</span></p></li></ul>",gels;prime-gel;accessoires,accessoires,,,,,17.9,,,,,,10.45,3,false,,,,,,,,,,,,,,,,,,,,,,,,,,,,,,,,,,,,,,,,,,,,,,,,,,,,,,,,,,,,,,,,,,,,,,,,,,,,,
Product_88ed5872-f9c5-4d71-878c-aefe830859a0,MEDIA,,,,,,5bdc9f_cbbaabe1d5cb4b659c337af558e80a02~mv2.webp,,,,,,,,,,,,,,,,,,,,,,,,,,,,,,,,,,,,,,,,,,,,,,,,,,,,,,,,,,,,,,,,,,,,,,,,,,,,,,,,,,,,,,,,,
Product_88ed5872-f9c5-4d71-878c-aefe830859a0,MEDIA,,,,,,5bdc9f_727621a3674344408fe821b627aec389~mv2.jpg,,,,,,,,,,,,,,,,,,,,,,,,,,,,,,,,,,,,,,,,,,,,,,,,,,,,,,,,,,,,,,,,,,,,,,,,,,,,,,,,,,,,,,,,,
Product_61339ee9-7d68-4f7f-b3df-4c678ed5481e,PRODUCT,Prime Gel - 12,true,"<p><span style=""font-weight: 700; color: rgb(18, 18, 18)"">Prime Gel Albi 12</span><span style=""color: rgb(18, 18, 18)""> — la nouvelle génération de gels de construction Albi est là.</span></p><p><span style=""color: rgb(18, 18, 18)"">Fluide pour aller vite. Sans couler pour une précision maximale. Plus dur sur l'ongle qu'aucun gel que vous avez utilisé jusqu'à présent.</span></p><ul><li><p><span style=""color: rgb(18, 18, 18)"">Ne coule pas pendant le travail — chaque geste reste précis et maîtrisé</span></p></li><li><p><span style=""color: rgb(18, 18, 18)"">Résultat plus dur sur l'ongle — solidité et tenue supérieures</span></p></li><li><p><span style=""color: rgb(18, 18, 18)"">Formule hypoallergénique</span></p></li><li><p><span style=""color: rgb(18, 18, 18)"">Dégagement de chaleur minimal à la polymérisation</span></p></li><li><p><span style=""color: rgb(18, 18, 18)"">Extension et renforcement en un seul produit — toutes longueurs, tous types d'ongles</span></p></li></ul>",gels;prime-gel;accessoires,accessoires,,,,,17.9,,,,,,10.45,3,false,,,,,,,,,,,,,,,,,,,,,,,,,,,,,,,,,,,,,,,,,,,,,,,,,,,,,,,,,,,,,,,,,,,,,,,,,,,,,
Product_61339ee9-7d68-4f7f-b3df-4c678ed5481e,MEDIA,,,,,,5bdc9f_821ee1d697ca4751a62088e28e6dcba4~mv2.webp,,,,,,,,,,,,,,,,,,,,,,,,,,,,,,,,,,,,,,,,,,,,,,,,,,,,,,,,,,,,,,,,,,,,,,,,,,,,,,,,,,,,,,,,,
Product_61339ee9-7d68-4f7f-b3df-4c678ed5481e,MEDIA,,,,,,5bdc9f_727621a3674344408fe821b627aec389~mv2.jpg,,,,,,,,,,,,,,,,,,,,,,,,,,,,,,,,,,,,,,,,,,,,,,,,,,,,,,,,,,,,,,,,,,,,,,,,,,,,,,,,,,,,,,,,,
Product_3b36d3f6-df8b-41ae-ab26-938358ecb06b,PRODUCT,Builder Gel Botanica - Magenta,true,"<p><span style=""color: rgb(18, 18, 18)"">Imagine un gel de construction qui contient de vraies fleurs séchées : chaque pétale se place au hasard, chaque pose est unique et ne se reproduit jamais à l'identique.</span></p><p><span style=""color: rgb(18, 18, 18)"">Albi BOTANICA allie la puissance d'un builder gel professionnel à l'esthétique florale. Magenta signe vos poses d'un rose profond et affirmé.</span></p><ul><li><p><span style=""color: rgb(18, 18, 18)"">Texture moyenne auto-nivelante</span></p></li><li><p><span style=""color: rgb(18, 18, 18)"">Catalyse express en 60 sec sous LED</span></p></li><li><p><span style=""color: rgb(18, 18, 18)"">Modeler, allonger, renforcer l'ongle naturel</span></p></li><li><p><span style=""color: rgb(18, 18, 18)"">Nécessite une sous-couche de Base FLEX</span></p></li></ul>",gels;accessoires;builder-gel-botanica,accessoires,,,,,17.9,,,,,,,3,false,,,,4687206827448,,,,,,,,,,,,,,,,,,,,,,,,,,,,,,,,,,,,,,,,,,,,,,,,,,,,,,,,,,,,,,,,,,,,,,,,,
Product_3b36d3f6-df8b-41ae-ab26-938358ecb06b,MEDIA,,,,,,5bdc9f_99cef3d0cedf43b89aa090886d2553cb~mv2.webp,,,,,,,,,,,,,,,,,,,,,,,,,,,,,,,,,,,,,,,,,,,,,,,,,,,,,,,,,,,,,,,,,,,,,,,,,,,,,,,,,,,,,,,,,
Product_3b36d3f6-df8b-41ae-ab26-938358ecb06b,MEDIA,,,,,,5bdc9f_85bd5183435a4e6f8918b85e1dc41f52~mv2.webp,,,,,,,,,,,,,,,,,,,,,,,,,,,,,,,,,,,,,,,,,,,,,,,,,,,,,,,,,,,,,,,,,,,,,,,,,,,,,,,,,,,,,,,,,
Product_869d5a27-85fd-435a-8724-4d5de5cfe895,PRODUCT,Builder Gel Botanica - Sunny,true,"<p><span style=""color: rgb(18, 18, 18)"">Imagine un gel de construction qui contient de vraies fleurs séchées : chaque pétale se place au hasard, chaque pose est unique et ne se reproduit jamais à l'identique.</span></p><p><span style=""color: rgb(18, 18, 18)"">Albi BOTANICA allie la puissance d'un builder gel professionnel à l'esthétique florale. Sunny illumine vos poses de son jaune butter chaleureux.</span></p><ul><li><p><span style=""color: rgb(18, 18, 18)"">Texture moyenne auto-nivelante</span></p></li><li><p><span style=""color: rgb(18, 18, 18)"">Catalyse express en 60 sec sous LED</span></p></li><li><p><span style=""color: rgb(18, 18, 18)"">Modeler, allonger, renforcer l'ongle naturel</span></p></li><li><p><span style=""color: rgb(18, 18, 18)"">Nécessite une sous-couche de Base FLEX</span></p></li></ul>",gels;builder-gel-botanica;accessoires,accessoires,,,,,17.9,,,,,,,3,false,,,,4687206827486,,,,,,,,,,,,,,,,,,,,,,,,,,,,,,,,,,,,,,,,,,,,,,,,,,,,,,,,,,,,,,,,,,,,,,,,,
Product_869d5a27-85fd-435a-8724-4d5de5cfe895,MEDIA,,,,,,5bdc9f_dd76a4e7279b4461918f9ac17d588ac3~mv2.webp,,,,,,,,,,,,,,,,,,,,,,,,,,,,,,,,,,,,,,,,,,,,,,,,,,,,,,,,,,,,,,,,,,,,,,,,,,,,,,,,,,,,,,,,,
Product_869d5a27-85fd-435a-8724-4d5de5cfe895,MEDIA,,,,,,5bdc9f_0a77e026329c42f9b817e29861868dfb~mv2.webp,,,,,,,,,,,,,,,,,,,,,,,,,,,,,,,,,,,,,,,,,,,,,,,,,,,,,,,,,,,,,,,,,,,,,,,,,,,,,,,,,,,,,,,,,
Product_869d5a27-85fd-435a-8724-4d5de5cfe895,MEDIA,,,,,,5bdc9f_740e268409374860aacd1d0518914eab~mv2.webp,,,,,,,,,,,,,,,,,,,,,,,,,,,,,,,,,,,,,,,,,,,,,,,,,,,,,,,,,,,,,,,,,,,,,,,,,,,,,,,,,,,,,,,,,
Product_ae89134c-4b52-42c2-b177-739907b60967,PRODUCT,Jelly Gel - J1,true,"<p><span style=""color: rgb(18, 18, 18)"">Gels-gélifiés&nbsp;ALBI 🔥 ⠀</span></p><p><span style=""color: rgb(18, 18, 18)"">Ce gel de texture épaisse ne bouge que quand vous le souhaitez !Les principaux avantages de la gamme sont la rigidité et la haute viscosité.Ce gel a une consistance douce et aérienne, s'applique rapidement et proprement ! ⠀</span></p><p><span style=""color: rgb(18, 18, 18)"">Il ne s'auto-nivelle pas et ne coule pas, permettant de : ⠀&nbsp;</span></p><p><span style=""color: rgb(18, 18, 18)"">✔ poser le poppit désiré sans se presser. Ce gel permet d'obtenir&nbsp;une sous-couche parfaite pour le modelage&nbsp;</span></p><p><span style=""color: rgb(18, 18, 18)"">✔ construire les angles et allonger sans support (sans poppit, sans chablon). Il est très facile de travailler avec eux en technique « bords libre »</span></p><p><span style=""color: rgb(18, 18, 18)"">éparer discrètement, l'essentiel est de choisir la teinte du matériau de réparation pour que ce soit invisible👌🏻&nbsp;</span></p><p><span style=""color: rgb(18, 18, 18)"">✔ créer des designs volumineux et en relief. ⠀&nbsp;</span></p><p><span style=""color: rgb(18, 18, 18)"">Et le plus important, ils peuvent être appliqués sur TOUS les ongles en même temps !</span></p><p><span style=""color: rgb(18, 18, 18)"">👉🏻 toutes les teintes sont basiques, et grâce à elles, personne ne remarquera la réparation, et la manucure tient jusqu'à la prochaine retouche&nbsp;</span></p><p><span style=""color: rgb(18, 18, 18)"">🤍J1 — Teinte blanche cristalline pure, pour des designs posés et des manucures unies élégantes ⠀⠀</span></p><p><span style=""color: rgb(18, 18, 18)"">&nbsp;PAS BESOIN D'ÊTRE UN VIRTUOSE DU MODELAGE ⠀</span></p><p><span style=""color: rgb(18, 18, 18)"">Les Jelly Gel ALBI conviennent aux professionnels de tous niveaux.&nbsp;Parce qu'ils sont très faciles à utiliser 🙌🏼 ⠀&nbsp;</span></p><p><span style=""color: rgb(18, 18, 18)"">1️⃣ Appliquer une base Flex.</span></p><p><span style=""color: rgb(18, 18, 18)"">2️⃣ Déposer le gel-jelly sur le bout de la plaque de l'ongle pour un léger allongement, ou dans le poppit. Sécher.</span></p><p><span style=""color: rgb(18, 18, 18)"">3️⃣ Après cela, vous pouvez travailler avec n'importe quel matériau : gel ou base camouflante.</span></p><p><span style=""color: rgb(18, 18, 18)"">Cette technique permet de limer très peu, seulement sur le bout de l'ongle. Les ongles restent très fins et très solides 💅🏼</span></p><p><span style=""color: rgb(18, 18, 18)"">Il ne faut pas travailler avec des mouvements chaotiques en appuyant - cela créera des irrégularités ❌</span></p><p><span style=""color: rgb(18, 18, 18)"">Pour que la surface soit la plus lisse possible, on étire le gel jelly avec des mouvements doux, en effleurant à peine le pinceau ✅</span></p><p><span style=""color: rgb(18, 18, 18)"">Les couleurs réelles peuvent être légèrement différentes en raison des paramètres de votre écran.</span></p>",gels;accessoires;jelly-gel,accessoires,,,,,17.9,,,,,,,2,false,,,,4687206870260,,,,,,,,,,,,,,,,,,,,,,,,,,,,,,,,,,,,,,,,,,,,,,,,,,,,,,,,,,,,,,,,,,,,,,,,,
Product_ae89134c-4b52-42c2-b177-739907b60967,MEDIA,,,,,,5bdc9f_2f2a591cbfcb4100bfb937dcac77aeb0~mv2.jpg,,,,,,,,,,,,,,,,,,,,,,,,,,,,,,,,,,,,,,,,,,,,,,,,,,,,,,,,,,,,,,,,,,,,,,,,,,,,,,,,,,,,,,,,,
Product_ae89134c-4b52-42c2-b177-739907b60967,MEDIA,,,,,,5bdc9f_edb07468cb344d8b9646b9ba46e5c9bd~mv2.jpg,,,,,,,,,,,,,,,,,,,,,,,,,,,,,,,,,,,,,,,,,,,,,,,,,,,,,,,,,,,,,,,,,,,,,,,,,,,,,,,,,,,,,,,,,
Product_6140f1ac-0e7c-4676-8019-bf7534b238d2,PRODUCT,Jelly Gel - J3,true,"<p><span style=""color: rgb(18, 18, 18)"">Gels-gélifiés&nbsp;ALBI 🔥 ⠀</span></p><p><span style=""color: rgb(18, 18, 18)"">Ce gel de texture épaisse ne bouge que quand vous le souhaitez !Les principaux avantages de la gamme sont la rigidité et la haute viscosité.Ce gel a une consistance douce et aérienne, s'applique rapidement et proprement ! ⠀</span></p><p><span style=""color: rgb(18, 18, 18)"">Il ne s'auto-nivelle pas et ne coule pas, permettant de : ⠀&nbsp;</span></p><p><span style=""color: rgb(18, 18, 18)"">✔ poser le poppit désiré sans se presser. Ce gel permet d'obtenir&nbsp;une sous-couche parfaite pour le modelage&nbsp;</span></p><p><span style=""color: rgb(18, 18, 18)"">✔ construire les angles et allonger sans support (sans poppit, sans chablon). Il est très facile de travailler avec eux en technique « bords libre »</span></p><p><span style=""color: rgb(18, 18, 18)"">éparer discrètement, l'essentiel est de choisir la teinte du matériau de réparation pour que ce soit invisible👌🏻&nbsp;</span></p><p><span style=""color: rgb(18, 18, 18)"">✔ créer des designs volumineux et en relief. ⠀&nbsp;</span></p><p><span style=""color: rgb(18, 18, 18)"">Et le plus important, ils peuvent être appliqués sur TOUS les ongles en même temps !</span></p><p><span style=""color: rgb(18, 18, 18)"">👉🏻 toutes les teintes sont basiques, et grâce à elles, personne ne remarquera la réparation, et la manucure tient jusqu'à la prochaine retouche&nbsp;</span></p><p><span style=""background-color: rgb(255, 255, 255); color: rgb(18, 18, 18)"">🤍J3 — Une touche de douceur au bout des doigts — une teinte qui rayonne littéralement de féminité</span><span style=""color: rgb(18, 18, 18)"">⠀</span></p><p><span style=""color: rgb(18, 18, 18)"">&nbsp;PAS BESOIN D'ÊTRE UN VIRTUOSE DU MODELAGE ⠀</span></p><p><span style=""color: rgb(18, 18, 18)"">Les Jelly Gel ALBI conviennent aux professionnels de tous niveaux.&nbsp;Parce qu'ils sont très faciles à utiliser 🙌🏼 ⠀&nbsp;</span></p><p><span style=""color: rgb(18, 18, 18)"">1️⃣ Appliquer une base Flex.</span></p><p><span style=""color: rgb(18, 18, 18)"">2️⃣ Déposer le gel-jelly sur le bout de la plaque de l'ongle pour un léger allongement, ou dans le poppit. Sécher.</span></p><p><span style=""color: rgb(18, 18, 18)"">3️⃣ Après cela, vous pouvez travailler avec n'importe quel matériau : gel ou base camouflante.</span></p><p><span style=""color: rgb(18, 18, 18)"">Cette technique permet de limer très peu, seulement sur le bout de l'ongle. Les ongles restent très fins et très solides 💅🏼</span></p><p><span style=""color: rgb(18, 18, 18)"">Il ne faut pas travailler avec des mouvements chaotiques en appuyant - cela créera des irrégularités ❌</span></p><p><span style=""color: rgb(18, 18, 18)"">Pour que la surface soit la plus lisse possible, on étire le gel jelly avec des mouvements doux, en effleurant à peine le pinceau ✅</span></p><p><span style=""color: rgb(18, 18, 18)"">Les couleurs réelles peuvent être légèrement différentes en raison des paramètres de votre écran.</span></p>",gels;accessoires;jelly-gel,accessoires,,,,,17.9,,,,,,,2,false,,,,4687206870307,,,,,,,,,,,,,,,,,,,,,,,,,,,,,,,,,,,,,,,,,,,,,,,,,,,,,,,,,,,,,,,,,,,,,,,,,
Product_6140f1ac-0e7c-4676-8019-bf7534b238d2,MEDIA,,,,,,5bdc9f_46cbd2a2035346628c0d0852683e5da4~mv2.jpg,,,,,,,,,,,,,,,,,,,,,,,,,,,,,,,,,,,,,,,,,,,,,,,,,,,,,,,,,,,,,,,,,,,,,,,,,,,,,,,,,,,,,,,,,
Product_6140f1ac-0e7c-4676-8019-bf7534b238d2,MEDIA,,,,,,5bdc9f_c2b58cd8eda1440986aa79fddcdedc30~mv2.jpg,,,,,,,,,,,,,,,,,,,,,,,,,,,,,,,,,,,,,,,,,,,,,,,,,,,,,,,,,,,,,,,,,,,,,,,,,,,,,,,,,,,,,,,,,
Product_6140f1ac-0e7c-4676-8019-bf7534b238d2,MEDIA,,,,,,5bdc9f_08d85118d3e24d428e64d752f2dc5c99~mv2.jpg,,,,,,,,,,,,,,,,,,,,,,,,,,,,,,,,,,,,,,,,,,,,,,,,,,,,,,,,,,,,,,,,,,,,,,,,,,,,,,,,,,,,,,,,,
Product_685e0f9b-201b-4575-9dd2-fce6601dff57,PRODUCT,Jelly Gel - J5,true,"<p><span style=""color: rgb(18, 18, 18)"">Gels-gélifiés&nbsp;ALBI 🔥 ⠀</span></p><p><span style=""color: rgb(18, 18, 18)"">Ce gel de texture épaisse ne bouge que quand vous le souhaitez !Les principaux avantages de la gamme sont la rigidité et la haute viscosité.Ce gel a une consistance douce et aérienne, s'applique rapidement et proprement ! ⠀</span></p><p><span style=""color: rgb(18, 18, 18)"">Il ne s'auto-nivelle pas et ne coule pas, permettant de : ⠀&nbsp;</span></p><p><span style=""color: rgb(18, 18, 18)"">✔ poser le poppit désiré sans se presser. Ce gel permet d'obtenir&nbsp;une sous-couche parfaite pour le modelage&nbsp;</span></p><p><span style=""color: rgb(18, 18, 18)"">✔ construire les angles et allonger sans support (sans poppit, sans chablon). Il est très facile de travailler avec eux en technique « bords libre »</span></p><p><span style=""color: rgb(18, 18, 18)"">éparer discrètement, l'essentiel est de choisir la teinte du matériau de réparation pour que ce soit invisible👌🏻&nbsp;</span></p><p><span style=""color: rgb(18, 18, 18)"">✔ créer des designs volumineux et en relief. ⠀&nbsp;</span></p><p><span style=""color: rgb(18, 18, 18)"">Et le plus important, ils peuvent être appliqués sur TOUS les ongles en même temps !</span></p><p><span style=""color: rgb(18, 18, 18)"">👉🏻 toutes les teintes sont basiques, et grâce à elles, personne ne remarquera la réparation, et la manucure tient jusqu'à la prochaine retouche&nbsp;</span></p><p><span style=""background-color: rgb(255, 255, 255); color: rgb(18, 18, 18)"">🤍J5 — Teinte la plus naturelle et authentique, qui s’adapte parfaitement à tous les tons de peau⠀</span></p><p><span style=""color: rgb(18, 18, 18)"">&nbsp;PAS BESOIN D'ÊTRE UN VIRTUOSE DU MODELAGE ⠀</span></p><p><span style=""color: rgb(18, 18, 18)"">Les Jelly Gel ALBI conviennent aux professionnels de tous niveaux.&nbsp;Parce qu'ils sont très faciles à utiliser 🙌🏼 ⠀&nbsp;</span></p><p><span style=""color: rgb(18, 18, 18)"">1️⃣ Appliquer une base Flex.</span></p><p><span style=""color: rgb(18, 18, 18)"">2️⃣ Déposer le gel-jelly sur le bout de la plaque de l'ongle pour un léger allongement, ou dans le poppit. Sécher.</span></p><p><span style=""color: rgb(18, 18, 18)"">3️⃣ Après cela, vous pouvez travailler avec n'importe quel matériau : gel ou base camouflante.</span></p><p><span style=""color: rgb(18, 18, 18)"">Cette technique permet de limer très peu, seulement sur le bout de l'ongle. Les ongles restent très fins et très solides 💅🏼</span></p><p><span style=""color: rgb(18, 18, 18)"">Il ne faut pas travailler avec des mouvements chaotiques en appuyant - cela créera des irrégularités ❌</span></p><p><span style=""color: rgb(18, 18, 18)"">Pour que la surface soit la plus lisse possible, on étire le gel jelly avec des mouvements doux, en effleurant à peine le pinceau ✅</span></p><p><span style=""color: rgb(18, 18, 18)"">Les couleurs réelles peuvent être légèrement différentes en raison des paramètres de votre écran.</span></p>",gels;accessoires;jelly-gel,accessoires,,,,,17.9,,,,,,,2,false,,,,4687206870345,,,,,,,,,,,,,,,,,,,,,,,,,,,,,,,,,,,,,,,,,,,,,,,,,,,,,,,,,,,,,,,,,,,,,,,,,
Product_685e0f9b-201b-4575-9dd2-fce6601dff57,MEDIA,,,,,,5bdc9f_ff6f3a230143418293786df56189eec1~mv2.jpg,,,,,,,,,,,,,,,,,,,,,,,,,,,,,,,,,,,,,,,,,,,,,,,,,,,,,,,,,,,,,,,,,,,,,,,,,,,,,,,,,,,,,,,,,
Product_685e0f9b-201b-4575-9dd2-fce6601dff57,MEDIA,,,,,,5bdc9f_e7339c9e63b84cfe98066a8bb52df682~mv2.jpg,,,,,,,,,,,,,,,,,,,,,,,,,,,,,,,,,,,,,,,,,,,,,,,,,,,,,,,,,,,,,,,,,,,,,,,,,,,,,,,,,,,,,,,,,
Product_016f7b1b-230b-4dab-a3cd-7c4975e5dec3,PRODUCT,Top Coat - No Wipe,true,"<p><span style=""color: rgb(18, 18, 18)"">Dans la collection ALBI, il existe une grande variété de Top Coat pour créer un effet mat, brillant ou chatoyant. Ils sont tous sans dégraissage.</span></p><p><u><span style=""color: rgb(18, 18, 18)"">Top COAT NO WIPE</span></u></p><p><span style=""color: rgb(18, 18, 18)"">Top résistant</span></p><p><span style=""color: rgb(18, 18, 18)"">Consistance moyenne-liquide idéale, Auto-nivelant, Pas de reflet bleu sur noir.</span></p>",top-coat;accessoires,accessoires,,,,,17.9,,,,,,10.45,4,false,,,,,,,,,,,,,,,,,,,,,,,,,,,,,,,,,,,,,,,,,,,,,,,,,,,,,,,,,,,,,,,,,,,,,,,,,,,,,
Product_016f7b1b-230b-4dab-a3cd-7c4975e5dec3,MEDIA,,,,,,5bdc9f_cde5bfd0fec0460ca9322a930ee722d8~mv2.webp,,,,,,,,,,,,,,,,,,,,,,,,,,,,,,,,,,,,,,,,,,,,,,,,,,,,,,,,,,,,,,,,,,,,,,,,,,,,,,,,,,,,,,,,,
Product_7a949d1b-5411-42f2-b8aa-f3ca5965295f,PRODUCT,Top Coat - No Wipe UV Filter,true,"<p><span style=""color: rgb(18, 18, 18)"">Dans la collection ALBI, il existe une grande variété de Top Coat pour créer un effet mat, brillant ou chatoyant. Ils sont tous sans dégraissage.</span></p><p><u><span style=""color: rgb(18, 18, 18)"">Top COAT NO WIPE UV FILTER</span></u></p><p><span style=""color: rgb(18, 18, 18)"">Top résistant</span></p><p><span style=""color: rgb(18, 18, 18)"">Consistance moyennement liquide, autolissant, ne jaunit pas, idéal pour les tons pastel et blancs.</span></p><p><span style=""color: rgb(18, 18, 18)"">Volume de 15ml.</span></p>",accessoires;top-coat,accessoires,,,,,17.9,,,,,,10.45,2,false,,,,,,,,,,,,,,,,,,,,,,,,,,,,,,,,,,,,,,,,,,,,,,,,,,,,,,,,,,,,,,,,,,,,,,,,,,,,,
Product_7a949d1b-5411-42f2-b8aa-f3ca5965295f,MEDIA,,,,,,5bdc9f_cde5bfd0fec0460ca9322a930ee722d8~mv2.webp,,,,,,,,,,,,,,,,,,,,,,,,,,,,,,,,,,,,,,,,,,,,,,,,,,,,,,,,,,,,,,,,,,,,,,,,,,,,,,,,,,,,,,,,,
Product_ee639265-b711-49d3-92f7-7c70a6082d44,PRODUCT,Top Coat - Velvet Mat,true,"<p><span style=""color: rgb(18, 18, 18)"">Dans la collection ALBI, il existe une grande variété de Top Coat pour créer un effet mat, brillant ou chatoyant. Ils sont tous sans dégraissage.</span></p><p><u><span style=""color: rgb(18, 18, 18)"">Top VELVET</span></u></p><p><span style=""color: rgb(18, 18, 18)"">Le nouveau top mat ALBI qui va vous faire craquer ! Sa texture duveteuse peu poreuse est parfaite pour tous les tons</span></p><p><span style=""color: rgb(18, 18, 18)"">Ne dénature pas les nuances : le noir reste noir, le blanc : blancEffet agréable si vous aimez toucher vos ongles</span></p><p><span style=""color: rgb(18, 18, 18)"">A dégraisser.</span></p><p><span style=""color: rgb(18, 18, 18)"">Volume de 15ml.</span></p>",top-coat;accessoires,accessoires,,,,,17.9,,,,,,10.45,2,false,,,,,,,,,,,,,,,,,,,,,,,,,,,,,,,,,,,,,,,,,,,,,,,,,,,,,,,,,,,,,,,,,,,,,,,,,,,,,
Product_ee639265-b711-49d3-92f7-7c70a6082d44,MEDIA,,,,,,5bdc9f_cde5bfd0fec0460ca9322a930ee722d8~mv2.webp,,,,,,,,,,,,,,,,,,,,,,,,,,,,,,,,,,,,,,,,,,,,,,,,,,,,,,,,,,,,,,,,,,,,,,,,,,,,,,,,,,,,,,,,,
Product_ee639265-b711-49d3-92f7-7c70a6082d44,MEDIA,,,,,,5bdc9f_e6725133a076466d8b35aef6a6e02317~mv2.jpg,,,,,,,,,,,,,,,,,,,,,,,,,,,,,,,,,,,,,,,,,,,,,,,,,,,,,,,,,,,,,,,,,,,,,,,,,,,,,,,,,,,,,,,,,
Product_a6f48261-16bf-4ccd-8314-06ff075170ef,PRODUCT,Top Coat - Light Nude,true,"<p><span style=""color: rgb(18, 18, 18)"">Le Top Color ALBI est un </span><span style=""font-weight: 700; color: rgb(18, 18, 18)"">2 en 1</span><span style=""color: rgb(18, 18, 18)"">. Il combine deux usages essentiels : la couleur et la finition.</span></p><p><span style=""color: rgb(18, 18, 18)"">Est-ce qu'il remplace la couleur ou la finition?</span></p><p><span style=""color: rgb(18, 18, 18)"">Il remplace les deux en une seule couche.</span></p><p><span style=""color: rgb(18, 18, 18)"">👉 Vous pouvez l'utiliser pour appliquer une couleur : au lieu d'utiliser un VSP, vous utilisez le Top Color comme un VSP</span></p><p><span style=""color: rgb(18, 18, 18)"">👉 Mais aussi pour une infinité de&nbsp; techniques:</span></p><ul><li><p><span style=""color: rgb(18, 18, 18)"">Créer facilement un contour nails,&nbsp;</span></p></li><li><p><span style=""color: rgb(18, 18, 18)"">Fondre un dégradé.</span></p></li><li><p><span style=""color: rgb(18, 18, 18)"">Appliquer une poudre à effet</span></p></li><li><p><span style=""color: rgb(18, 18, 18)"">Changer une couleur : transformer un bleu en violet, un jaune en orange,.</span></p></li><li><p><span style=""color: rgb(18, 18, 18)"">Personnaliser vos poses: avec ce top, votre créativité sera infinie</span></p></li></ul><p><span style=""color: rgb(18, 18, 18)"">En évitant une étape supplémentaire (une couche de moins), vous </span><span style=""font-weight: 700; color: rgb(18, 18, 18)"">gagnez du temps</span><span style=""color: rgb(18, 18, 18)""> sur la pose et&nbsp;le temps de polymérisation.</span></p><p><span style=""color: rgb(18, 18, 18)"">Il est conseillé de le poser en deux couches fines pour une polymérisation optimale.</span></p><p><span style=""color: rgb(18, 18, 18)"">Sans dégraissage.</span></p><p><span style=""color: rgb(18, 18, 18)"">Consistance liquide à moyenne.&nbsp;</span></p><p><span style=""color: rgb(18, 18, 18)"">Volume de 15ml.</span></p>",top-coat;accessoires,accessoires,,,,,17.9,,,,,,10.45,3,false,,,,,,,,,,,,,,,,,,,,,,,,,,,,,,,,,,,,,,,,,,,,,,,,,,,,,,,,,,,,,,,,,,,,,,,,,,,,,
Product_a6f48261-16bf-4ccd-8314-06ff075170ef,MEDIA,,,,,,5bdc9f_ac67817101924e8f9480e6426fc254cd~mv2.webp,,,,,,,,,,,,,,,,,,,,,,,,,,,,,,,,,,,,,,,,,,,,,,,,,,,,,,,,,,,,,,,,,,,,,,,,,,,,,,,,,,,,,,,,,
Product_a6f48261-16bf-4ccd-8314-06ff075170ef,MEDIA,,,,,,5bdc9f_97130d04fb764faa87f58c4cf1caa741~mv2.jpg,,,,,,,,,,,,,,,,,,,,,,,,,,,,,,,,,,,,,,,,,,,,,,,,,,,,,,,,,,,,,,,,,,,,,,,,,,,,,,,,,,,,,,,,,
Product_a6f48261-16bf-4ccd-8314-06ff075170ef,MEDIA,,,,,,5bdc9f_2eacd7602f224bbba01e30792c780177~mv2.jpg,,,,,,,,,,,,,,,,,,,,,,,,,,,,,,,,,,,,,,,,,,,,,,,,,,,,,,,,,,,,,,,,,,,,,,,,,,,,,,,,,,,,,,,,,
Product_a6f48261-16bf-4ccd-8314-06ff075170ef,MEDIA,,,,,,5bdc9f_8eb3e5bd37fb48e09f0374a73063e6b6~mv2.jpg,,,,,,,,,,,,,,,,,,,,,,,,,,,,,,,,,,,,,,,,,,,,,,,,,,,,,,,,,,,,,,,,,,,,,,,,,,,,,,,,,,,,,,,,,
Product_5cf22793-8b97-4af5-96fb-77fac6d00db2,PRODUCT,Top Coat - Milkshake,true,"<p><span style=""color: rgb(18, 18, 18)"">Le Top Color ALBI est un </span><span style=""font-weight: 700; color: rgb(18, 18, 18)"">2 en 1</span><span style=""color: rgb(18, 18, 18)"">. Il combine deux usages essentiels : la couleur et la finition.</span></p><p><span style=""color: rgb(18, 18, 18)"">Est-ce qu'il remplace la couleur ou la finition?</span></p><p><span style=""color: rgb(18, 18, 18)"">Il remplace les deux en une seule couche.</span></p><p><span style=""color: rgb(18, 18, 18)"">👉 Vous pouvez l'utiliser pour appliquer une couleur : au lieu d'utiliser un VSP, vous utilisez le Top Color comme un VSP</span></p><p><span style=""color: rgb(18, 18, 18)"">👉 Mais aussi pour une infinité de&nbsp; techniques:</span></p><ul><li><p><span style=""color: rgb(18, 18, 18)"">Créer facilement un contour nails,&nbsp;</span></p></li><li><p><span style=""color: rgb(18, 18, 18)"">Fondre un dégradé.</span></p></li><li><p><span style=""color: rgb(18, 18, 18)"">Appliquer une poudre à effet</span></p></li><li><p><span style=""color: rgb(18, 18, 18)"">Changer une couleur : transformer un bleu en violet, un jaune en orange,.</span></p></li><li><p><span style=""color: rgb(18, 18, 18)"">Personnaliser vos poses: avec ce top, votre créativité sera infinie</span></p></li></ul><p><span style=""color: rgb(18, 18, 18)"">En évitant une étape supplémentaire (une couche de moins), vous </span><span style=""font-weight: 700; color: rgb(18, 18, 18)"">gagnez du temps</span><span style=""color: rgb(18, 18, 18)""> sur la pose et&nbsp;le temps de polymérisation.</span></p><p><span style=""color: rgb(18, 18, 18)"">Il est conseillé de le poser en deux couches fines pour une polymérisation optimale.</span></p><p><span style=""color: rgb(18, 18, 18)"">Sans dégraissage.</span></p><p><span style=""color: rgb(18, 18, 18)"">Consistance liquide à moyenne.&nbsp;</span></p><p><span style=""color: rgb(18, 18, 18)"">Volume de 15ml.</span></p>",top-coat;accessoires,accessoires,,,,,17.9,,,,,,10.45,3,false,,,,,,,,,,,,,,,,,,,,,,,,,,,,,,,,,,,,,,,,,,,,,,,,,,,,,,,,,,,,,,,,,,,,,,,,,,,,,
Product_5cf22793-8b97-4af5-96fb-77fac6d00db2,MEDIA,,,,,,5bdc9f_819f905519524ef3895345417e088420~mv2.webp,,,,,,,,,,,,,,,,,,,,,,,,,,,,,,,,,,,,,,,,,,,,,,,,,,,,,,,,,,,,,,,,,,,,,,,,,,,,,,,,,,,,,,,,,
Product_5cf22793-8b97-4af5-96fb-77fac6d00db2,MEDIA,,,,,,5bdc9f_389052dd6b0f4456ad4ed529db15d961~mv2.jpg,,,,,,,,,,,,,,,,,,,,,,,,,,,,,,,,,,,,,,,,,,,,,,,,,,,,,,,,,,,,,,,,,,,,,,,,,,,,,,,,,,,,,,,,,
Product_5cf22793-8b97-4af5-96fb-77fac6d00db2,MEDIA,,,,,,5bdc9f_2eacd7602f224bbba01e30792c780177~mv2.jpg,,,,,,,,,,,,,,,,,,,,,,,,,,,,,,,,,,,,,,,,,,,,,,,,,,,,,,,,,,,,,,,,,,,,,,,,,,,,,,,,,,,,,,,,,
Product_5cf22793-8b97-4af5-96fb-77fac6d00db2,MEDIA,,,,,,5bdc9f_8eb3e5bd37fb48e09f0374a73063e6b6~mv2.jpg,,,,,,,,,,,,,,,,,,,,,,,,,,,,,,,,,,,,,,,,,,,,,,,,,,,,,,,,,,,,,,,,,,,,,,,,,,,,,,,,,,,,,,,,,
Product_20b19597-6027-4177-b208-657f389b748f,PRODUCT,Top Coat - Naked,true,"<p><span style=""color: rgb(18, 18, 18)"">Le Top Color ALBI est un </span><span style=""font-weight: 700; color: rgb(18, 18, 18)"">2 en 1</span><span style=""color: rgb(18, 18, 18)"">. Il combine deux usages essentiels : la couleur et la finition.</span></p><p><span style=""color: rgb(18, 18, 18)"">Est-ce qu'il remplace la couleur ou la finition?</span></p><p><span style=""color: rgb(18, 18, 18)"">Il remplace les deux en une seule couche.</span></p><p><span style=""color: rgb(18, 18, 18)"">👉 Vous pouvez l'utiliser pour appliquer une couleur : au lieu d'utiliser un VSP, vous utilisez le Top Color comme un VSP</span></p><p><span style=""color: rgb(18, 18, 18)"">👉 Mais aussi pour une infinité de&nbsp; techniques:</span></p><ul><li><p><span style=""color: rgb(18, 18, 18)"">Créer facilement un contour nails,&nbsp;</span></p></li><li><p><span style=""color: rgb(18, 18, 18)"">Fondre un dégradé.</span></p></li><li><p><span style=""color: rgb(18, 18, 18)"">Appliquer une poudre à effet</span></p></li><li><p><span style=""color: rgb(18, 18, 18)"">Changer une couleur : transformer un bleu en violet, un jaune en orange,.</span></p></li><li><p><span style=""color: rgb(18, 18, 18)"">Personnaliser vos poses: avec ce top, votre créativité sera infinie</span></p></li></ul><p><span style=""color: rgb(18, 18, 18)"">En évitant une étape supplémentaire (une couche de moins), vous </span><span style=""font-weight: 700; color: rgb(18, 18, 18)"">gagnez du temps</span><span style=""color: rgb(18, 18, 18)""> sur la pose et&nbsp;le temps de polymérisation.</span></p><p><span style=""color: rgb(18, 18, 18)"">Il est conseillé de le poser en deux couches fines pour une polymérisation optimale.</span></p><p><span style=""color: rgb(18, 18, 18)"">Sans dégraissage.</span></p><p><span style=""color: rgb(18, 18, 18)"">Consistance liquide à moyenne.&nbsp;</span></p><p><span style=""color: rgb(18, 18, 18)"">Volume de 15ml.</span></p>",top-coat;accessoires,accessoires,,,,,17.9,,,,,,10.45,3,false,,,,,,,,,,,,,,,,,,,,,,,,,,,,,,,,,,,,,,,,,,,,,,,,,,,,,,,,,,,,,,,,,,,,,,,,,,,,,
Product_20b19597-6027-4177-b208-657f389b748f,MEDIA,,,,,,5bdc9f_483bcb786e38464796976d7256a0d9d8~mv2.webp,,,,,,,,,,,,,,,,,,,,,,,,,,,,,,,,,,,,,,,,,,,,,,,,,,,,,,,,,,,,,,,,,,,,,,,,,,,,,,,,,,,,,,,,,
Product_20b19597-6027-4177-b208-657f389b748f,MEDIA,,,,,,5bdc9f_3df5ee70e9f641a6a046af38d92d0d8a~mv2.jpg,,,,,,,,,,,,,,,,,,,,,,,,,,,,,,,,,,,,,,,,,,,,,,,,,,,,,,,,,,,,,,,,,,,,,,,,,,,,,,,,,,,,,,,,,
Product_20b19597-6027-4177-b208-657f389b748f,MEDIA,,,,,,5bdc9f_2eacd7602f224bbba01e30792c780177~mv2.jpg,,,,,,,,,,,,,,,,,,,,,,,,,,,,,,,,,,,,,,,,,,,,,,,,,,,,,,,,,,,,,,,,,,,,,,,,,,,,,,,,,,,,,,,,,
Product_20b19597-6027-4177-b208-657f389b748f,MEDIA,,,,,,5bdc9f_8eb3e5bd37fb48e09f0374a73063e6b6~mv2.jpg,,,,,,,,,,,,,,,,,,,,,,,,,,,,,,,,,,,,,,,,,,,,,,,,,,,,,,,,,,,,,,,,,,,,,,,,,,,,,,,,,,,,,,,,,
Product_fec6ea64-b64c-439e-a5bb-67445e6e9018,PRODUCT,Base d'adhérence - Renforcée 1.4,true,"<p><span style=""font-weight: 700; color: rgb(18, 18, 18)"">The Base 1.4 – Rubber Base Acid Clear</span><span style=""color: rgb(18, 18, 18)""> est une base d'adhérence professionnelle à acidité renforcée, conçue pour les situations techniques exigeantes — ongles très lipidiques, réfractaires ou sujets aux décollements persistants.</span></p><ul><li><p><span style=""color: rgb(18, 18, 18)"">Acidité renforcée — adhérence maximale sur ongles difficiles</span></p></li><li><p><span style=""color: rgb(18, 18, 18)"">Texture rubber souple et homogène — auto-égalisante</span></p></li><li><p><span style=""color: rgb(18, 18, 18)"">Réduit fortement les décollements persistants</span></p></li><li><p><span style=""color: rgb(18, 18, 18)"">Compatible sous toutes les poses : VSP, rubber base, gel et polygel</span></p></li><li><p><span style=""color: rgb(18, 18, 18)"">Dépose soak-off sans chauffe</span></p></li></ul>",the-base;bases-dadhérence,the-base,,,,,17.9,,,,,,10.45,3,false,,,,,,,,,,,,,,,,,,,,,,,,,,,,,,,,,,,,,,,,,,,,,,,,,,,,,,,,,,,,,,,,,,,,,,,,,,,,,
Product_fec6ea64-b64c-439e-a5bb-67445e6e9018,MEDIA,,,,,,5bdc9f_33fe605fc20c4db4b6940bda625112fb~mv2.jpg,,,,,,,,,,,,,,,,,,,,,,,,,,,,,,,,,,,,,,,,,,,,,,,,,,,,,,,,,,,,,,,,,,,,,,,,,,,,,,,,,,,,,,,,,
Product_fec6ea64-b64c-439e-a5bb-67445e6e9018,MEDIA,,,,,,5bdc9f_29694de9c8ca4dbcb87e1aaca485bd70~mv2.jpg,,,,,,,,,,,,,,,,,,,,,,,,,,,,,,,,,,,,,,,,,,,,,,,,,,,,,,,,,,,,,,,,,,,,,,,,,,,,,,,,,,,,,,,,,
Product_1a704262-fc69-482a-b350-7c57e1ad38ca,PRODUCT,Base d'adhérence - Fluide 1.1,true,"<p><span style=""font-weight: 700; color: rgb(18, 18, 18)"">The Base 1.1</span><span style=""color: rgb(18, 18, 18)""> est une base d'adhérence professionnelle à texture fluide, alternative à la Base FLEX ALBI — conçue pour les ongles fragiles ou sensibles nécessitant une base légère et précise.</span></p><ul><li><p><span style=""color: rgb(18, 18, 18)"">Texture plus fluide que la Base FLEX — application précise en couche fine</span></p></li><li><p><span style=""color: rgb(18, 18, 18)"">Souple sur la plaque ongulaire — protège sans rigidifier</span></p></li><li><p><span style=""color: rgb(18, 18, 18)"">Acidité faible : idéale sur ongles sensibles ou réactifs</span></p></li><li><p><span style=""color: rgb(18, 18, 18)"">Auto-égalisante — s'adapte à la surface de l'ongle</span></p></li><li><p><span style=""color: rgb(18, 18, 18)"">Compatible sous toutes les poses : VSP, rubber base, gel et polygel</span></p></li><li><p><span style=""color: rgb(18, 18, 18)"">Dépose soak-off sans chauffe</span></p></li></ul>",bases-dadhérence;the-base,the-base,,,,,17.9,,,,,,10.45,3,false,,,,,,,,,,,,,,,,,,,,,,,,,,,,,,,,,,,,,,,,,,,,,,,,,,,,,,,,,,,,,,,,,,,,,,,,,,,,,
Product_1a704262-fc69-482a-b350-7c57e1ad38ca,MEDIA,,,,,,5bdc9f_33fe605fc20c4db4b6940bda625112fb~mv2.jpg,,,,,,,,,,,,,,,,,,,,,,,,,,,,,,,,,,,,,,,,,,,,,,,,,,,,,,,,,,,,,,,,,,,,,,,,,,,,,,,,,,,,,,,,,
Product_1a704262-fc69-482a-b350-7c57e1ad38ca,MEDIA,,,,,,5bdc9f_29694de9c8ca4dbcb87e1aaca485bd70~mv2.jpg,,,,,,,,,,,,,,,,,,,,,,,,,,,,,,,,,,,,,,,,,,,,,,,,,,,,,,,,,,,,,,,,,,,,,,,,,,,,,,,,,,,,,,,,,
Product_45c0b8b2-379d-4854-88d9-d7e415bfc824,PRODUCT,Polygel Liquide - Ice Shine,true,"<p><span style=""color: rgb(18, 18, 18)"">Teintes nude lumineuses, enrichies de paillettes fines pour un rendu chic et minimaliste. Texture fluide, auto-nivelante, qui ne coule pas – parfaite pour une pose rapide et sans limage. Adaptée aux ongles courts comme longs, pour des manucures durables et impeccables.</span></p><p><span style=""color: rgb(18, 18, 18)"">Vous pouvez l' utiliser pour faire des extensions poppits, corriger les extensions, réparer, compléter les coins ou renforcer les ongles. Ce matériau combine les propriétés d'application facile de la BASE, et les propriétés de résistance du GEL.</span></p><p><span style=""color: rgb(18, 18, 18)"">Toutes les nuances de la gamme Liquid Polygel ont une excellente densité et un excellent pouvoir couvrant, elles s'appliquent parfaitement, sont auto-égalisantes et sèchent parfaitement. Ne rétrécit pas tout au long de l'usure.</span></p><p><span style=""color: rgb(18, 18, 18)"">⁃ le polygel liquide a une consistance moyenne,</span></p><p><span style=""color: rgb(18, 18, 18)"">- s'auto-égalise rapidement,</span></p><p><span style=""color: rgb(18, 18, 18)"">⁃ excellent pour la technique ""sans limage""</span></p><p><span style=""color: rgb(18, 18, 18)"">⁃ peut être déposé facilement avec une fraise grain fin</span></p><p><span style=""color: rgb(18, 18, 18)"">Mode d'emploi : appliquer une fine couche de base d'adhérence (base FLEX) sur la plaque à ongles préparée.</span></p><p><span style=""color: rgb(18, 18, 18)"">Après polymérisation, appliquer le polygel liquide, patinoire puis construction.</span></p><p><span style=""color: rgb(18, 18, 18)"">Temps de polymérisation 60/120 sec.</span></p><p><span style=""color: rgb(18, 18, 18)"">Pot de 15 ml</span></p>",polygel-liquides;accessoires,accessoires,,,,,17.9,,,,,,,2,false,,,,4687206380899,,,,,,,,,,,,,,,,,,,,,,,,,,,,,,,,,,,,,,,,,,,,,,,,,,,,,,,,,,,,,,,,,,,,,,,,,
Product_45c0b8b2-379d-4854-88d9-d7e415bfc824,MEDIA,,,,,,5bdc9f_4e3ddc02b37b424e848cf86df4af557d~mv2.webp,,,,,,,,,,,,,,,,,,,,,,,,,,,,,,,,,,,,,,,,,,,,,,,,,,,,,,,,,,,,,,,,,,,,,,,,,,,,,,,,,,,,,,,,,
Product_45c0b8b2-379d-4854-88d9-d7e415bfc824,MEDIA,,,,,,5bdc9f_59b073fd3ebb4c86a5930ee6b21963a0~mv2.jpg,,,,,,,,,,,,,,,,,,,,,,,,,,,,,,,,,,,,,,,,,,,,,,,,,,,,,,,,,,,,,,,,,,,,,,,,,,,,,,,,,,,,,,,,,
Product_45c0b8b2-379d-4854-88d9-d7e415bfc824,MEDIA,,,,,,5bdc9f_a9b11c17329f42fd8250113f7ea924bc~mv2.jpg,,,,,,,,,,,,,,,,,,,,,,,,,,,,,,,,,,,,,,,,,,,,,,,,,,,,,,,,,,,,,,,,,,,,,,,,,,,,,,,,,,,,,,,,,
Product_b8f7f051-a956-406a-8763-49363b1bc811,PRODUCT,Polygel Liquide - White Moon,true,"<p><span style=""color: rgb(18, 18, 18)"">Teintes nude lumineuses, enrichies de paillettes fines pour un rendu chic et minimaliste. Texture fluide, auto-nivelante, qui ne coule pas – parfaite pour une pose rapide et sans limage. Adaptée aux ongles courts comme longs, pour des manucures durables et impeccables.</span></p><p><span style=""color: rgb(18, 18, 18)"">Vous pouvez l' utiliser pour faire des extensions poppits, corriger les extensions, réparer, compléter les coins ou renforcer les ongles. Ce matériau combine les propriétés d'application facile de la BASE, et les propriétés de résistance du GEL.</span></p><p><span style=""color: rgb(18, 18, 18)"">Toutes les nuances de la gamme Liquid Polygel ont une excellente densité et un excellent pouvoir couvrant, elles s'appliquent parfaitement, sont auto-égalisantes et sèchent parfaitement. Ne rétrécit pas tout au long de l'usure.</span></p><p><span style=""color: rgb(18, 18, 18)"">⁃ le polygel liquide a une consistance moyenne,</span></p><p><span style=""color: rgb(18, 18, 18)"">- s'auto-égalise rapidement,</span></p><p><span style=""color: rgb(18, 18, 18)"">⁃ excellent pour la technique ""sans limage""</span></p><p><span style=""color: rgb(18, 18, 18)"">⁃ peut être déposé facilement avec une fraise grain fin</span></p><p><span style=""color: rgb(18, 18, 18)"">Mode d'emploi : appliquer une fine couche de base d'adhérence (base FLEX) sur la plaque à ongles préparée.</span></p><p><span style=""color: rgb(18, 18, 18)"">Après polymérisation, appliquer le polygel liquide, patinoire puis construction.</span></p><p><span style=""color: rgb(18, 18, 18)"">Temps de polymérisation 60/120 sec.</span></p><p><span style=""color: rgb(18, 18, 18)"">Pot de 15 ml</span></p>",polygel-liquides;accessoires,accessoires,,,,,17.9,,,,,,10.45,3,false,,,,,,,,,,,,,,,,,,,,,,,,,,,,,,,,,,,,,,,,,,,,,,,,,,,,,,,,,,,,,,,,,,,,,,,,,,,,,
Product_b8f7f051-a956-406a-8763-49363b1bc811,MEDIA,,,,,,5bdc9f_c3429664f3d94ca389176b560a141729~mv2.jpg,,,,,,,,,,,,,,,,,,,,,,,,,,,,,,,,,,,,,,,,,,,,,,,,,,,,,,,,,,,,,,,,,,,,,,,,,,,,,,,,,,,,,,,,,
Product_b8f7f051-a956-406a-8763-49363b1bc811,MEDIA,,,,,,5bdc9f_fdc025d7623a456380d50ac39c416921~mv2.jpg,,,,,,,,,,,,,,,,,,,,,,,,,,,,,,,,,,,,,,,,,,,,,,,,,,,,,,,,,,,,,,,,,,,,,,,,,,,,,,,,,,,,,,,,,
Product_b8f7f051-a956-406a-8763-49363b1bc811,MEDIA,,,,,,5bdc9f_a9b11c17329f42fd8250113f7ea924bc~mv2.jpg,,,,,,,,,,,,,,,,,,,,,,,,,,,,,,,,,,,,,,,,,,,,,,,,,,,,,,,,,,,,,,,,,,,,,,,,,,,,,,,,,,,,,,,,,
Product_6cfeaa56-2a85-419c-9402-f0041c20cce9,PRODUCT,Polygel Liquide - Old Money,true,"<p><span style=""color: rgb(18, 18, 18)"">Teintes nude lumineuses, enrichies de paillettes fines pour un rendu chic et minimaliste. Texture fluide, auto-nivelante, qui ne coule pas – parfaite pour une pose rapide et sans limage. Adaptée aux ongles courts comme longs, pour des manucures durables et impeccables.</span></p><p><span style=""color: rgb(18, 18, 18)"">Vous pouvez l' utiliser pour faire des extensions poppits, corriger les extensions, réparer, compléter les coins ou renforcer les ongles. Ce matériau combine les propriétés d'application facile de la BASE, et les propriétés de résistance du GEL.</span></p><p><span style=""color: rgb(18, 18, 18)"">Toutes les nuances de la gamme Liquid Polygel ont une excellente densité et un excellent pouvoir couvrant, elles s'appliquent parfaitement, sont auto-égalisantes et sèchent parfaitement. Ne rétrécit pas tout au long de l'usure.</span></p><p><span style=""color: rgb(18, 18, 18)"">⁃ le polygel liquide a une consistance moyenne,</span></p><p><span style=""color: rgb(18, 18, 18)"">- s'auto-égalise rapidement,</span></p><p><span style=""color: rgb(18, 18, 18)"">⁃ excellent pour la technique ""sans limage""</span></p><p><span style=""color: rgb(18, 18, 18)"">⁃ peut être déposé facilement avec une fraise grain fin</span></p><p><span style=""color: rgb(18, 18, 18)"">Mode d'emploi : appliquer une fine couche de base d'adhérence (base FLEX) sur la plaque à ongles préparée.</span></p><p><span style=""color: rgb(18, 18, 18)"">Après polymérisation, appliquer le polygel liquide, patinoire puis construction.</span></p><p><span style=""color: rgb(18, 18, 18)"">Temps de polymérisation 60/120 sec.</span></p><p><span style=""color: rgb(18, 18, 18)"">Pot de 15 ml</span></p>",polygel-liquides;accessoires,accessoires,,,,,17.9,,,,,,10.45,3,false,,,,,,,,,,,,,,,,,,,,,,,,,,,,,,,,,,,,,,,,,,,,,,,,,,,,,,,,,,,,,,,,,,,,,,,,,,,,,
Product_6cfeaa56-2a85-419c-9402-f0041c20cce9,MEDIA,,,,,,5bdc9f_b7b5e5d6bba5468f8bdc5d15d3872683~mv2.webp,,,,,,,,,,,,,,,,,,,,,,,,,,,,,,,,,,,,,,,,,,,,,,,,,,,,,,,,,,,,,,,,,,,,,,,,,,,,,,,,,,,,,,,,,
Product_6cfeaa56-2a85-419c-9402-f0041c20cce9,MEDIA,,,,,,5bdc9f_c6d7a111c6c54bd68d80dfa13a3453ea~mv2.jpg,,,,,,,,,,,,,,,,,,,,,,,,,,,,,,,,,,,,,,,,,,,,,,,,,,,,,,,,,,,,,,,,,,,,,,,,,,,,,,,,,,,,,,,,,
Product_6cfeaa56-2a85-419c-9402-f0041c20cce9,MEDIA,,,,,,5bdc9f_a9b11c17329f42fd8250113f7ea924bc~mv2.jpg,,,,,,,,,,,,,,,,,,,,,,,,,,,,,,,,,,,,,,,,,,,,,,,,,,,,,,,,,,,,,,,,,,,,,,,,,,,,,,,,,,,,,,,,,
Product_12cf5e25-72ee-4df9-8254-8eecaae61ce8,PRODUCT,Polygel Liquide - Total Nude,true,"<p><span style=""color: rgb(18, 18, 18)"">Teintes nude lumineuses, enrichies de paillettes fines pour un rendu chic et minimaliste. Texture fluide, auto-nivelante, qui ne coule pas – parfaite pour une pose rapide et sans limage. Adaptée aux ongles courts comme longs, pour des manucures durables et impeccables.</span></p><p><span style=""color: rgb(18, 18, 18)"">Vous pouvez l' utiliser pour faire des extensions poppits, corriger les extensions, réparer, compléter les coins ou renforcer les ongles. Ce matériau combine les propriétés d'application facile de la BASE, et les propriétés de résistance du GEL.</span></p><p><span style=""color: rgb(18, 18, 18)"">Toutes les nuances de la gamme Liquid Polygel ont une excellente densité et un excellent pouvoir couvrant, elles s'appliquent parfaitement, sont auto-égalisantes et sèchent parfaitement. Ne rétrécit pas tout au long de l'usure.</span></p><p><span style=""color: rgb(18, 18, 18)"">⁃ le polygel liquide a une consistance moyenne,</span></p><p><span style=""color: rgb(18, 18, 18)"">- s'auto-égalise rapidement,</span></p><p><span style=""color: rgb(18, 18, 18)"">⁃ excellent pour la technique ""sans limage""</span></p><p><span style=""color: rgb(18, 18, 18)"">⁃ peut être déposé facilement avec une fraise grain fin</span></p><p><span style=""color: rgb(18, 18, 18)"">Mode d'emploi : appliquer une fine couche de base d'adhérence (base FLEX) sur la plaque à ongles préparée.</span></p><p><span style=""color: rgb(18, 18, 18)"">Après polymérisation, appliquer le polygel liquide, patinoire puis construction.</span></p><p><span style=""color: rgb(18, 18, 18)"">Temps de polymérisation 60/120 sec.</span></p><p><span style=""color: rgb(18, 18, 18)"">Pot de 15 ml</span></p>",polygel-liquides;accessoires,accessoires,,,,,17.9,,,,,,10.45,3,false,,,,,,,,,,,,,,,,,,,,,,,,,,,,,,,,,,,,,,,,,,,,,,,,,,,,,,,,,,,,,,,,,,,,,,,,,,,,,
Product_12cf5e25-72ee-4df9-8254-8eecaae61ce8,MEDIA,,,,,,5bdc9f_7295ee639a9244179ebe733efeb56cd3~mv2.webp,,,,,,,,,,,,,,,,,,,,,,,,,,,,,,,,,,,,,,,,,,,,,,,,,,,,,,,,,,,,,,,,,,,,,,,,,,,,,,,,,,,,,,,,,
Product_12cf5e25-72ee-4df9-8254-8eecaae61ce8,MEDIA,,,,,,5bdc9f_689c6a748f2249f1953d22c22d8177ec~mv2.jpg,,,,,,,,,,,,,,,,,,,,,,,,,,,,,,,,,,,,,,,,,,,,,,,,,,,,,,,,,,,,,,,,,,,,,,,,,,,,,,,,,,,,,,,,,
Product_12cf5e25-72ee-4df9-8254-8eecaae61ce8,MEDIA,,,,,,5bdc9f_a9b11c17329f42fd8250113f7ea924bc~mv2.jpg,,,,,,,,,,,,,,,,,,,,,,,,,,,,,,,,,,,,,,,,,,,,,,,,,,,,,,,,,,,,,,,,,,,,,,,,,,,,,,,,,,,,,,,,,
Product_9fb50353-0bcf-4f48-992b-d4277100be64,PRODUCT,Base Camouflage - 2.2,true,"<p><span style=""color: rgb(18, 18, 18)"">Base rubber, faiblement acide.</span></p><p><span style=""color: rgb(18, 18, 18)"">Souple, ne casse pas, ne craque pas !</span></p><p><span style=""color: rgb(18, 18, 18)"">Adaptée aux ongles sensibles.</span></p><p><span style=""color: rgb(18, 18, 18)"">La base n'a pas d'odeur forte, elle est hypoallergénique.</span></p><p><span style=""color: rgb(18, 18, 18)"">De consistance moyenne à épaisse, elle permet même aux débutants de répartir correctement la matière et de créer le bombé parfait.</span></p><p><span style=""color: rgb(18, 18, 18)"">Convient pour renforcer et niveler la plaque de l'ongle.</span></p><p><span style=""color: rgb(18, 18, 18)"">Fournit une tenue sans décollement jusqu'à 4 semaines.</span></p><p><span style=""color: rgb(18, 18, 18)"">Nécessite une sous couche de base soft 1.1 ou base flex ALBI.</span></p><p><span style=""color: rgb(18, 18, 18)"">Les primers peuvent être utilisés comme médiateurs d’adhérence :</span></p><ul><li><p><span style=""color: rgb(18, 18, 18)"">Primer avec acide (Attention 70 à 93 % d'acidité, action chimique qui accentue la porosité dans la plaque pour une adhérence en profondeur) sur un remplissage il ne doit être appliqué que sur la repousse.</span></p></li><li><p><span style=""color: rgb(18, 18, 18)"">Ultra bond (10 à 23% d'acidité), fait office de double face il a une action mécanique il peut être utilisé sur toute la plaque à chaque remplissage.</span></p></li></ul><p><span style=""color: rgb(18, 18, 18)"">Volume 15ml.</span></p>",the-base;base-camouflage,the-base,,,,,17.9,,,,,,10.45,3,false,,,,,,,,,,,,,,,,,,,,,,,,,,,,,,,,,,,,,,,,,,,,,,,,,,,,,,,,,,,,,,,,,,,,,,,,,,,,,
Product_9fb50353-0bcf-4f48-992b-d4277100be64,MEDIA,,,,,,5bdc9f_f668e440585d401c858713c5e60a5629~mv2.jpg,,,,,,,,,,,,,,,,,,,,,,,,,,,,,,,,,,,,,,,,,,,,,,,,,,,,,,,,,,,,,,,,,,,,,,,,,,,,,,,,,,,,,,,,,
Product_9fb50353-0bcf-4f48-992b-d4277100be64,MEDIA,,,,,,5bdc9f_6f46247af77c4a04acbeec4da87cc6ef~mv2.webp,,,,,,,,,,,,,,,,,,,,,,,,,,,,,,,,,,,,,,,,,,,,,,,,,,,,,,,,,,,,,,,,,,,,,,,,,,,,,,,,,,,,,,,,,
Product_9fb50353-0bcf-4f48-992b-d4277100be64,MEDIA,,,,,,5bdc9f_b87c2ccde5fb46758bc5be082ec2ed97~mv2.jpg,,,,,,,,,,,,,,,,,,,,,,,,,,,,,,,,,,,,,,,,,,,,,,,,,,,,,,,,,,,,,,,,,,,,,,,,,,,,,,,,,,,,,,,,,
Product_9fb50353-0bcf-4f48-992b-d4277100be64,MEDIA,,,,,,5bdc9f_35838a29a65a45e2836d3d561327409d~mv2.jpg,,,,,,,,,,,,,,,,,,,,,,,,,,,,,,,,,,,,,,,,,,,,,,,,,,,,,,,,,,,,,,,,,,,,,,,,,,,,,,,,,,,,,,,,,
Product_42555bf6-8e59-48a7-af13-8681c164f0b4,PRODUCT,Base Camouflage - 2.4,true,"<p><span style=""color: rgb(18, 18, 18)"">Base rubber, faiblement acide.</span></p><p><span style=""color: rgb(18, 18, 18)"">Souple, ne casse pas, ne craque pas !</span></p><p><span style=""color: rgb(18, 18, 18)"">Adaptée aux ongles sensibles.</span></p><p><span style=""color: rgb(18, 18, 18)"">La base n'a pas d'odeur forte, elle est hypoallergénique.</span></p><p><span style=""color: rgb(18, 18, 18)"">De consistance moyenne à épaisse, elle permet même aux débutants de répartir correctement la matière et de créer le bombé parfait.</span></p><p><span style=""color: rgb(18, 18, 18)"">Convient pour renforcer et niveler la plaque de l'ongle.</span></p><p><span style=""color: rgb(18, 18, 18)"">Fournit une tenue sans décollement jusqu'à 4 semaines.</span></p><p><span style=""color: rgb(18, 18, 18)"">Nécessite une sous couche de base soft 1.1 ou base flex ALBI.</span></p><p><span style=""color: rgb(18, 18, 18)"">Les primers peuvent être utilisés comme médiateurs d’adhérence :</span></p><ul><li><p><span style=""color: rgb(18, 18, 18)"">Primer avec acide (Attention 70 à 93 % d'acidité, action chimique qui accentue la porosité dans la plaque pour une adhérence en profondeur) sur un remplissage il ne doit être appliqué que sur la repousse.</span></p></li><li><p><span style=""color: rgb(18, 18, 18)"">Ultra bond (10 à 23% d'acidité), fait office de double face il a une action mécanique il peut être utilisé sur toute la plaque à chaque remplissage.</span></p></li></ul><p><span style=""color: rgb(18, 18, 18)"">Volume 15ml.</span></p>",base-camouflage;the-base,the-base,,,,,17.9,,,,,,10.45,3,false,,,,,,,,,,,,,,,,,,,,,,,,,,,,,,,,,,,,,,,,,,,,,,,,,,,,,,,,,,,,,,,,,,,,,,,,,,,,,
Product_42555bf6-8e59-48a7-af13-8681c164f0b4,MEDIA,,,,,,5bdc9f_11853ac913314eee9f61c30af5f303a1~mv2.jpg,,,,,,,,,,,,,,,,,,,,,,,,,,,,,,,,,,,,,,,,,,,,,,,,,,,,,,,,,,,,,,,,,,,,,,,,,,,,,,,,,,,,,,,,,
Product_42555bf6-8e59-48a7-af13-8681c164f0b4,MEDIA,,,,,,5bdc9f_6f46247af77c4a04acbeec4da87cc6ef~mv2.webp,,,,,,,,,,,,,,,,,,,,,,,,,,,,,,,,,,,,,,,,,,,,,,,,,,,,,,,,,,,,,,,,,,,,,,,,,,,,,,,,,,,,,,,,,
Product_42555bf6-8e59-48a7-af13-8681c164f0b4,MEDIA,,,,,,5bdc9f_35838a29a65a45e2836d3d561327409d~mv2.jpg,,,,,,,,,,,,,,,,,,,,,,,,,,,,,,,,,,,,,,,,,,,,,,,,,,,,,,,,,,,,,,,,,,,,,,,,,,,,,,,,,,,,,,,,,
Product_e2a39d77-cc58-4109-b858-43f2e5a8fb46,PRODUCT,Repousse cuticules ,true,,staleks;repousse-cuticules,staleks,,,,,1,,,,,,,3,false,,,,4823126605906,,,,,,,,,,,,,,,,,,,,,,,,,,,,,,,,,,,,,,,,,,,,,,,,,,,,,,,,,,,,,,,,,,,,,,,,,
Product_c24cfdfe-9f6f-43f7-b0f7-cf397a6a9460,PRODUCT,Base Camouflage - 2.7,true,"<ul><li><p><span style=""color: rgb(18, 18, 18)"">Base rubber, faiblement acide.</span></p></li><li><p><span style=""color: rgb(18, 18, 18)"">Souple, ne casse pas, ne craque pas !</span></p></li><li><p><span style=""color: rgb(18, 18, 18)"">Adaptée aux ongles sensibles.</span></p></li><li><p><span style=""color: rgb(18, 18, 18)"">La base n'a pas d'odeur forte, elle est hypoallergénique.</span></p></li><li><p><span style=""color: rgb(18, 18, 18)"">De consistance moyenne à épaisse, elle permet même aux débutants de répartir correctement la matière et de créer le bombé parfait.</span></p></li><li><p><span style=""color: rgb(18, 18, 18)"">Convient pour renforcer et niveler la plaque de l'ongle.</span></p></li><li><p><span style=""color: rgb(18, 18, 18)"">Fournit une tenue sans décollement jusqu'à 4 semaines.</span></p></li><li><p><span style=""color: rgb(18, 18, 18)"">Nécessite une sous couche de base soft 1.1 ou base flex ALBI.</span></p></li><li><p><span style=""color: rgb(18, 18, 18)"">Les primers peuvent être utilisés comme médiateurs d’adhérence :</span></p></li><li><p><span style=""color: rgb(18, 18, 18)"">Primer avec acide (Attention 70 à 93 % d'acidité, action chimique qui accentue la porosité dans la plaque pour une adhérence en profondeur) sur un remplissage il ne doit être appliqué que sur la repousse.</span></p></li><li><p><span style=""color: rgb(18, 18, 18)"">Ultra bond (10 à 23% d'acidité), fait office de double face il a une action mécanique il peut être utilisé sur toute la plaque à chaque remplissage.</span></p></li><li><p><span style=""color: rgb(18, 18, 18)"">Volume 15ml.</span></p></li></ul>",base-camouflage;the-base,the-base,,,,,17.9,,,,,,10.45,3,false,,,,,,,,,,,,,,,,,,,,,,,,,,,,,,,,,,,,,,,,,,,,,,,,,,,,,,,,,,,,,,,,,,,,,,,,,,,,,
Product_c24cfdfe-9f6f-43f7-b0f7-cf397a6a9460,MEDIA,,,,,,5bdc9f_06a44ffca9f945808c51f042db1718e1~mv2.jpg,,,,,,,,,,,,,,,,,,,,,,,,,,,,,,,,,,,,,,,,,,,,,,,,,,,,,,,,,,,,,,,,,,,,,,,,,,,,,,,,,,,,,,,,,
Product_c24cfdfe-9f6f-43f7-b0f7-cf397a6a9460,MEDIA,,,,,,5bdc9f_6f46247af77c4a04acbeec4da87cc6ef~mv2.webp,,,,,,,,,,,,,,,,,,,,,,,,,,,,,,,,,,,,,,,,,,,,,,,,,,,,,,,,,,,,,,,,,,,,,,,,,,,,,,,,,,,,,,,,,
Product_c24cfdfe-9f6f-43f7-b0f7-cf397a6a9460,MEDIA,,,,,,5bdc9f_35838a29a65a45e2836d3d561327409d~mv2.jpg,,,,,,,,,,,,,,,,,,,,,,,,,,,,,,,,,,,,,,,,,,,,,,,,,,,,,,,,,,,,,,,,,,,,,,,,,,,,,,,,,,,,,,,,,
Product_1e2bf47e-9f9c-4762-9e5d-5334cb0f539c,PRODUCT,Base Camouflage - 2.8,true,"<ul><li><p><span style=""color: rgb(18, 18, 18)"">Base rubber, faiblement acide.</span></p></li><li><p><span style=""color: rgb(18, 18, 18)"">Souple, ne casse pas, ne craque pas !</span></p></li><li><p><span style=""color: rgb(18, 18, 18)"">Adaptée aux ongles sensibles.</span></p></li><li><p><span style=""color: rgb(18, 18, 18)"">La base n'a pas d'odeur forte, elle est hypoallergénique.</span></p></li><li><p><span style=""color: rgb(18, 18, 18)"">De consistance moyenne à épaisse, elle permet même aux débutants de répartir correctement la matière et de créer le bombé parfait.</span></p></li><li><p><span style=""color: rgb(18, 18, 18)"">Convient pour renforcer et niveler la plaque de l'ongle.</span></p></li><li><p><span style=""color: rgb(18, 18, 18)"">Fournit une tenue sans décollement jusqu'à 4 semaines.</span></p></li><li><p><span style=""color: rgb(18, 18, 18)"">Nécessite une sous couche de base soft 1.1 ou base flex ALBI.</span></p></li><li><p><span style=""color: rgb(18, 18, 18)"">Les primers peuvent être utilisés comme médiateurs d’adhérence :</span></p></li><li><p><span style=""color: rgb(18, 18, 18)"">Primer avec acide (Attention 70 à 93 % d'acidité, action chimique qui accentue la porosité dans la plaque pour une adhérence en profondeur) sur un remplissage il ne doit être appliqué que sur la repousse.</span></p></li><li><p><span style=""color: rgb(18, 18, 18)"">Ultra bond (10 à 23% d'acidité), fait office de double face il a une action mécanique il peut être utilisé sur toute la plaque à chaque remplissage.</span></p></li><li><p><span style=""color: rgb(18, 18, 18)"">Volume 15ml.</span></p></li></ul>",base-camouflage;the-base,the-base,,,,,17.9,,,,,,10.45,2,false,,,,,,,,,,,,,,,,,,,,,,,,,,,,,,,,,,,,,,,,,,,,,,,,,,,,,,,,,,,,,,,,,,,,,,,,,,,,,
Product_1e2bf47e-9f9c-4762-9e5d-5334cb0f539c,MEDIA,,,,,,5bdc9f_22343b5ba963470fb91286da330414d3~mv2.jpg,,,,,,,,,,,,,,,,,,,,,,,,,,,,,,,,,,,,,,,,,,,,,,,,,,,,,,,,,,,,,,,,,,,,,,,,,,,,,,,,,,,,,,,,,
Product_1e2bf47e-9f9c-4762-9e5d-5334cb0f539c,MEDIA,,,,,,5bdc9f_6f46247af77c4a04acbeec4da87cc6ef~mv2.webp,,,,,,,,,,,,,,,,,,,,,,,,,,,,,,,,,,,,,,,,,,,,,,,,,,,,,,,,,,,,,,,,,,,,,,,,,,,,,,,,,,,,,,,,,
Product_1e2bf47e-9f9c-4762-9e5d-5334cb0f539c,MEDIA,,,,,,5bdc9f_35838a29a65a45e2836d3d561327409d~mv2.jpg,,,,,,,,,,,,,,,,,,,,,,,,,,,,,,,,,,,,,,,,,,,,,,,,,,,,,,,,,,,,,,,,,,,,,,,,,,,,,,,,,,,,,,,,,
Product_e6944256-a096-43db-9fa8-9d18117c47bc,PRODUCT,Base Camouflage - 2.9,true,"<ul><li><p><span style=""color: rgb(18, 18, 18)"">Base rubber, faiblement acide.</span></p></li><li><p><span style=""color: rgb(18, 18, 18)"">Souple, ne casse pas, ne craque pas !</span></p></li><li><p><span style=""color: rgb(18, 18, 18)"">Adaptée aux ongles sensibles.</span></p></li><li><p><span style=""color: rgb(18, 18, 18)"">La base n'a pas d'odeur forte, elle est hypoallergénique.</span></p></li><li><p><span style=""color: rgb(18, 18, 18)"">De consistance moyenne à épaisse, elle permet même aux débutants de répartir correctement la matière et de créer le bombé parfait.</span></p></li><li><p><span style=""color: rgb(18, 18, 18)"">Convient pour renforcer et niveler la plaque de l'ongle.</span></p></li><li><p><span style=""color: rgb(18, 18, 18)"">Fournit une tenue sans décollement jusqu'à 4 semaines.</span></p></li><li><p><span style=""color: rgb(18, 18, 18)"">Nécessite une sous couche de base soft 1.1 ou base flex ALBI.</span></p></li><li><p><span style=""color: rgb(18, 18, 18)"">Les primers peuvent être utilisés comme médiateurs d’adhérence :</span></p></li><li><p><span style=""color: rgb(18, 18, 18)"">Primer avec acide (Attention 70 à 93 % d'acidité, action chimique qui accentue la porosité dans la plaque pour une adhérence en profondeur) sur un remplissage il ne doit être appliqué que sur la repousse.</span></p></li><li><p><span style=""color: rgb(18, 18, 18)"">Ultra bond (10 à 23% d'acidité), fait office de double face il a une action mécanique il peut être utilisé sur toute la plaque à chaque remplissage.</span></p></li><li><p><span style=""color: rgb(18, 18, 18)"">Volume 15ml.</span></p></li></ul>",base-camouflage;the-base,the-base,,,,,17.9,,,,,,10.45,3,false,,,,,,,,,,,,,,,,,,,,,,,,,,,,,,,,,,,,,,,,,,,,,,,,,,,,,,,,,,,,,,,,,,,,,,,,,,,,,
Product_e6944256-a096-43db-9fa8-9d18117c47bc,MEDIA,,,,,,5bdc9f_bbd221e2733942b1a2fcda4ffe7ae00b~mv2.jpg,,,,,,,,,,,,,,,,,,,,,,,,,,,,,,,,,,,,,,,,,,,,,,,,,,,,,,,,,,,,,,,,,,,,,,,,,,,,,,,,,,,,,,,,,
Product_e6944256-a096-43db-9fa8-9d18117c47bc,MEDIA,,,,,,5bdc9f_6f46247af77c4a04acbeec4da87cc6ef~mv2.webp,,,,,,,,,,,,,,,,,,,,,,,,,,,,,,,,,,,,,,,,,,,,,,,,,,,,,,,,,,,,,,,,,,,,,,,,,,,,,,,,,,,,,,,,,
Product_e6944256-a096-43db-9fa8-9d18117c47bc,MEDIA,,,,,,5bdc9f_35838a29a65a45e2836d3d561327409d~mv2.jpg,,,,,,,,,,,,,,,,,,,,,,,,,,,,,,,,,,,,,,,,,,,,,,,,,,,,,,,,,,,,,,,,,,,,,,,,,,,,,,,,,,,,,,,,,
Product_c3186973-b489-4303-ae30-1912ae0f1542,PRODUCT,Gel de construction - 07,true,"<p><span style=""color: rgb(18, 18, 18)"">Le gel de construction The Base est idéal pour la technique sans </span><u><span style=""color: rgb(18, 18, 18)"">limage.</span></u></p><p><a href=""http://limage.Sa"" rel=""noreferrer"" target=""_blank""><span style=""color: rgb(18, 18, 18)"">Sa</span></a><span style=""color: rgb(18, 18, 18)""> consistance idéale est facile à appliquer. Autonivelant, il ne coule pas et se modèle facilement.</span></p><p><span style=""color: rgb(18, 18, 18)"">✔️ 16 teintes les plus utilisées : transparentes, laiteuses, naturelles, classiques ou pailletées 😍</span></p><p><span style=""color: rgb(18, 18, 18)"">✔️ convient pour les extensions et le renforcement des ongles</span></p><p><span style=""color: rgb(18, 18, 18)"">✔️ application très confortable</span></p><p><span style=""color: rgb(18, 18, 18)"">✔️ Viscosité : moyenne.</span></p><p><span style=""color: rgb(18, 18, 18)"">✔️ Durcissement : SEULEMENT 60 secondes dans les lampes LED.</span></p><p><span style=""color: rgb(18, 18, 18)"">Nécessite une sous couche de base 1.1 ou flex.Pour renforcer un ongle naturel, vous devez disposer deux couches de gel : une première patinoire, une seconde de construction avec apex.</span></p><p><span style=""color: rgb(18, 18, 18)"">Existe seulement en 15 ml.</span></p><ul><li><p><u><span style=""font-weight: 700; color: rgb(18, 18, 18)"">Conditions de stockage :</span></u></p></li></ul><p><span style=""color: rgb(18, 18, 18)"">A conserver dans un endroit frais et sec à l'abri de la lumière directe du soleil (température recommandée de 10°C à 26°C).</span></p><p><span style=""color: rgb(18, 18, 18)"">Lorsqu'il est ouvert, éviter le contact avec les lampes UV / LED sur le vernis et le pinceau. Avant chaque utilisation, il est recommandé de rouler un peu le flacon dans la paume des mains pour répartir uniformément le pigment.</span></p><p><span style=""color: rgb(18, 18, 18)"">Les couleurs réelles peuvent être légèrement différentes en raison des paramètres de votre écran.</span></p><ul><li><p><u><span style=""font-weight: 700; color: rgb(18, 18, 18)"">Ingrédients :</span></u></p></li></ul><p><span style=""color: rgb(18, 18, 18)"">ACRYLATES COPOLYMER, HYDROXYPROPYL METHACRYLATE, SILICA DIMETHYL SILYLATE, ETHYL TRIMETHYLBENZOYL PHENYLPHOSPHINATE, CI77981, CI77266, CI18965, CI15510, CI73360, CI73900, CI73385, CI74160, CI73915, CI77007, CI77492, CI45504, CI45350.</span></p>",the-base;gel-de-construction,the-base,,,,,17.9,,,,,,8.36,3,false,,,,,,,,,,,,,,,,,,,,,,,,,,,,,,,,,,,,,,,,,,,,,,,,,,,,,,,,,,,,,,,,,,,,,,,,,,,,,
Product_c3186973-b489-4303-ae30-1912ae0f1542,MEDIA,,,,,,5bdc9f_2dde60edc5e54903ab3918d650429848~mv2.webp,,,,,,,,,,,,,,,,,,,,,,,,,,,,,,,,,,,,,,,,,,,,,,,,,,,,,,,,,,,,,,,,,,,,,,,,,,,,,,,,,,,,,,,,,
Product_c3186973-b489-4303-ae30-1912ae0f1542,MEDIA,,,,,,5bdc9f_ecb3605dc6a845be977858cfd823597a~mv2.webp,,,,,,,,,,,,,,,,,,,,,,,,,,,,,,,,,,,,,,,,,,,,,,,,,,,,,,,,,,,,,,,,,,,,,,,,,,,,,,,,,,,,,,,,,
Product_e6c4536c-78d7-4eda-b166-9be712253c9f,PRODUCT,Gel de construction - 10,true,"<p><span style=""color: rgb(18, 18, 18)"">Le gel de construction The Base est idéal pour la technique sans </span><u><span style=""color: rgb(18, 18, 18)"">limage.</span></u></p><p><a href=""http://limage.Sa"" rel=""noreferrer"" target=""_blank""><span style=""color: rgb(18, 18, 18)"">Sa</span></a><span style=""color: rgb(18, 18, 18)""> consistance idéale est facile à appliquer. Autonivelant, il ne coule pas et se modèle facilement.</span></p><p><span style=""color: rgb(18, 18, 18)"">✔️ 16 teintes les plus utilisées : transparentes, laiteuses, naturelles, classiques ou pailletées 😍</span></p><p><span style=""color: rgb(18, 18, 18)"">✔️ convient pour les extensions et le renforcement des ongles</span></p><p><span style=""color: rgb(18, 18, 18)"">✔️ application très confortable</span></p><p><span style=""color: rgb(18, 18, 18)"">✔️ Viscosité : moyenne.</span></p><p><span style=""color: rgb(18, 18, 18)"">✔️ Durcissement : SEULEMENT 60 secondes dans les lampes LED.</span></p><p><span style=""color: rgb(18, 18, 18)"">Nécessite une sous couche de base 1.1 ou flex.Pour renforcer un ongle naturel, vous devez disposer deux couches de gel : une première patinoire, une seconde de construction avec apex.</span></p><p><span style=""color: rgb(18, 18, 18)"">Existe seulement en 15 ml.</span></p><ul><li><p><u><span style=""font-weight: 700; color: rgb(18, 18, 18)"">Conditions de stockage :</span></u></p></li></ul><p><span style=""color: rgb(18, 18, 18)"">A conserver dans un endroit frais et sec à l'abri de la lumière directe du soleil (température recommandée de 10°C à 26°C).</span></p><p><span style=""color: rgb(18, 18, 18)"">Lorsqu'il est ouvert, éviter le contact avec les lampes UV / LED sur le vernis et le pinceau. Avant chaque utilisation, il est recommandé de rouler un peu le flacon dans la paume des mains pour répartir uniformément le pigment.</span></p><p><span style=""color: rgb(18, 18, 18)"">Les couleurs réelles peuvent être légèrement différentes en raison des paramètres de votre écran.</span></p><ul><li><p><u><span style=""font-weight: 700; color: rgb(18, 18, 18)"">Ingrédients :</span></u></p></li></ul><p><span style=""background-color: rgb(255, 255, 255); color: rgb(18, 18, 18)"">ACRYLATES COPOLYMER, HYDROXYPROPYL METHACRYLATE, SILICA DIMETHYL SILYLATE, ETHYL TRIMETHYLBENZOYL PHENYLPHOSPHINATE, CI77981, CI77266, CI18965, CI15510, CI73360, CI73900, CI73385, CI74160, CI73915, CI77007, CI77492, CI45504, CI45350.</span></p>",gel-de-construction;the-base,the-base,,,,,17.9,,,,,,8.36,3,false,,,,,,,,,,,,,,,,,,,,,,,,,,,,,,,,,,,,,,,,,,,,,,,,,,,,,,,,,,,,,,,,,,,,,,,,,,,,,
Product_e6c4536c-78d7-4eda-b166-9be712253c9f,MEDIA,,,,,,5bdc9f_1553f2df2aee4a9b9bd02c6a7112aa38~mv2.webp,,,,,,,,,,,,,,,,,,,,,,,,,,,,,,,,,,,,,,,,,,,,,,,,,,,,,,,,,,,,,,,,,,,,,,,,,,,,,,,,,,,,,,,,,
Product_e6c4536c-78d7-4eda-b166-9be712253c9f,MEDIA,,,,,,5bdc9f_1dd07e7e2d004b9f892f8487649d154a~mv2.webp,,,,,,,,,,,,,,,,,,,,,,,,,,,,,,,,,,,,,,,,,,,,,,,,,,,,,,,,,,,,,,,,,,,,,,,,,,,,,,,,,,,,,,,,,
Product_59746d47-b5b4-4f35-a258-627b114bbd26,PRODUCT,Gel sans HEMA - Fast 11,true,"<p><span style=""color: rgb(18, 18, 18)"">La collection de gel de construction&nbsp;</span><em><span style=""color: rgb(18, 18, 18)"">Fast se </span></em><span style=""color: rgb(18, 18, 18)"">compose de 14 nuances nude. Les gels ont une consistance assez liquide, ce qui permet de travailler rapidement et efficacement avec leur texture autoégalisante.</span></p><p><a href=""http://autoégalisante.La"" rel=""noreferrer"" target=""_blank""><span style=""color: rgb(18, 18, 18)"">La</span></a><span style=""color: rgb(18, 18, 18)""> formule SANS HEMA minimise le risque de réactions allergiques. Elle convient également aux personnes ayant la peau ou les ongles sensibles.</span></p><ul><li><p><span style=""color: rgb(18, 18, 18)"">Viscosité : liquide</span></p></li><li><p><span style=""color: rgb(18, 18, 18)"">Durcissement : 60 secondes dans lampes LED et 120 secondes dans lampes UV</span></p></li><li><p><span style=""color: rgb(18, 18, 18)"">Consommation : minime.</span></p><p><span style=""color: rgb(18, 18, 18)"">Nécessite une base d'adhérence</span></p><p><span style=""color: rgb(18, 18, 18)"">Pour renforcer un ongle naturel, vous devez disposer deux couches.&nbsp;Appliquer dans un premier temps une couche patinoire sur la plaque de l'ongle avant de passer à la couche de construction.</span></p></li></ul><p><span style=""color: rgb(18, 18, 18)"">Convient pour :</span></p><ul><li><p><span style=""color: rgb(18, 18, 18)"">modeler,</span></p></li><li><p><span style=""color: rgb(18, 18, 18)"">égaliser la couleur de la surface de l’ongle,</span></p></li><li><p><span style=""color: rgb(18, 18, 18)"">allonger l'ongle,</span></p></li><li><p><span style=""color: rgb(18, 18, 18)"">renforcer les ongles naturels..</span></p></li></ul><p><u><span style=""font-weight: 700; color: rgb(18, 18, 18)"">Conditions de stockage :</span></u></p><p><span style=""color: rgb(18, 18, 18)"">A conserver dans un endroit frais et sec à l'abri de la lumière directe du soleil (température recommandée de 10°C à 26°C).</span></p><p><span style=""color: rgb(18, 18, 18)"">Lorsqu'il est ouvert, éviter le contact avec les lampes UV / LED sur le vernis et le pinceau. Avant chaque utilisation, il est recommandé de rouler un peu le flacon dans la paume des mains pour répartir uniformément le pigment.</span></p><p><span style=""color: rgb(18, 18, 18)"">Les couleurs réelles peuvent être légèrement différentes en raison des paramètres de votre écran.</span></p><p><u><span style=""font-weight: 700; color: rgb(18, 18, 18)"">Ingrédients :</span></u></p><p><span style=""color: rgb(18, 18, 18)"">Acrylates copolymer, Isobornyl methacrylate, Silicia, Hydroxycyclohexyl Phenyl Ketone, CI 77491, CI 77492, CI 77891, CI 77007, CI 77266.</span></p><p><span style=""color: rgb(18, 18, 18)"">Réservé à un usage professionnel. Tenir à l'écart des enfants. Peut provoquer une réaction allergique. Pour un usage externe uniquement</span></p>",gel-de-construction;the-base,the-base,,,,,17.9,,,,,,10.45,3,false,,,,,,,,,,,,,,,,,,,,,,,,,,,,,,,,,,,,,,,,,,,,,,,,,,,,,,,,,,,,,,,,,,,,,,,,,,,,,
Product_59746d47-b5b4-4f35-a258-627b114bbd26,MEDIA,,,,,,5bdc9f_32afef44afda4837af818b1ff4e7ad50~mv2.jpg,,,,,,,,,,,,,,,,,,,,,,,,,,,,,,,,,,,,,,,,,,,,,,,,,,,,,,,,,,,,,,,,,,,,,,,,,,,,,,,,,,,,,,,,,
Product_59746d47-b5b4-4f35-a258-627b114bbd26,MEDIA,,,,,,5bdc9f_e686fe52b2104ff5b2face367e39c765~mv2.jpg,,,,,,,,,,,,,,,,,,,,,,,,,,,,,,,,,,,,,,,,,,,,,,,,,,,,,,,,,,,,,,,,,,,,,,,,,,,,,,,,,,,,,,,,,
Product_156c9509-50ea-4c4e-b6b4-5003a601bd6f,PRODUCT,Gel sans HEMA - Fast 08,true,"<p><span style=""color: rgb(18, 18, 18)"">La collection de gel de construction&nbsp;</span><em><span style=""color: rgb(18, 18, 18)"">Fast se </span></em><span style=""color: rgb(18, 18, 18)"">compose de 14 nuances nude. Les gels ont une consistance assez liquide, ce qui permet de travailler rapidement et efficacement avec leur texture autoégalisante.</span></p><p><a href=""http://autoégalisante.La"" rel=""noreferrer"" target=""_blank""><span style=""color: rgb(18, 18, 18)"">La</span></a><span style=""color: rgb(18, 18, 18)""> formule SANS HEMA minimise le risque de réactions allergiques. Elle convient également aux personnes ayant la peau ou les ongles sensibles.</span></p><ul><li><p><span style=""color: rgb(18, 18, 18)"">Viscosité : liquide</span></p></li><li><p><span style=""color: rgb(18, 18, 18)"">Durcissement : 60 secondes dans lampes LED et 120 secondes dans lampes UV</span></p></li><li><p><span style=""color: rgb(18, 18, 18)"">Consommation : minime.</span></p><p><span style=""color: rgb(18, 18, 18)"">Nécessite une base d'adhérence</span></p><p><span style=""color: rgb(18, 18, 18)"">Pour renforcer un ongle naturel, vous devez disposer deux couches.&nbsp;Appliquer dans un premier temps une couche patinoire sur la plaque de l'ongle avant de passer à la couche de construction.</span></p></li></ul><p><span style=""color: rgb(18, 18, 18)"">Convient pour :</span></p><ul><li><p><span style=""color: rgb(18, 18, 18)"">modeler,</span></p></li><li><p><span style=""color: rgb(18, 18, 18)"">égaliser la couleur de la surface de l’ongle,</span></p></li><li><p><span style=""color: rgb(18, 18, 18)"">allonger l'ongle,</span></p></li><li><p><span style=""color: rgb(18, 18, 18)"">renforcer les ongles naturels..</span></p></li></ul><p><u><span style=""font-weight: 700; color: rgb(18, 18, 18)"">Conditions de stockage :</span></u></p><p><span style=""color: rgb(18, 18, 18)"">A conserver dans un endroit frais et sec à l'abri de la lumière directe du soleil (température recommandée de 10°C à 26°C).</span></p><p><span style=""color: rgb(18, 18, 18)"">Lorsqu'il est ouvert, éviter le contact avec les lampes UV / LED sur le vernis et le pinceau. Avant chaque utilisation, il est recommandé de rouler un peu le flacon dans la paume des mains pour répartir uniformément le pigment.</span></p><p><span style=""color: rgb(18, 18, 18)"">Les couleurs réelles peuvent être légèrement différentes en raison des paramètres de votre écran.</span></p><p><u><span style=""font-weight: 700; color: rgb(18, 18, 18)"">Ingrédients :</span></u></p><p><span style=""background-color: rgb(255, 255, 255); color: rgb(18, 18, 18)"">Acrylates copolymer, Isobornyl methacrylate, Silicia, Hydroxycyclohexyl Phenyl Ketone, CI 77491, CI 77492, CI 77891, CI 77007, CI 77266.</span></p><p><span style=""color: rgb(18, 18, 18)"">Réservé à un usage professionnel. Tenir à l'écart des enfants. Peut provoquer une réaction allergique. Pour un usage externe uniquement</span></p>",gel-de-construction;the-base,the-base,,,,,17.9,,,,,,10.45,2,false,,,,,,,,,,,,,,,,,,,,,,,,,,,,,,,,,,,,,,,,,,,,,,,,,,,,,,,,,,,,,,,,,,,,,,,,,,,,,
Product_156c9509-50ea-4c4e-b6b4-5003a601bd6f,MEDIA,,,,,,5bdc9f_9b018e7b819a4673bddaa0fc0e9ec19d~mv2.jpg,,,,,,,,,,,,,,,,,,,,,,,,,,,,,,,,,,,,,,,,,,,,,,,,,,,,,,,,,,,,,,,,,,,,,,,,,,,,,,,,,,,,,,,,,
Product_156c9509-50ea-4c4e-b6b4-5003a601bd6f,MEDIA,,,,,,5bdc9f_e8ae82b3c82645eabfcf045dc3889df8~mv2.jpg,,,,,,,,,,,,,,,,,,,,,,,,,,,,,,,,,,,,,,,,,,,,,,,,,,,,,,,,,,,,,,,,,,,,,,,,,,,,,,,,,,,,,,,,,
Product_ce6bf8e3-0e6e-4267-8040-83887db0ae5a,PRODUCT,Gel sans HEMA - Fast 09,true,"<p><span style=""color: rgb(18, 18, 18)"">La collection de gel de construction&nbsp;</span><em><span style=""color: rgb(18, 18, 18)"">Fast se </span></em><span style=""color: rgb(18, 18, 18)"">compose de 14 nuances nude. Les gels ont une consistance assez liquide, ce qui permet de travailler rapidement et efficacement avec leur texture autoégalisante.</span></p><p><a href=""http://autoégalisante.La"" rel=""noreferrer"" target=""_blank""><span style=""color: rgb(18, 18, 18)"">La</span></a><span style=""color: rgb(18, 18, 18)""> formule SANS HEMA minimise le risque de réactions allergiques. Elle convient également aux personnes ayant la peau ou les ongles sensibles.</span></p><ul><li><p><span style=""color: rgb(18, 18, 18)"">Viscosité : liquide</span></p></li><li><p><span style=""color: rgb(18, 18, 18)"">Durcissement : 60 secondes dans lampes LED et 120 secondes dans lampes UV</span></p></li><li><p><span style=""color: rgb(18, 18, 18)"">Consommation : minime.</span></p><p><span style=""color: rgb(18, 18, 18)"">Nécessite une base d'adhérence</span></p><p><span style=""color: rgb(18, 18, 18)"">Pour renforcer un ongle naturel, vous devez disposer deux couches.&nbsp;Appliquer dans un premier temps une couche patinoire sur la plaque de l'ongle avant de passer à la couche de construction.</span></p></li></ul><p><span style=""color: rgb(18, 18, 18)"">Convient pour :</span></p><ul><li><p><span style=""color: rgb(18, 18, 18)"">modeler,</span></p></li><li><p><span style=""color: rgb(18, 18, 18)"">égaliser la couleur de la surface de l’ongle,</span></p></li><li><p><span style=""color: rgb(18, 18, 18)"">allonger l'ongle,</span></p></li><li><p><span style=""color: rgb(18, 18, 18)"">renforcer les ongles naturels..</span></p></li></ul><p><u><span style=""font-weight: 700; color: rgb(18, 18, 18)"">Conditions de stockage :</span></u></p><p><span style=""color: rgb(18, 18, 18)"">A conserver dans un endroit frais et sec à l'abri de la lumière directe du soleil (température recommandée de 10°C à 26°C).</span></p><p><span style=""color: rgb(18, 18, 18)"">Lorsqu'il est ouvert, éviter le contact avec les lampes UV / LED sur le vernis et le pinceau. Avant chaque utilisation, il est recommandé de rouler un peu le flacon dans la paume des mains pour répartir uniformément le pigment.</span></p><p><span style=""color: rgb(18, 18, 18)"">Les couleurs réelles peuvent être légèrement différentes en raison des paramètres de votre écran.</span></p><p><u><span style=""font-weight: 700; color: rgb(18, 18, 18)"">Ingrédients :</span></u></p><p><span style=""background-color: rgb(255, 255, 255); color: rgb(18, 18, 18)"">Acrylates copolymer, Isobornyl methacrylate, Silicia, Hydroxycyclohexyl Phenyl Ketone, CI 77491, CI 77492, CI 77891, CI 77007, CI 77266.</span></p><p><span style=""color: rgb(18, 18, 18)"">Réservé à un usage professionnel. Tenir à l'écart des enfants. Peut provoquer une réaction allergique. Pour un usage externe uniquement</span></p>",gel-de-construction;the-base,the-base,,,,,17.9,,,,,,10.45,2,false,,,,,,,,,,,,,,,,,,,,,,,,,,,,,,,,,,,,,,,,,,,,,,,,,,,,,,,,,,,,,,,,,,,,,,,,,,,,,
Product_ce6bf8e3-0e6e-4267-8040-83887db0ae5a,MEDIA,,,,,,5bdc9f_a9742b164f4241438fbcea8c76a8245c~mv2.jpg,,,,,,,,,,,,,,,,,,,,,,,,,,,,,,,,,,,,,,,,,,,,,,,,,,,,,,,,,,,,,,,,,,,,,,,,,,,,,,,,,,,,,,,,,
Product_ce6bf8e3-0e6e-4267-8040-83887db0ae5a,MEDIA,,,,,,5bdc9f_0e3ca1b86c964151a070495940e258ec~mv2.jpg,,,,,,,,,,,,,,,,,,,,,,,,,,,,,,,,,,,,,,,,,,,,,,,,,,,,,,,,,,,,,,,,,,,,,,,,,,,,,,,,,,,,,,,,,
Product_5f52e0cf-9adc-4dda-99c8-483a3010f3a3,PRODUCT,Top Coat - No UV Filter,true,"<p><span style=""color: rgb(18, 18, 18)"">Top protection, qui ne contient pas de filtre UV. Sans dégraissage. Idéal pour tous les tons.</span></p><p><span style=""color: rgb(18, 18, 18)"">Volume 15ml.</span></p><ul><li><p><u><span style=""font-weight: 700; color: rgb(18, 18, 18)"">Conditions de stockage :</span></u></p></li></ul><p><span style=""color: rgb(18, 18, 18)"">A conserver dans un endroit frais et sec à l'abri de la lumière directe du soleil (température recommandée de 10°C à 26°C).</span></p><p><span style=""color: rgb(18, 18, 18)"">Lorsqu'il est ouvert, éviter le contact avec les lampes UV / LED sur le vernis et le pinceau. Avant chaque utilisation, il est recommandé de rouler un peu le flacon dans la paume des mains pour répartir uniformément les paillettes.</span></p><p><span style=""color: rgb(18, 18, 18)"">Les couleurs réelles peuvent être légèrement différentes en raison des paramètres de votre écran.</span></p><ul><li><p><u><span style=""font-weight: 700"">Ingrédients :</span></u></p></li></ul><p><span style=""background-color: rgb(255, 255, 255); color: rgb(18, 18, 18)"">Acrylates Copolymer, Hydroxypropyl Methacrylate, Ethyl Trimethylbenzoyl Phenylphosphinate, Microcrystalline wax, Dimethicone.</span></p>",the-base;top-coat-1,the-base,,,,,17.9,,,,,,10.45,2,false,,,,,,,,,,,,,,,,,,,,,,,,,,,,,,,,,,,,,,,,,,,,,,,,,,,,,,,,,,,,,,,,,,,,,,,,,,,,,
Product_5f52e0cf-9adc-4dda-99c8-483a3010f3a3,MEDIA,,,,,,5bdc9f_502c8ad018ff40f4afe99d1d70e87f10~mv2.jpg,,,,,,,,,,,,,,,,,,,,,,,,,,,,,,,,,,,,,,,,,,,,,,,,,,,,,,,,,,,,,,,,,,,,,,,,,,,,,,,,,,,,,,,,,
Product_5f52e0cf-9adc-4dda-99c8-483a3010f3a3,MEDIA,,,,,,5bdc9f_dd3780a9ad804e07be0fa87b5a565652~mv2.webp,,,,,,,,,,,,,,,,,,,,,,,,,,,,,,,,,,,,,,,,,,,,,,,,,,,,,,,,,,,,,,,,,,,,,,,,,,,,,,,,,,,,,,,,,
Product_9a4a6807-d512-47d9-9aeb-774cd7af22b6,PRODUCT,Top Coat - UV Filter,true,"<p><span style=""color: rgb(18, 18, 18)"">Top protection, qui contient du filtre UV. Sans dégraissage. Idéal pour tous les tons CLAIRS.</span></p><p><span style=""color: rgb(18, 18, 18)"">Volume 15ml.</span></p><ul><li><p><u><span style=""font-weight: 700; color: rgb(18, 18, 18)"">Conditions de stockage :</span></u></p></li></ul><p><span style=""color: rgb(18, 18, 18)"">A conserver dans un endroit frais et sec à l'abri de la lumière directe du soleil (température recommandée de 10°C à 26°C).</span></p><p><span style=""color: rgb(18, 18, 18)"">Lorsqu'il est ouvert, éviter le contact avec les lampes UV / LED sur le vernis et le pinceau. Avant chaque utilisation, il est recommandé de rouler un peu le flacon dans la paume des mains pour répartir uniformément les paillettes.</span></p><p><span style=""color: rgb(18, 18, 18)"">Les couleurs réelles peuvent être légèrement différentes en raison des paramètres de votre écran.</span></p><ul><li><p><u><span style=""font-weight: 700"">Ingrédients :</span></u></p></li></ul><p><span style=""background-color: rgb(255, 255, 255); color: rgb(18, 18, 18)"">Acrylates Copolymer, Hydroxypropyl Methacrylate, Ethyl Trimethylbenzoyl Phenylphosphinate, Microcrystalline wax, Dimethicone.</span></p>",top-coat-1;the-base,the-base,,,,,17.9,,,,,,10.45,2,false,,,,,,,,,,,,,,,,,,,,,,,,,,,,,,,,,,,,,,,,,,,,,,,,,,,,,,,,,,,,,,,,,,,,,,,,,,,,,
Product_9a4a6807-d512-47d9-9aeb-774cd7af22b6,MEDIA,,,,,,5bdc9f_502c8ad018ff40f4afe99d1d70e87f10~mv2.jpg,,,,,,,,,,,,,,,,,,,,,,,,,,,,,,,,,,,,,,,,,,,,,,,,,,,,,,,,,,,,,,,,,,,,,,,,,,,,,,,,,,,,,,,,,
Product_9a4a6807-d512-47d9-9aeb-774cd7af22b6,MEDIA,,,,,,5bdc9f_dd3780a9ad804e07be0fa87b5a565652~mv2.webp,,,,,,,,,,,,,,,,,,,,,,,,,,,,,,,,,,,,,,,,,,,,,,,,,,,,,,,,,,,,,,,,,,,,,,,,,,,,,,,,,,,,,,,,,
Product_550a8a8d-ca11-48d0-a2c0-d66c1a71a493,PRODUCT,Vernis semi permanent - Silk Cat n°18,true,"<p><span style=""color: rgb(18, 18, 18)"">Entre le rose et le lilas, le n°18 joue sur la frontière des teintes — un accord délicat et lumineux qui change selon la lumière. Nacré, aérien, printanier, il capture l’essence des fleurs de cerisier au crépuscule.</span></p><p><span style=""color: rgb(18, 18, 18)"">Semi-transparent avec une profondeur modulable, il sublime tous les types d’ongles et s’associe naturellement aux autres teintes de la collection.</span></p><ul><li><p><span style=""color: rgb(18, 18, 18)"">Effet soie caractéristique de la collection Silk Cat</span></p></li><li><p><span style=""color: rgb(18, 18, 18)"">Pigmentation modulable selon l’intensité souhaitée</span></p></li><li><p><span style=""color: rgb(18, 18, 18)"">Compatible toutes bases et toutes teintes</span></p></li></ul><ul><li><p><u><span style=""font-weight: 700"">Ingrédients :</span></u></p><p><span style=""background-color: rgb(255, 255, 255); color: rgb(18, 18, 18)"">ACRYLATES COPOLYMER, PPG-2 NEOPENTYL GLYCOL DIACRYLATE, HYDROXYPROPYL METHACRYLATE , ETHYL TRIMETHYLBENZOYL PHENYLPHOSPHINATE, Pigments: Cl 45380, Cl 15850, Cl 77491, Cl 15985, CI 77492, CI 77007, Cl 77510, Cl 77742, Cl 77289, Cl 77499. CI 77891, CI 77019 MICA.</span></p></li></ul>",accessoires;vernis-semi-permanent,accessoires,,,,,11.5,,,,,,6.71,3,false,,,,,,,,,,,,,,,,,,,,,,,,,,,,,,,,,,,,,,,,,,,,,,,,,,,,,,,,,,,,,,,,,,,,,,,,,,,,,
Product_550a8a8d-ca11-48d0-a2c0-d66c1a71a493,MEDIA,,,,,,5bdc9f_7bd3aa5a8b3c437bb3c541110f284b6c~mv2.jpg,,,,,,,,,,,,,,,,,,,,,,,,,,,,,,,,,,,,,,,,,,,,,,,,,,,,,,,,,,,,,,,,,,,,,,,,,,,,,,,,,,,,,,,,,
Product_550a8a8d-ca11-48d0-a2c0-d66c1a71a493,MEDIA,,,,,,5bdc9f_61eafcf20ff1479eb80f77b508a93cf0~mv2.jpg,,,,,,,,,,,,,,,,,,,,,,,,,,,,,,,,,,,,,,,,,,,,,,,,,,,,,,,,,,,,,,,,,,,,,,,,,,,,,,,,,,,,,,,,,
Product_df511f59-981e-49c4-bb3b-87f6c8e037c2,PRODUCT,Vernis semi permanent - Silk Cat n°16,true,"<p><span style=""color: var(--color)"">La teinte de l’année dans sa version Silk Cat. Le n°16 incarne </span><em><span style=""color: var(--color)"">Pantone Cloud Dancer 2026</span></em><span style=""color: var(--color)""> — un gris laiteux semi-transparent aux reflets nacrés, d’une légèreté aérienne et d’une élégance intemporelle.</span></p><p><span style=""color: var(--color)"">Semi-transparent par nature, il se porte seul pour un effet nuage sophistiqué, se superpose sur n’importe quelle base colorée pour un voile irisé, ou crée un french à reflets en lieu d’une ligne opaque.</span></p><ul><li><p><span style=""color: rgb(18, 18, 18)"">Effet soie caractéristique de la collection Silk Cat</span></p></li><li><p><span style=""color: rgb(18, 18, 18)"">Semi-transparent, modulable selon l’intensité souhaitée</span></p></li><li><p><span style=""color: rgb(18, 18, 18)"">Compatible toutes bases et toutes teintes</span></p></li></ul><ul><li><p><u><span style=""font-weight: 700"">Ingrédients :</span></u></p><p><span style=""background-color: rgb(255, 255, 255); color: rgb(18, 18, 18)"">ACRYLATES COPOLYMER, PPG-2 NEOPENTYL GLYCOL DIACRYLATE, HYDROXYPROPYL METHACRYLATE , ETHYL TRIMETHYLBENZOYL PHENYLPHOSPHINATE, Pigments: Cl 45380, Cl 15850, Cl 77491, Cl 15985, CI 77492, CI 77007, Cl 77510, Cl 77742, Cl 77289, Cl 77499. CI 77891, CI 77019 MICA.</span></p></li></ul>",vernis-semi-permanent;accessoires,accessoires,,,,,11.5,,,,,,6.71,3,false,,,,,,,,,,,,,,,,,,,,,,,,,,,,,,,,,,,,,,,,,,,,,,,,,,,,,,,,,,,,,,,,,,,,,,,,,,,,,
Product_df511f59-981e-49c4-bb3b-87f6c8e037c2,MEDIA,,,,,,5bdc9f_72a37038256744a3909156943bf6137f~mv2.jpg,,,,,,,,,,,,,,,,,,,,,,,,,,,,,,,,,,,,,,,,,,,,,,,,,,,,,,,,,,,,,,,,,,,,,,,,,,,,,,,,,,,,,,,,,
Product_df511f59-981e-49c4-bb3b-87f6c8e037c2,MEDIA,,,,,,5bdc9f_971f8fd0fd574e54ade23f195b1d59fa~mv2.jpg,,,,,,,,,,,,,,,,,,,,,,,,,,,,,,,,,,,,,,,,,,,,,,,,,,,,,,,,,,,,,,,,,,,,,,,,,,,,,,,,,,,,,,,,,
Product_4d1f7bf9-00ce-4eb0-8eeb-0574eadb141b,PRODUCT,Vernis semi permanent - Silk Cat n°14,true,"<p><span style=""color: rgb(18, 18, 18)"">SILK CAT Vert Emeraude, ce n'est pas juste de la couleur, c'est une profondeur, un éclat et une douce lueur qu'il est impossible de reproduire avec un autre vsp.Laissez vous tenter par les Silk Cat de chez Albi, des vernis semi permanents magnétiques aux reflets Cat Eye soyeux déclinés en 15 teintes !</span></p><p><span style=""color: rgb(18, 18, 18)"">Les vernis semi permanents ALBI offrent une large palette de couleurs régulièrement renouvelée.</span></p><p><span style=""color: rgb(18, 18, 18)"">Composés à partir de matières premières sélectionnées de la plus haute qualité, les vernis semi permanents Albi sont particulièrement agréables à travailler.Ils se distinguent par une texture dense auto-nivelante, une pigmentation élevée, une consistance moyennement épaisse.L’application se fait généralement en une seule couche fine. La profondeur de couleur peut être ajustée en appliquant 1 à 2 fines couches.</span></p><p><span style=""color: rgb(18, 18, 18)"">En plus de l'application classique, ils conviennent à la création de dégradés et de nail art.</span></p><p><span style=""color: rgb(18, 18, 18)"">Les produits de la marque ALBI sont dédiés et créés spécialement pour les prothésistes ongulaires.</span></p><p><span style=""color: rgb(18, 18, 18)"">Volume 10 ml.</span></p><ul><li><p><u><span style=""font-weight: 700"">Ingrédients :</span></u></p><p><span style=""background-color: rgb(255, 255, 255); color: rgb(18, 18, 18)"">ACRYLATES COPOLYMER, PPG-2 NEOPENTYL GLYCOL DIACRYLATE, HYDROXYPROPYL METHACRYLATE , ETHYL TRIMETHYLBENZOYL PHENYLPHOSPHINATE, Pigments: Cl 45380, Cl 15850, Cl 77491, Cl 15985, CI 77492</span></p></li></ul>",vernis-semi-permanent;accessoires,accessoires,,,,,11.5,,,,,,6.71,3,false,,,,,,,,,,,,,,,,,,,,,,,,,,,,,,,,,,,,,,,,,,,,,,,,,,,,,,,,,,,,,,,,,,,,,,,,,,,,,
Product_4d1f7bf9-00ce-4eb0-8eeb-0574eadb141b,MEDIA,,,,,,5bdc9f_0ad6c3020ba44e9d924b1368081010e6~mv2.jpg,,,,,,,,,,,,,,,,,,,,,,,,,,,,,,,,,,,,,,,,,,,,,,,,,,,,,,,,,,,,,,,,,,,,,,,,,,,,,,,,,,,,,,,,,
Product_4d1f7bf9-00ce-4eb0-8eeb-0574eadb141b,MEDIA,,,,,,5bdc9f_8fc0f7ef7a494cf6b0fd7ee429c5aa2e~mv2.jpg,,,,,,,,,,,,,,,,,,,,,,,,,,,,,,,,,,,,,,,,,,,,,,,,,,,,,,,,,,,,,,,,,,,,,,,,,,,,,,,,,,,,,,,,,
Product_4d1f7bf9-00ce-4eb0-8eeb-0574eadb141b,MEDIA,,,,,,5bdc9f_0bc5b6e54bf14912914ad09c160cc0de~mv2.jpg,,,,,,,,,,,,,,,,,,,,,,,,,,,,,,,,,,,,,,,,,,,,,,,,,,,,,,,,,,,,,,,,,,,,,,,,,,,,,,,,,,,,,,,,,
Product_31154bb1-af24-49d7-9279-f00fd49585fc,PRODUCT,Vernis semi permanent - 16,true,"<p><span style=""color: rgb(18, 18, 18)"">Les vernis semi permanents ALBI offrent une large palette de couleurs régulièrement renouvelée.</span></p><p><span style=""color: rgb(18, 18, 18)"">Composés à partir de matières premières allemandes de la plus haute qualité, les vernis semi permanents Albi sont particulièrement agréables à travailler.</span></p><p><span style=""color: rgb(18, 18, 18)"">Ils se distinguent par une texture dense auto-nivelante, une pigmentation élevée, une consistance moyennement épaisse.</span></p><p><span style=""color: rgb(18, 18, 18)"">L’application se fait généralement en une seule couche. La profondeur de couleur peut être ajustée en appliquant 1 à 2 fines couches.</span></p><p><span style=""color: rgb(18, 18, 18)"">En plus de l'application classique, ils conviennent à la création de dégradés et de nail art.</span></p><p><span style=""color: rgb(18, 18, 18)"">Les produits de la marque ALBI sont dédiés et créés spécialement pour les prothésistes ongulaires.</span></p><p><span style=""color: rgb(18, 18, 18)"">Volume 10 ml.</span></p><ul><li><p><u><span style=""font-weight: 700"">Ingrédients :</span></u></p><p><span style=""background-color: rgb(255, 255, 255); color: rgb(18, 18, 18)"">ACRYLATES COPOLYMER, PPG-2 NEOPENTYL GLYCOL DIACRYLATE, HYDROXYPROPYL METHACRYLATE, ETHYLTRIMETHYLBENZOYL PHENYLPHOSPHINATE. Pigments CI 45980 CI 15850 CI 77491, Cl 15985 Cl 77492 CI 77007 CI77510 CI 77742 C177289 C77499 CI 77891 CI 77019 MICA</span></p></li></ul>",vernis-semi-permanent;accessoires,accessoires,,,,,11.5,,,,,,6.71,3,false,,,,,,,,,,,,,,,,,,,,,,,,,,,,,,,,,,,,,,,,,,,,,,,,,,,,,,,,,,,,,,,,,,,,,,,,,,,,,
Product_31154bb1-af24-49d7-9279-f00fd49585fc,MEDIA,,,,,,5bdc9f_0d32f8657b4647c287db2ad880d0c2d9~mv2.jpg,,,,,,,,,,,,,,,,,,,,,,,,,,,,,,,,,,,,,,,,,,,,,,,,,,,,,,,,,,,,,,,,,,,,,,,,,,,,,,,,,,,,,,,,,
Product_31154bb1-af24-49d7-9279-f00fd49585fc,MEDIA,,,,,,5bdc9f_4480620c517f456e91e68cce40511dd5~mv2.jpg,,,,,,,,,,,,,,,,,,,,,,,,,,,,,,,,,,,,,,,,,,,,,,,,,,,,,,,,,,,,,,,,,,,,,,,,,,,,,,,,,,,,,,,,,
Product_ac4daa91-cc4c-43a8-a8f5-53ce8a8d50f4,PRODUCT,Aimant double tête pour effet Cat Eye,true,"<p><span style=""color: rgb(28, 28, 28)"">Vous voulez réaliser un cat eye avec précision? Cet aimant est fait pour vous.</span></p><p><span style=""color: rgb(28, 28, 28)"">Cet aimant possède un côté avec un petit aimant rond et un côté avec un aimant plat et large. Ils servent afin de réaliser de fines lignes ou des effets de vagues obtenus avec deux aimants.</span></p><ul><li><p><u><span style=""font-weight: 700; color: rgb(28, 28, 28)"">Conseils d'utilisation :</span></u></p></li></ul><p><span style=""color: rgb(28, 28, 28)"">Pour un résultat net, appliquez soit la couleur noir, soit la couleur cat eye (sans utiliser l'aimant) puis catalyser. Appliquez en 2ème couche la couleur cat eye ou magnétique, placez l'aimant à 2-3 mm pendant 3-5 sec puis catalyser. Ainsi l'effet de votre couleur cat eye sera plus prononcé.</span></p>",accessoires;accessoires-2,accessoires,,,,,5,,,,,,2.92,3,false,,,,,,,,,,,,,,,,,,,,,,,,,,,,,,,,,,,,,,,,,,,,,,,,,,,,,,,,,,,,,,,,,,,,,,,,,,,,,
Product_ac4daa91-cc4c-43a8-a8f5-53ce8a8d50f4,MEDIA,,,,,,5bdc9f_8e1785afd5d048d7942d80feb7ffad83~mv2.webp,,,,,,,,,,,,,,,,,,,,,,,,,,,,,,,,,,,,,,,,,,,,,,,,,,,,,,,,,,,,,,,,,,,,,,,,,,,,,,,,,,,,,,,,,
Product_17c47200-80de-4c1c-952d-1d8a6f50fd03,PRODUCT,Vernis semi permanent - 17,true,"<p><span style=""color: rgb(18, 18, 18)"">Les vernis semi permanents ALBI offrent une large palette de couleurs régulièrement renouvelée.</span></p><p><span style=""color: rgb(18, 18, 18)"">Composés à partir de matières premières allemandes de la plus haute qualité, les vernis semi permanents Albi sont particulièrement agréables à travailler.</span></p><p><span style=""color: rgb(18, 18, 18)"">Ils se distinguent par une texture dense auto-nivelante, une pigmentation élevée, une consistance moyennement épaisse.</span></p><p><span style=""color: rgb(18, 18, 18)"">L’application se fait généralement en une seule couche. La profondeur de couleur peut être ajustée en appliquant 1 à 2 fines couches.</span></p><p><span style=""color: rgb(18, 18, 18)"">En plus de l'application classique, ils conviennent à la création de dégradés et de nail art.</span></p><p><span style=""color: rgb(18, 18, 18)"">Les produits de la marque ALBI sont dédiés et créés spécialement pour les prothésistes ongulaires.</span></p><p><span style=""color: rgb(18, 18, 18)"">Volume 10 ml.</span></p><ul><li><p><u><span style=""font-weight: 700"">Ingrédients :</span></u></p><p><span style=""background-color: rgb(255, 255, 255); color: rgb(18, 18, 18)"">ACRYLATES COPOLYMER, PPG-2 NEOPENTYL GLYCOL DIACRYLATE, HYDROXYPROPYL METHACRYLATE, ETHYLTRIMETHYLBENZOYL PHENYLPHOSPHINATE. Pigments CI 45980 CI 15850 CI 77491, Cl 15985 Cl 77492 CI 77007 CI77510 CI 77742 C177289 C77499 CI 77891 CI 77019 MICA</span></p></li></ul>",vernis-semi-permanent;accessoires,accessoires,,,,,11.5,,,,,,6.71,3,false,,,,,,,,,,,,,,,,,,,,,,,,,,,,,,,,,,,,,,,,,,,,,,,,,,,,,,,,,,,,,,,,,,,,,,,,,,,,,
Product_17c47200-80de-4c1c-952d-1d8a6f50fd03,MEDIA,,,,,,5bdc9f_76467dd2c72244b98406d1c65b9819b5~mv2.webp,,,,,,,,,,,,,,,,,,,,,,,,,,,,,,,,,,,,,,,,,,,,,,,,,,,,,,,,,,,,,,,,,,,,,,,,,,,,,,,,,,,,,,,,,
Product_17c47200-80de-4c1c-952d-1d8a6f50fd03,MEDIA,,,,,,5bdc9f_62272cd5e3024c21bf112d0b05a1cb9f~mv2.jpg,,,,,,,,,,,,,,,,,,,,,,,,,,,,,,,,,,,,,,,,,,,,,,,,,,,,,,,,,,,,,,,,,,,,,,,,,,,,,,,,,,,,,,,,,
Product_2bb6f81c-0868-4563-924e-fe1b632bdd5b,PRODUCT,Vernis semi permanent - Burgundy 1,true,"<p><span style=""background-color: rgb(255, 255, 255); color: rgb(18, 18, 18)"">Découvrez la gamme Burgundy de chez Albi, chaque verni semi permanent de la collection BURGUNDY est une combinaison de notes bordeaux et brunes, chaudes et froides, convenant à une variété de looks.</span></p><p><span style=""color: rgb(18, 18, 18)"">Les vernis semi permanents ALBI offrent une large palette de couleurs régulièrement renouvelée.</span></p><p><span style=""color: rgb(18, 18, 18)"">Composés à partir de matières premières allemandes de la plus haute qualité, les vernis semi permanents Albi sont particulièrement agréables à travailler.</span></p><p><span style=""color: rgb(18, 18, 18)"">Ils se distinguent par une texture dense auto-nivelante, une pigmentation élevée, une consistance moyennement épaisse.</span></p><p><span style=""color: rgb(18, 18, 18)"">L’application se fait généralement en une seule couche. La profondeur de couleur peut être ajustée en appliquant 1 à 2 fines couches.</span></p><p><span style=""color: rgb(18, 18, 18)"">En plus de l'application classique, ils conviennent à la création de dégradés et de nail art.</span></p><p><span style=""color: rgb(18, 18, 18)"">Les produits de la marque ALBI sont dédiés et créés spécialement pour les prothésistes ongulaires.</span></p><p><span style=""color: rgb(18, 18, 18)"">Volume 10 ml.</span></p><ul><li><p><u><span style=""font-weight: 700"">Ingrédients :</span></u></p><p><span style=""background-color: rgb(255, 255, 255); color: rgb(18, 18, 18)"">ACRYLATES COPOLYMER, PPG-2 NEOPENTYL GLYCOL DIACRYLATE, HYDROXYPROPYL METHACRYLATE , ETHYL TRIMETHYLBENZOYL PHENYLPHOSPHINATE, Pigments: Cl 45380, Cl 15850, Cl 77491, Cl 15985, CI 77492, CI 77007, Cl 77510, Cl 77742, Cl 77289, Cl 77499. CI 77891, CI 77019 MICA.</span></p></li></ul>",vernis-semi-permanent;accessoires,accessoires,,,,,11.5,,,,,,6.71,3,false,,,,,,,,,,,,,,,,,,,,,,,,,,,,,,,,,,,,,,,,,,,,,,,,,,,,,,,,,,,,,,,,,,,,,,,,,,,,,
Product_2bb6f81c-0868-4563-924e-fe1b632bdd5b,MEDIA,,,,,,5bdc9f_14d438c524df445c86212531ce7acd66~mv2.jpg,,,,,,,,,,,,,,,,,,,,,,,,,,,,,,,,,,,,,,,,,,,,,,,,,,,,,,,,,,,,,,,,,,,,,,,,,,,,,,,,,,,,,,,,,
Product_2bb6f81c-0868-4563-924e-fe1b632bdd5b,MEDIA,,,,,,5bdc9f_3c2ccb9d1eb44af7bf20ea885f9e4fe0~mv2.jpg,,,,,,,,,,,,,,,,,,,,,,,,,,,,,,,,,,,,,,,,,,,,,,,,,,,,,,,,,,,,,,,,,,,,,,,,,,,,,,,,,,,,,,,,,
Product_2bb6f81c-0868-4563-924e-fe1b632bdd5b,MEDIA,,,,,,5bdc9f_d52681bd4b14485aa126919d9cc0ab34~mv2.jpg,,,,,,,,,,,,,,,,,,,,,,,,,,,,,,,,,,,,,,,,,,,,,,,,,,,,,,,,,,,,,,,,,,,,,,,,,,,,,,,,,,,,,,,,,
Product_4562cd39-acbf-469e-acae-0d5d2c310347,PRODUCT,Vernis semi permanent - 25,true,"<p><span style=""color: rgb(18, 18, 18)"">Les vernis semi permanents ALBI offrent une large palette de couleurs régulièrement renouvelée.</span></p><p><span style=""color: rgb(18, 18, 18)"">Composés à partir de matières premières allemandes de la plus haute qualité, les vernis semi permanents Albi sont particulièrement agréables à travailler.</span></p><p><span style=""color: rgb(18, 18, 18)"">Ils se distinguent par une texture dense auto-nivelante, une pigmentation élevée, une consistance moyennement épaisse.</span></p><p><span style=""color: rgb(18, 18, 18)"">L’application se fait généralement en une seule couche. La profondeur de couleur peut être ajustée en appliquant 1 à 2 fines couches.</span></p><p><span style=""color: rgb(18, 18, 18)"">En plus de l'application classique, ils conviennent à la création de dégradés et de nail art.</span></p><p><span style=""color: rgb(18, 18, 18)"">Les produits de la marque ALBI sont dédiés et créés spécialement pour les prothésistes ongulaires.</span></p><p><span style=""color: rgb(18, 18, 18)"">Volume 10 ml.</span></p><ul><li><p><u><span style=""font-weight: 700"">Ingrédients :</span></u></p><p><span style=""background-color: rgb(255, 255, 255); color: rgb(18, 18, 18)"">ACRYLATES COPOLYMER, PPG-2 NEOPENTYL GLYCOL DIACRYLATE, HYDROXYPROPYL METHACRYLATE, ETHYLTRIMETHYLBENZOYL PHENYLPHOSPHINATE. Pigments CI 45980 CI 15850 CI 77491, Cl 15985 Cl 77492 CI 77007 CI77510 CI 77742 C177289 C77499 CI 77891 CI 77019 MICA</span></p></li></ul>",vernis-semi-permanent;accessoires,accessoires,,,,,11.5,,,,,,6.71,3,false,,,,,,,,,,,,,,,,,,,,,,,,,,,,,,,,,,,,,,,,,,,,,,,,,,,,,,,,,,,,,,,,,,,,,,,,,,,,,
Product_4562cd39-acbf-469e-acae-0d5d2c310347,MEDIA,,,,,,5bdc9f_a4fef0290ac144da977260c14767729b~mv2.webp,,,,,,,,,,,,,,,,,,,,,,,,,,,,,,,,,,,,,,,,,,,,,,,,,,,,,,,,,,,,,,,,,,,,,,,,,,,,,,,,,,,,,,,,,
Product_4562cd39-acbf-469e-acae-0d5d2c310347,MEDIA,,,,,,5bdc9f_456dcb88d5504c83956255a5989ebda1~mv2.jpg,,,,,,,,,,,,,,,,,,,,,,,,,,,,,,,,,,,,,,,,,,,,,,,,,,,,,,,,,,,,,,,,,,,,,,,,,,,,,,,,,,,,,,,,,
Product_6ec4fabc-7cbc-44e0-99c7-7af9e654bcea,PRODUCT,Vernis semi permanent - 28,true,"<p><span style=""color: rgb(18, 18, 18)"">Les vernis semi permanents ALBI offrent une large palette de couleurs régulièrement renouvelée.</span></p><p><span style=""color: rgb(18, 18, 18)"">Composés à partir de matières premières allemandes de la plus haute qualité, les vernis semi permanents Albi sont particulièrement agréables à travailler.</span></p><p><span style=""color: rgb(18, 18, 18)"">Ils se distinguent par une texture dense auto-nivelante, une pigmentation élevée, une consistance moyennement épaisse.</span></p><p><span style=""color: rgb(18, 18, 18)"">L’application se fait généralement en une seule couche. La profondeur de couleur peut être ajustée en appliquant 1 à 2 fines couches.</span></p><p><span style=""color: rgb(18, 18, 18)"">En plus de l'application classique, ils conviennent à la création de dégradés et de nail art.</span></p><p><span style=""color: rgb(18, 18, 18)"">Les produits de la marque ALBI sont dédiés et créés spécialement pour les prothésistes ongulaires.</span></p><p><span style=""color: rgb(18, 18, 18)"">Volume 10 ml.</span></p><ul><li><p><u><span style=""font-weight: 700"">Ingrédients :</span></u></p><p><span style=""background-color: rgb(255, 255, 255); color: rgb(18, 18, 18)"">ACRYLATES COPOLYMER, PPG-2 NEOPENTYL GLYCOL DIACRYLATE, HYDROXYPROPYL METHACRYLATE, ETHYLTRIMETHYLBENZOYL PHENYLPHOSPHINATE. Pigments CI 45980 CI 15850 CI 77491, Cl 15985 Cl 77492 CI 77007 CI77510 CI 77742 C177289 C77499 CI 77891 CI 77019 MICA</span></p></li></ul>",vernis-semi-permanent;accessoires,accessoires,,,,,11.5,,,,,,6.71,3,false,,,,,,,,,,,,,,,,,,,,,,,,,,,,,,,,,,,,,,,,,,,,,,,,,,,,,,,,,,,,,,,,,,,,,,,,,,,,,
Product_6ec4fabc-7cbc-44e0-99c7-7af9e654bcea,MEDIA,,,,,,5bdc9f_78eeb11f42ac4e14992f507a76682d5f~mv2.webp,,,,,,,,,,,,,,,,,,,,,,,,,,,,,,,,,,,,,,,,,,,,,,,,,,,,,,,,,,,,,,,,,,,,,,,,,,,,,,,,,,,,,,,,,
Product_6ec4fabc-7cbc-44e0-99c7-7af9e654bcea,MEDIA,,,,,,5bdc9f_91fc108f74154e7497c3dfb89c57632d~mv2.jpg,,,,,,,,,,,,,,,,,,,,,,,,,,,,,,,,,,,,,,,,,,,,,,,,,,,,,,,,,,,,,,,,,,,,,,,,,,,,,,,,,,,,,,,,,
Product_a9c2f163-52c8-42e7-b982-b6c1e3dc52b5,PRODUCT,Vernis semi permanent - 368,true,"<p><span style=""color: rgb(18, 18, 18)"">Les vernis semi permanents ALBI offrent une large palette de couleurs régulièrement renouvelée.</span></p><p><span style=""color: rgb(18, 18, 18)"">Composés à partir de matières premières allemandes de la plus haute qualité, les vernis semi permanents Albi sont particulièrement agréables à travailler.</span></p><p><span style=""color: rgb(18, 18, 18)"">Ils se distinguent par une texture dense auto-nivelante, une pigmentation élevée, une consistance moyennement épaisse.</span></p><p><span style=""color: rgb(18, 18, 18)"">L’application se fait généralement en une seule couche. La profondeur de couleur peut être ajustée en appliquant 1 à 2 fines couches.</span></p><p><span style=""color: rgb(18, 18, 18)"">En plus de l'application classique, ils conviennent à la création de dégradés et de nail art.</span></p><p><span style=""color: rgb(18, 18, 18)"">Les produits de la marque ALBI sont dédiés et créés spécialement pour les prothésistes ongulaires.</span></p><p><span style=""color: rgb(18, 18, 18)"">Volume 10 ml.</span></p><ul><li><p><u><span style=""font-weight: 700"">Ingrédients :</span></u></p><p><span style=""background-color: rgb(255, 255, 255); color: rgb(18, 18, 18)"">ACRYLATES COPOLYMER, PPG-2 NEOPENTYL GLYCOL DIACRYLATE, HYDROXYPROPYL METHACRYLATE, ETHYLTRIMETHYLBENZOYL PHENYLPHOSPHINATE. Pigments CI 45980 CI 15850 CI 77491, Cl 15985 Cl 77492 CI 77007 CI77510 CI 77742 C177289 C77499 CI 77891 CI 77019 MICA</span></p></li></ul>",vernis-semi-permanent;accessoires,accessoires,,,,,11.5,,,,,,6.71,3,false,,,,,,,,,,,,,,,,,,,,,,,,,,,,,,,,,,,,,,,,,,,,,,,,,,,,,,,,,,,,,,,,,,,,,,,,,,,,,
Product_a9c2f163-52c8-42e7-b982-b6c1e3dc52b5,MEDIA,,,,,,5bdc9f_3f5411b0708f4da29154b10999b3ddaa~mv2.webp,,,,,,,,,,,,,,,,,,,,,,,,,,,,,,,,,,,,,,,,,,,,,,,,,,,,,,,,,,,,,,,,,,,,,,,,,,,,,,,,,,,,,,,,,
Product_a9c2f163-52c8-42e7-b982-b6c1e3dc52b5,MEDIA,,,,,,5bdc9f_28d2302efff94ed1a0691b04e6885ed0~mv2.jpg,,,,,,,,,,,,,,,,,,,,,,,,,,,,,,,,,,,,,,,,,,,,,,,,,,,,,,,,,,,,,,,,,,,,,,,,,,,,,,,,,,,,,,,,,
Product_a9c2f163-52c8-42e7-b982-b6c1e3dc52b5,MEDIA,,,,,,5bdc9f_23d251ff86f64e2a8ca2f72df0e42502~mv2.webp,,,,,,,,,,,,,,,,,,,,,,,,,,,,,,,,,,,,,,,,,,,,,,,,,,,,,,,,,,,,,,,,,,,,,,,,,,,,,,,,,,,,,,,,,
Product_bc19f438-b15e-44ef-a805-c9e43e5de3a9,PRODUCT,Vernis semi permanent - 303,true,"<p><span style=""color: rgb(18, 18, 18)"">Les vernis semi permanents ALBI offrent une large palette de couleurs régulièrement renouvelée.</span></p><p><span style=""color: rgb(18, 18, 18)"">Composés à partir de matières premières allemandes de la plus haute qualité, les vernis semi permanents Albi sont particulièrement agréables à travailler.</span></p><p><span style=""color: rgb(18, 18, 18)"">Ils se distinguent par une texture dense auto-nivelante, une pigmentation élevée, une consistance moyennement épaisse.</span></p><p><span style=""color: rgb(18, 18, 18)"">L’application se fait généralement en une seule couche. La profondeur de couleur peut être ajustée en appliquant 1 à 2 fines couches.</span></p><p><span style=""color: rgb(18, 18, 18)"">En plus de l'application classique, ils conviennent à la création de dégradés et de nail art.</span></p><p><span style=""color: rgb(18, 18, 18)"">Les produits de la marque ALBI sont dédiés et créés spécialement pour les prothésistes ongulaires.</span></p><p><span style=""color: rgb(18, 18, 18)"">Volume 10 ml.</span></p><ul><li><p><u><span style=""font-weight: 700"">Ingrédients :</span></u></p><p><span style=""background-color: rgb(255, 255, 255); color: rgb(18, 18, 18)"">ACRYLATES COPOLYMER, PPG-2 NEOPENTYL GLYCOL DIACRYLATE, HYDROXYPROPYL METHACRYLATE, ETHYLTRIMETHYLBENZOYL PHENYLPHOSPHINATE. Pigments CI 45980 CI 15850 CI 77491, Cl 15985 Cl 77492 CI 77007 CI77510 CI 77742 C177289 C77499 CI 77891 CI 77019 MICA</span></p></li></ul>",vernis-semi-permanent;accessoires,accessoires,,,,,11.5,,,,,,6.71,3,false,,,,,,,,,,,,,,,,,,,,,,,,,,,,,,,,,,,,,,,,,,,,,,,,,,,,,,,,,,,,,,,,,,,,,,,,,,,,,
Product_bc19f438-b15e-44ef-a805-c9e43e5de3a9,MEDIA,,,,,,5bdc9f_fe9243e268514dc488c730b18a26e142~mv2.webp,,,,,,,,,,,,,,,,,,,,,,,,,,,,,,,,,,,,,,,,,,,,,,,,,,,,,,,,,,,,,,,,,,,,,,,,,,,,,,,,,,,,,,,,,
Product_bc19f438-b15e-44ef-a805-c9e43e5de3a9,MEDIA,,,,,,5bdc9f_78457b2982a341a494b1b7625d7bd66c~mv2.webp,,,,,,,,,,,,,,,,,,,,,,,,,,,,,,,,,,,,,,,,,,,,,,,,,,,,,,,,,,,,,,,,,,,,,,,,,,,,,,,,,,,,,,,,,
Product_bc19f438-b15e-44ef-a805-c9e43e5de3a9,MEDIA,,,,,,5bdc9f_185dd22862964d049b68f2a329230b37~mv2.webp,,,,,,,,,,,,,,,,,,,,,,,,,,,,,,,,,,,,,,,,,,,,,,,,,,,,,,,,,,,,,,,,,,,,,,,,,,,,,,,,,,,,,,,,,
Product_83009eb4-e695-4869-bff9-9d06fdf5e41a,PRODUCT,Vernis semi permanent - 319,true,"<p><span style=""color: rgb(18, 18, 18)"">Les vernis semi permanents ALBI offrent une large palette de couleurs régulièrement renouvelée.</span></p><p><span style=""color: rgb(18, 18, 18)"">Composés à partir de matières premières allemandes de la plus haute qualité, les vernis semi permanents Albi sont particulièrement agréables à travailler.</span></p><p><span style=""color: rgb(18, 18, 18)"">Ils se distinguent par une texture dense auto-nivelante, une pigmentation élevée, une consistance moyennement épaisse.</span></p><p><span style=""color: rgb(18, 18, 18)"">L’application se fait généralement en une seule couche. La profondeur de couleur peut être ajustée en appliquant 1 à 2 fines couches.</span></p><p><span style=""color: rgb(18, 18, 18)"">En plus de l'application classique, ils conviennent à la création de dégradés et de nail art.</span></p><p><span style=""color: rgb(18, 18, 18)"">Les produits de la marque ALBI sont dédiés et créés spécialement pour les prothésistes ongulaires.</span></p><p><span style=""color: rgb(18, 18, 18)"">Volume 10 ml.</span></p><ul><li><p><u><span style=""font-weight: 700"">Ingrédients :</span></u></p><p><span style=""background-color: rgb(255, 255, 255); color: rgb(18, 18, 18)"">ACRYLATES COPOLYMER, PPG-2 NEOPENTYL GLYCOL DIACRYLATE, HYDROXYPROPYL METHACRYLATE, ETHYLTRIMETHYLBENZOYL PHENYLPHOSPHINATE. Pigments CI 45980 CI 15850 CI 77491, Cl 15985 Cl 77492 CI 77007 CI77510 CI 77742 C177289 C77499 CI 77891 CI 77019 MICA</span></p></li></ul>",vernis-semi-permanent;accessoires,accessoires,,,,,11.5,,,,,,6.71,3,false,,,,,,,,,,,,,,,,,,,,,,,,,,,,,,,,,,,,,,,,,,,,,,,,,,,,,,,,,,,,,,,,,,,,,,,,,,,,,
Product_83009eb4-e695-4869-bff9-9d06fdf5e41a,MEDIA,,,,,,5bdc9f_da9136c2b86e425bb793cc8b2a7942d8~mv2.webp,,,,,,,,,,,,,,,,,,,,,,,,,,,,,,,,,,,,,,,,,,,,,,,,,,,,,,,,,,,,,,,,,,,,,,,,,,,,,,,,,,,,,,,,,
Product_83009eb4-e695-4869-bff9-9d06fdf5e41a,MEDIA,,,,,,5bdc9f_a2528a109f14413b9861342d53e99561~mv2.webp,,,,,,,,,,,,,,,,,,,,,,,,,,,,,,,,,,,,,,,,,,,,,,,,,,,,,,,,,,,,,,,,,,,,,,,,,,,,,,,,,,,,,,,,,
Product_0599c3a6-72e9-477d-b26a-f1bc999b449d,PRODUCT,Polygel Liquide - Jaune Butter,true,"<p><span style=""color: rgb(18, 18, 18)"">Albi Polygel Liquide Jaune Butter.</span></p><p><span style=""color: rgb(18, 18, 18)"">Deux tendances manucure majeures en une !La matière la plus innovante et la teinte la plus en vogue du printemps été !</span></p><p><span style=""color: rgb(18, 18, 18)"">Découvrez Albi polygel liquide dans la nouvelle couleur luxueuse Jaune Butter. 💛</span></p><p><span style=""color: rgb(18, 18, 18)"">Rafraîchissant, sublimant le bronzage, pour une sensation de soleil tout au long de la journée. 🥰</span></p><p><span style=""color: rgb(18, 18, 18)"">Le polygel liquide combine les propriétés d'application facile de la BASE, et les propriétés de résistance du GEL.</span></p><p><span style=""color: rgb(18, 18, 18)"">Toutes les nuances de la gamme Liquid Polygel ont une excellente densité et elles s'appliquent facilement, sont auto-égalisantes et sèchent parfaitement.&nbsp;</span></p><ul><li><p><span style=""color: rgb(18, 18, 18)"">le polygel liquide a une consistance moyenne,</span></p></li><li><p><span style=""color: rgb(18, 18, 18)"">s'auto-égalise rapidement,</span></p></li><li><p><span style=""color: rgb(18, 18, 18)"">excellent pour la technique ""sans limage""</span></p></li><li><p><span style=""color: rgb(18, 18, 18)"">peut être déposé facilement avec une fraise grain fin</span></p></li><li><p><u><span style=""font-weight: 700; color: rgb(18, 18, 18)"">Mode d'emploi : </span></u></p></li></ul><p><span style=""color: rgb(18, 18, 18)"">1. Appliquer une fine couche de base d'adhérence (base FLEX) sur la plaque à ongles préparée.</span></p><p><span style=""color: rgb(18, 18, 18)"">2. Après polymérisation, appliquer le polygel liquide, patinoire puis construction.</span></p><p><span style=""color: rgb(18, 18, 18)"">3. Appliquer une couche de Top Coat et catalyser.</span></p><p><span style=""color: rgb(18, 18, 18)"">Temps de polymérisation 60/120 sec.</span></p><p><span style=""color: rgb(18, 18, 18)"">Flacon de 15 ml</span></p><ul><li><p><u><span style=""font-weight: 700"">Ingrédients :</span></u></p><p><span style=""background-color: rgb(255, 255, 255); color: rgb(18, 18, 18)"">Acrylates Copolymer, Cyclohexyl Méthacrylate/ Ethylhexyl Méthacrylate Copolymer, Ethylhexyl Dimethyl PABA, may contain (+/-) Red 14 (Cl 45430), Pigment Black 6,7 (Cl 77266), Pigment White 21, 2 (Cl 77120), Food Yellow (Cl 19140), Blue 2 (Cl 42090)</span></p></li></ul>",polygel-liquides;accessoires,accessoires,,,,,17.9,,,,,,10.45,3,false,,,,,,,,,,,,,,,,,,,,,,,,,,,,,,,,,,,,,,,,,,,,,,,,,,,,,,,,,,,,,,,,,,,,,,,,,,,,,
Product_0599c3a6-72e9-477d-b26a-f1bc999b449d,MEDIA,,,,,,5bdc9f_a890c2859e824acf96cdc868b54e93ff~mv2.jpg,,,,,,,,,,,,,,,,,,,,,,,,,,,,,,,,,,,,,,,,,,,,,,,,,,,,,,,,,,,,,,,,,,,,,,,,,,,,,,,,,,,,,,,,,
Product_0599c3a6-72e9-477d-b26a-f1bc999b449d,MEDIA,,,,,,5bdc9f_03af600325cb45dcb4be67a743587671~mv2.jpg,,,,,,,,,,,,,,,,,,,,,,,,,,,,,,,,,,,,,,,,,,,,,,,,,,,,,,,,,,,,,,,,,,,,,,,,,,,,,,,,,,,,,,,,,
Product_0599c3a6-72e9-477d-b26a-f1bc999b449d,MEDIA,,,,,,5bdc9f_0ed4b2f2cea84fffa48e227c66ad853f~mv2.jpg,,,,,,,,,,,,,,,,,,,,,,,,,,,,,,,,,,,,,,,,,,,,,,,,,,,,,,,,,,,,,,,,,,,,,,,,,,,,,,,,,,,,,,,,,
Product_60003482-684c-42bc-888e-be4e82cacfaf,PRODUCT,Rubber Base - Urban Girl,true,"<p><span style=""font-weight: 700; color: rgb(18, 18, 18)"">Base Rubber Albi Urban Girl</span><span style=""color: rgb(18, 18, 18)""> est une base de renfort colorée 2-en-1, conçue pour une pose express sur ongles courts à mi-longs — couleur et renfort en une seule étape.</span></p><ul><li><p><span style=""color: rgb(18, 18, 18)"">Texture fluide auto-égalisante — application rapide et précise sans limage</span></p></li><li><p><span style=""color: rgb(18, 18, 18)"">Renforce les ongles fins à normaux — idéal sur ongles courts à mi-longs</span></p></li><li><p><span style=""color: rgb(18, 18, 18)"">Couleur très pigmentée dès la première couche — finition directe possible</span></p></li><li><p><span style=""color: rgb(18, 18, 18)"">Dépose à la ponceuse, poussière fine, sans chauffe pour la cliente</span></p></li><li><p><span style=""color: rgb(18, 18, 18)"">Acidité +++ — appliquer une sous-couche de Base FLEX sur ongles sensibles</span></p></li></ul><p><span style=""color: rgb(18, 18, 18)"">🏙 Rythme des rues, mode de rue, architecture. Urban Girl est la ville.</span></p><ul><li><p><u><span style=""font-weight: 700"">Ingrédients :</span></u></p><p><span style=""background-color: rgb(255, 255, 255); color: rgb(18, 18, 18)"">POLYACRYLIC ACID, ACRYLATES COPOLYMER, HYDROXYPROPYL</span></p><p><span style=""background-color: rgb(255, 255, 255); color: rgb(18, 18, 18)"">METHACRYLATE, HYDROXYCYCLOHEXYL PHENYL KETONE, ETHYL TRIMETHYLBENZOYL PHENYLPHOSPHINATE, SILICA, Pigments may contain: Cl 45380, CI 15850, Cl 77491, CI 15985, Cl 77492, Cl 77007, Cl 77510, CI 77742, CI 77289, CI 77499, CI 77891, CI 77000.</span></p></li></ul>",secret-base;bases;accessoires,accessoires,,,,,17.9,,,,,,10.45,3,false,,,,,,,,,,,,,,,,,,,,,,,,,,,,,,,,,,,,,,,,,,,,,,,,,,,,,,,,,,,,,,,,,,,,,,,,,,,,,
Product_60003482-684c-42bc-888e-be4e82cacfaf,MEDIA,,,,,,5bdc9f_02cf51a0c8b04356a2920daa7df82108~mv2.jpg,,,,,,,,,,,,,,,,,,,,,,,,,,,,,,,,,,,,,,,,,,,,,,,,,,,,,,,,,,,,,,,,,,,,,,,,,,,,,,,,,,,,,,,,,
Product_60003482-684c-42bc-888e-be4e82cacfaf,MEDIA,,,,,,5bdc9f_5c71cf4632f0489cb05d7f722df3e4a3~mv2.jpg,,,,,,,,,,,,,,,,,,,,,,,,,,,,,,,,,,,,,,,,,,,,,,,,,,,,,,,,,,,,,,,,,,,,,,,,,,,,,,,,,,,,,,,,,
Product_60003482-684c-42bc-888e-be4e82cacfaf,MEDIA,,,,,,5bdc9f_f0da2403031a4d3ab40ec2262c183f1d~mv2.jpg,,,,,,,,,,,,,,,,,,,,,,,,,,,,,,,,,,,,,,,,,,,,,,,,,,,,,,,,,,,,,,,,,,,,,,,,,,,,,,,,,,,,,,,,,
Product_0412b8f5-de6b-4582-9a10-b334827f0b00,PRODUCT,Rubber Base - Glow Girl,true,"<p><span style=""font-weight: 700; color: rgb(18, 18, 18)"">Base Rubber Albi Glow Girl</span><span style=""color: rgb(18, 18, 18)""> est une base de renfort colorée 2-en-1, conçue pour une pose express sur ongles courts à mi-longs — couleur et renfort en une seule étape.</span></p><ul><li><p><span style=""color: rgb(18, 18, 18)"">Texture fluide auto-égalisante — application rapide et précise sans limage</span></p></li><li><p><span style=""color: rgb(18, 18, 18)"">Renforce les ongles fins à normaux — idéal sur ongles courts à mi-longs</span></p></li><li><p><span style=""color: rgb(18, 18, 18)"">Couleur très pigmentée, finement pailletée — éclat subtil à chaque pose</span></p></li><li><p><span style=""color: rgb(18, 18, 18)"">Dépose à la ponceuse, poussière fine, sans chauffe pour la cliente</span></p></li><li><p><span style=""color: rgb(18, 18, 18)"">Acidité +++ — appliquer une sous-couche de Base FLEX sur ongles sensibles</span></p></li></ul><p><span style=""color: rgb(18, 18, 18)"">✨ Beauté naturelle, lumière intérieure, confiance. Glow Girl brille de l’intérieur.</span></p><ul><li><p><u><span style=""font-weight: 700"">Ingrédients :</span></u></p><p><span style=""background-color: rgb(255, 255, 255); color: rgb(18, 18, 18)"">POLYACRYLIC ACID, ACRYLATES COPOLYMER, HYDROXYPROPYL</span></p><p><span style=""background-color: rgb(255, 255, 255); color: rgb(18, 18, 18)"">METHACRYLATE, HYDROXYCYCLOHEXYL PHENYL KETONE, ETHYL TRIMETHYLBENZOYL PHENYLPHOSPHINATE, SILICA, Pigments may contain: Cl 45380, CI 15850, Cl 77491, CI 15985, Cl 77492, Cl 77007, Cl 77510, CI 77742, CI 77289, CI 77499, CI 77891, CI 77000.</span></p></li></ul>",secret-base;bases;accessoires,accessoires,,,,,17.9,,,,,,10.45,3,false,,,,,,,,,,,,,,,,,,,,,,,,,,,,,,,,,,,,,,,,,,,,,,,,,,,,,,,,,,,,,,,,,,,,,,,,,,,,,
Product_0412b8f5-de6b-4582-9a10-b334827f0b00,MEDIA,,,,,,5bdc9f_6be27f4cd1c14f26be5d3eb602b4ad6f~mv2.jpg,,,,,,,,,,,,,,,,,,,,,,,,,,,,,,,,,,,,,,,,,,,,,,,,,,,,,,,,,,,,,,,,,,,,,,,,,,,,,,,,,,,,,,,,,
Product_0412b8f5-de6b-4582-9a10-b334827f0b00,MEDIA,,,,,,5bdc9f_bf179b6f3c69416298c551f876a09873~mv2.jpg,,,,,,,,,,,,,,,,,,,,,,,,,,,,,,,,,,,,,,,,,,,,,,,,,,,,,,,,,,,,,,,,,,,,,,,,,,,,,,,,,,,,,,,,,
Product_0412b8f5-de6b-4582-9a10-b334827f0b00,MEDIA,,,,,,5bdc9f_f0da2403031a4d3ab40ec2262c183f1d~mv2.jpg,,,,,,,,,,,,,,,,,,,,,,,,,,,,,,,,,,,,,,,,,,,,,,,,,,,,,,,,,,,,,,,,,,,,,,,,,,,,,,,,,,,,,,,,,
Product_2aa87787-8630-4223-a36e-0bdad8124044,PRODUCT,Polygel Liquide - Élégance Rose,true,"<p><span style=""color: rgb(18, 18, 18)"">La collection </span><span style=""font-weight: 700; color: rgb(18, 18, 18)"">Pastels ALBI</span><span style=""color: rgb(18, 18, 18)""> — 8 teintes douces et lumineuses aux reflets satinés, inspirées des premières couleurs du printemps. Subtile et naturelle, idéale pour une pose colorée élégante ou comme base pour une french manucure.</span></p><p><span style=""color: rgb(18, 18, 18)"">Le Polygel Liquide ALBI combine la facilité d'application d'une base et la résistance d'un gel — en un seul produit.</span></p><ul><li><p><span style=""color: rgb(18, 18, 18)"">Auto-nivelant pour une surface parfaitement lisse</span></p></li><li><p><span style=""color: rgb(18, 18, 18)"">Technique no-filing possible — gain de temps en salon</span></p></li><li><p><span style=""color: rgb(18, 18, 18)"">Conserve l'architecture du nail art du premier au dernier jour</span></p></li><li><p><span style=""color: rgb(18, 18, 18)"">S'intègre à tous les protocoles pros</span></p></li><li><p><span style=""color: rgb(18, 18, 18)"">Teintes pastels très claires et translucides — le rendu à l'application peut surprendre. </span></p><p><span style=""color: rgb(18, 18, 18)"">Ces polygels sont conçus pour la construction et leur couleur s'exprime pleinement une fois la pose terminée.</span></p></li></ul><ul><li><p><u><span style=""font-weight: 700"">Ingrédients :</span></u></p><p><span style=""background-color: rgb(255, 255, 255); color: rgb(18, 18, 18)"">Acrylates Copolymer, Cyclohexyl Méthacrylate/ Ethylhexyl Méthacrylate Copolymer, Ethylhexyl Dimethyl PABA, may contain (+/-) Red 14 (Cl 45430), Pigment Black 6,7 (Cl 77266), Pigment White 21, 2 (Cl 77120), Food Yellow (Cl 19140), Blue 2 (Cl 42090)</span></p></li></ul>",polygel-liquides;accessoires,accessoires,,,,,17.9,,,,,,10.45,2,false,,,,,,,,,,,,,,,,,,,,,,,,,,,,,,,,,,,,,,,,,,,,,,,,,,,,,,,,,,,,,,,,,,,,,,,,,,,,,
Product_2aa87787-8630-4223-a36e-0bdad8124044,MEDIA,,,,,,5bdc9f_c8c6860a4e054f0394198d2940e13cdf~mv2.webp,,,,,,,,,,,,,,,,,,,,,,,,,,,,,,,,,,,,,,,,,,,,,,,,,,,,,,,,,,,,,,,,,,,,,,,,,,,,,,,,,,,,,,,,,
Product_2aa87787-8630-4223-a36e-0bdad8124044,MEDIA,,,,,,5bdc9f_5b7ee5a80ace4821b596924e599a7cea~mv2.webp,,,,,,,,,,,,,,,,,,,,,,,,,,,,,,,,,,,,,,,,,,,,,,,,,,,,,,,,,,,,,,,,,,,,,,,,,,,,,,,,,,,,,,,,,
Product_2aa87787-8630-4223-a36e-0bdad8124044,MEDIA,,,,,,5bdc9f_425fc8e025e144b38b0f2b4379868a6b~mv2.webp,,,,,,,,,,,,,,,,,,,,,,,,,,,,,,,,,,,,,,,,,,,,,,,,,,,,,,,,,,,,,,,,,,,,,,,,,,,,,,,,,,,,,,,,,
Product_d8019906-e88a-42e2-ac36-bf1724c1467a,PRODUCT,Polygel Liquide - Lila Velouté,true,"<p><span style=""color: rgb(18, 18, 18)"">La collection </span><span style=""font-weight: 700; color: rgb(18, 18, 18)"">Pastels ALBI</span><span style=""color: rgb(18, 18, 18)""> — 8 teintes douces et lumineuses aux reflets satinés, inspirées des premières couleurs du printemps. Subtile et naturelle, idéale pour une pose colorée élégante ou comme base pour une french manucure.</span></p><p><span style=""color: rgb(18, 18, 18)"">Le Polygel Liquide ALBI combine la facilité d'application d'une base et la résistance d'un gel — en un seul produit.</span></p><ul><li><p><span style=""color: rgb(18, 18, 18)"">Auto-nivelant pour une surface parfaitement lisse</span></p></li><li><p><span style=""color: rgb(18, 18, 18)"">Technique no-filing possible — gain de temps en salon</span></p></li><li><p><span style=""color: rgb(18, 18, 18)"">Conserve l'architecture du nail art du premier au dernier jour</span></p></li><li><p><span style=""color: rgb(18, 18, 18)"">S'intègre à tous les protocoles pros</span></p></li><li><p><span style=""color: rgb(18, 18, 18)"">Teintes pastels très claires et translucides — le rendu à l'application peut surprendre. </span></p><p><span style=""color: rgb(18, 18, 18)"">Ces polygels sont conçus pour la construction et leur couleur s'exprime pleinement une fois la pose terminée.</span></p></li></ul><ul><li><p><u><span style=""font-weight: 700"">Ingrédients :</span></u></p><p><span style=""background-color: rgb(255, 255, 255); color: rgb(18, 18, 18)"">Acrylates Copolymer, Cyclohexyl Méthacrylate/ Ethylhexyl Méthacrylate Copolymer, Ethylhexyl Dimethyl PABA, may contain (+/-) Red 14 (Cl 45430), Pigment Black 6,7 (Cl 77266), Pigment White 21, 2 (Cl 77120), Food Yellow (Cl 19140), Blue 2 (Cl 42090)</span></p></li></ul>",polygel-liquides;accessoires,accessoires,,,,,17.9,,,,,,10.45,3,false,,,,,,,,,,,,,,,,,,,,,,,,,,,,,,,,,,,,,,,,,,,,,,,,,,,,,,,,,,,,,,,,,,,,,,,,,,,,,
Product_d8019906-e88a-42e2-ac36-bf1724c1467a,MEDIA,,,,,,5bdc9f_6dc5175f054c444cb73d5f71be015720~mv2.webp,,,,,,,,,,,,,,,,,,,,,,,,,,,,,,,,,,,,,,,,,,,,,,,,,,,,,,,,,,,,,,,,,,,,,,,,,,,,,,,,,,,,,,,,,
Product_d8019906-e88a-42e2-ac36-bf1724c1467a,MEDIA,,,,,,5bdc9f_5b7ee5a80ace4821b596924e599a7cea~mv2.webp,,,,,,,,,,,,,,,,,,,,,,,,,,,,,,,,,,,,,,,,,,,,,,,,,,,,,,,,,,,,,,,,,,,,,,,,,,,,,,,,,,,,,,,,,
Product_d8019906-e88a-42e2-ac36-bf1724c1467a,MEDIA,,,,,,5bdc9f_425fc8e025e144b38b0f2b4379868a6b~mv2.webp,,,,,,,,,,,,,,,,,,,,,,,,,,,,,,,,,,,,,,,,,,,,,,,,,,,,,,,,,,,,,,,,,,,,,,,,,,,,,,,,,,,,,,,,,
Product_a0cf6e43-0663-4c9d-9615-c4b730e0ec4d,PRODUCT,Polygel Liquide - Douce Pivoine,true,"<p><span style=""color: rgb(18, 18, 18)"">La collection </span><span style=""font-weight: 700; color: rgb(18, 18, 18)"">Pastels ALBI</span><span style=""color: rgb(18, 18, 18)""> — 8 teintes douces et lumineuses aux reflets satinés, inspirées des premières couleurs du printemps. Subtile et naturelle, idéale pour une pose colorée élégante ou comme base pour une french manucure.</span></p><p><span style=""color: rgb(18, 18, 18)"">Le Polygel Liquide ALBI combine la facilité d'application d'une base et la résistance d'un gel — en un seul produit.</span></p><ul><li><p><span style=""color: rgb(18, 18, 18)"">Auto-nivelant pour une surface parfaitement lisse</span></p></li><li><p><span style=""color: rgb(18, 18, 18)"">Technique no-filing possible — gain de temps en salon</span></p></li><li><p><span style=""color: rgb(18, 18, 18)"">Conserve l'architecture du nail art du premier au dernier jour</span></p></li><li><p><span style=""color: rgb(18, 18, 18)"">S'intègre à tous les protocoles pros</span></p></li><li><p><span style=""color: rgb(18, 18, 18)"">Teintes pastels très claires et translucides — le rendu à l'application peut surprendre. </span></p><p><span style=""color: rgb(18, 18, 18)"">Ces polygels sont conçus pour la construction et leur couleur s'exprime pleinement une fois la pose terminée.</span></p></li></ul><ul><li><p><u><span style=""font-weight: 700"">Ingrédients :</span></u></p><p><span style=""background-color: rgb(255, 255, 255); color: rgb(18, 18, 18)"">Acrylates Copolymer, Cyclohexyl Méthacrylate/ Ethylhexyl Méthacrylate Copolymer, Ethylhexyl Dimethyl PABA, may contain (+/-) Red 14 (Cl 45430), Pigment Black 6,7 (Cl 77266), Pigment White 21, 2 (Cl 77120), Food Yellow (Cl 19140), Blue 2 (Cl 42090)</span></p></li></ul>",polygel-liquides;accessoires,accessoires,,,,,17.9,,,,,,10.45,3,false,,,,,,,,,,,,,,,,,,,,,,,,,,,,,,,,,,,,,,,,,,,,,,,,,,,,,,,,,,,,,,,,,,,,,,,,,,,,,
Product_a0cf6e43-0663-4c9d-9615-c4b730e0ec4d,MEDIA,,,,,,5bdc9f_c96255b195e848759be6ffdfab5ca849~mv2.webp,,,,,,,,,,,,,,,,,,,,,,,,,,,,,,,,,,,,,,,,,,,,,,,,,,,,,,,,,,,,,,,,,,,,,,,,,,,,,,,,,,,,,,,,,
Product_a0cf6e43-0663-4c9d-9615-c4b730e0ec4d,MEDIA,,,,,,5bdc9f_5b7ee5a80ace4821b596924e599a7cea~mv2.webp,,,,,,,,,,,,,,,,,,,,,,,,,,,,,,,,,,,,,,,,,,,,,,,,,,,,,,,,,,,,,,,,,,,,,,,,,,,,,,,,,,,,,,,,,
Product_a0cf6e43-0663-4c9d-9615-c4b730e0ec4d,MEDIA,,,,,,5bdc9f_425fc8e025e144b38b0f2b4379868a6b~mv2.webp,,,,,,,,,,,,,,,,,,,,,,,,,,,,,,,,,,,,,,,,,,,,,,,,,,,,,,,,,,,,,,,,,,,,,,,,,,,,,,,,,,,,,,,,,
Product_08be51bb-1d0f-416b-a078-9bb57435fb12,PRODUCT,Polygel Liquide - Ivoire Lumière,true,"<p><span style=""color: rgb(18, 18, 18)"">La collection </span><span style=""font-weight: 700; color: rgb(18, 18, 18)"">Pastels ALBI</span><span style=""color: rgb(18, 18, 18)""> — 8 teintes douces et lumineuses aux reflets satinés, inspirées des premières couleurs du printemps. Subtile et naturelle, idéale pour une pose colorée élégante ou comme base pour une french manucure.</span></p><p><span style=""color: rgb(18, 18, 18)"">Le Polygel Liquide ALBI combine la facilité d'application d'une base et la résistance d'un gel — en un seul produit.</span></p><ul><li><p><span style=""color: rgb(18, 18, 18)"">Auto-nivelant pour une surface parfaitement lisse</span></p></li><li><p><span style=""color: rgb(18, 18, 18)"">Technique no-filing possible — gain de temps en salon</span></p></li><li><p><span style=""color: rgb(18, 18, 18)"">Conserve l'architecture du nail art du premier au dernier jour</span></p></li><li><p><span style=""color: rgb(18, 18, 18)"">S'intègre à tous les protocoles pros</span></p></li><li><p><span style=""color: rgb(18, 18, 18)"">Teintes pastels très claires et translucides — le rendu à l'application peut surprendre. </span></p><p><span style=""color: rgb(18, 18, 18)"">Ces polygels sont conçus pour la construction et leur couleur s'exprime pleinement une fois la pose terminée.</span></p></li></ul><ul><li><p><u><span style=""font-weight: 700"">Ingrédients :</span></u></p><p><span style=""background-color: rgb(255, 255, 255); color: rgb(18, 18, 18)"">Acrylates Copolymer, Cyclohexyl Méthacrylate/ Ethylhexyl Méthacrylate Copolymer, Ethylhexyl Dimethyl PABA, may contain (+/-) Red 14 (Cl 45430), Pigment Black 6,7 (Cl 77266), Pigment White 21, 2 (Cl 77120), Food Yellow (Cl 19140), Blue 2 (Cl 42090)</span></p></li></ul>",polygel-liquides;accessoires,accessoires,,,,,17.9,,,,,,10.45,3,false,,,,,,,,,,,,,,,,,,,,,,,,,,,,,,,,,,,,,,,,,,,,,,,,,,,,,,,,,,,,,,,,,,,,,,,,,,,,,
Product_08be51bb-1d0f-416b-a078-9bb57435fb12,MEDIA,,,,,,5bdc9f_e5677aae2501409c80f7fec94448abe6~mv2.webp,,,,,,,,,,,,,,,,,,,,,,,,,,,,,,,,,,,,,,,,,,,,,,,,,,,,,,,,,,,,,,,,,,,,,,,,,,,,,,,,,,,,,,,,,
Product_08be51bb-1d0f-416b-a078-9bb57435fb12,MEDIA,,,,,,5bdc9f_5b7ee5a80ace4821b596924e599a7cea~mv2.webp,,,,,,,,,,,,,,,,,,,,,,,,,,,,,,,,,,,,,,,,,,,,,,,,,,,,,,,,,,,,,,,,,,,,,,,,,,,,,,,,,,,,,,,,,
Product_08be51bb-1d0f-416b-a078-9bb57435fb12,MEDIA,,,,,,5bdc9f_425fc8e025e144b38b0f2b4379868a6b~mv2.webp,,,,,,,,,,,,,,,,,,,,,,,,,,,,,,,,,,,,,,,,,,,,,,,,,,,,,,,,,,,,,,,,,,,,,,,,,,,,,,,,,,,,,,,,,
Product_6ba3ca81-f4f7-4dd2-b1b5-b1926cfdb001,PRODUCT,Polygel Liquide - Pêche Satin,true,"<p><span style=""color: rgb(18, 18, 18)"">La collection </span><span style=""font-weight: 700; color: rgb(18, 18, 18)"">Pastels ALBI</span><span style=""color: rgb(18, 18, 18)""> — 8 teintes douces et lumineuses aux reflets satinés, inspirées des premières couleurs du printemps. Subtile et naturelle, idéale pour une pose colorée élégante ou comme base pour une french manucure.</span></p><p><span style=""color: rgb(18, 18, 18)"">Le Polygel Liquide ALBI combine la facilité d'application d'une base et la résistance d'un gel — en un seul produit.</span></p><ul><li><p><span style=""color: rgb(18, 18, 18)"">Auto-nivelant pour une surface parfaitement lisse</span></p></li><li><p><span style=""color: rgb(18, 18, 18)"">Technique no-filing possible — gain de temps en salon</span></p></li><li><p><span style=""color: rgb(18, 18, 18)"">Conserve l'architecture du nail art du premier au dernier jour</span></p></li><li><p><span style=""color: rgb(18, 18, 18)"">S'intègre à tous les protocoles pros</span></p></li><li><p><span style=""color: rgb(18, 18, 18)"">Teintes pastels très claires et translucides — le rendu à l'application peut surprendre. </span></p><p><span style=""color: rgb(18, 18, 18)"">Ces polygels sont conçus pour la construction et leur couleur s'exprime pleinement une fois la pose terminée.</span></p></li></ul><ul><li><p><u><span style=""font-weight: 700"">Ingrédients :</span></u></p><p><span style=""background-color: rgb(255, 255, 255); color: rgb(18, 18, 18)"">Acrylates Copolymer, Cyclohexyl Méthacrylate/ Ethylhexyl Méthacrylate Copolymer, Ethylhexyl Dimethyl PABA, may contain (+/-) Red 14 (Cl 45430), Pigment Black 6,7 (Cl 77266), Pigment White 21, 2 (Cl 77120), Food Yellow (Cl 19140), Blue 2 (Cl 42090)</span></p></li></ul>",polygel-liquides;accessoires,accessoires,,,,,17.9,,,,,,10.45,3,false,,,,,,,,,,,,,,,,,,,,,,,,,,,,,,,,,,,,,,,,,,,,,,,,,,,,,,,,,,,,,,,,,,,,,,,,,,,,,
Product_6ba3ca81-f4f7-4dd2-b1b5-b1926cfdb001,MEDIA,,,,,,5bdc9f_8f78c1aad2d24b93aef99b80fb159ab1~mv2.webp,,,,,,,,,,,,,,,,,,,,,,,,,,,,,,,,,,,,,,,,,,,,,,,,,,,,,,,,,,,,,,,,,,,,,,,,,,,,,,,,,,,,,,,,,
Product_6ba3ca81-f4f7-4dd2-b1b5-b1926cfdb001,MEDIA,,,,,,5bdc9f_5b7ee5a80ace4821b596924e599a7cea~mv2.webp,,,,,,,,,,,,,,,,,,,,,,,,,,,,,,,,,,,,,,,,,,,,,,,,,,,,,,,,,,,,,,,,,,,,,,,,,,,,,,,,,,,,,,,,,
Product_6ba3ca81-f4f7-4dd2-b1b5-b1926cfdb001,MEDIA,,,,,,5bdc9f_425fc8e025e144b38b0f2b4379868a6b~mv2.webp,,,,,,,,,,,,,,,,,,,,,,,,,,,,,,,,,,,,,,,,,,,,,,,,,,,,,,,,,,,,,,,,,,,,,,,,,,,,,,,,,,,,,,,,,
Product_e846c3dc-ad07-47b5-b693-0ea99de2afee,PRODUCT,Base d'adhérence - Alternative à la Base Flex (ALBI),true,"<p><span style=""font-weight: 700; color: rgb(18, 18, 18)"">Base Premium Black</span><span style=""color: rgb(18, 18, 18)""> est une base d'adhérence professionnelle à consistance moyenne, alternative à la Base FLEX ALBI — conçue pour tous les types d'ongles, notamment les ongles fragiles.</span></p><ul><li><p><span style=""color: rgb(18, 18, 18)"">Consistance moyenne, auto-égalisante — ne crée pas d'épaisseur</span></p></li><li><p><span style=""color: rgb(18, 18, 18)"">Souple sur la plaque ongulaire — protège sans rigidifier</span></p></li><li><p><span style=""color: rgb(18, 18, 18)"">Compatible sous toutes les poses : VSP, rubber base, gel et polygel</span></p></li><li><p><span style=""color: rgb(18, 18, 18)"">Catalyse 60 secondes sous lampe LED</span></p></li><li><p><span style=""color: rgb(18, 18, 18)"">Dépose soak-off sans chauffe</span></p></li></ul><ul><li><p><u><span style=""font-weight: 700"">Ingrédients :</span></u></p><p><span style=""background-color: rgb(255, 255, 255); color: rgb(18, 18, 18)"">Acrylates Copolymer, Dimethicone, Isobornyl Alcohol, Butyl Acetate, Microcrystaline Wax.</span></p></li></ul>",black-professional;base-dadhérence,black-professional,,,,,17.9,,,,,,10.45,2,false,,,,,,,,,,,,,,,,,,,,,,,,,,,,,,,,,,,,,,,,,,,,,,,,,,,,,,,,,,,,,,,,,,,,,,,,,,,,,
Product_e846c3dc-ad07-47b5-b693-0ea99de2afee,MEDIA,,,,,,5bdc9f_ed179d46358943c7948185164fcf29e2~mv2.webp,,,,,,,,,,,,,,,,,,,,,,,,,,,,,,,,,,,,,,,,,,,,,,,,,,,,,,,,,,,,,,,,,,,,,,,,,,,,,,,,,,,,,,,,,
Product_f72b5ce9-cd8a-42ad-9627-8559ba978661,PRODUCT,Liquid Gel - Chandon (bientôt Pampa),true,"<p><span style=""color: rgb(18, 18, 18)"">!!! Ce&nbsp;produit changera bientôt de&nbsp;nom pour des raisons&nbsp;législatives. Seul son nom change, le produit reste le même. !!!</span></p><p><span style=""color: rgb(18, 18, 18)"">Les liquid gel Black combinent la solidité d'un gel et la consistance d'une base.</span></p><p><span style=""color: rgb(18, 18, 18)"">Ils sont super solide, polyvalent et résistant à l'usure.</span></p><p><span style=""color: rgb(18, 18, 18)"">Ils ont une consistance épaisse, mais plus liquide qu’un gel classique.</span></p><p><span style=""color: rgb(18, 18, 18)"">Ils sont utilisés comme revêtement unique grâce à leur effet pailleté.</span></p><p><span style=""color: rgb(18, 18, 18)"">Ils sont :</span></p><ul><li><p><span style=""color: rgb(18, 18, 18)"">Très faciles à l'application,.auto-nivelants,.et ont une consistance moyennement épaisse.</span></p></li><li><p><span style=""color: rgb(18, 18, 18)"">Ils ne coulent pas sur les bords et sous la cuticule.</span></p></li></ul><p><span style=""color: rgb(18, 18, 18)"">Nécessite une sous couche de base soft 1.1 ou base flex ALBI.</span></p><p><span style=""color: rgb(18, 18, 18)"">Volume 15ml.</span></p><p><span style=""color: rgb(18, 18, 18)"">&nbsp;</span></p><ul><li><p><u><span style=""font-weight: 700; color: rgb(18, 18, 18)"">Conditions de stockage :</span></u></p></li></ul><p><span style=""color: rgb(18, 18, 18)"">A conserver dans un endroit frais et sec à l'abri de la lumière directe du soleil (température recommandée de 10°C à 26°C).</span></p><p><span style=""color: rgb(18, 18, 18)"">Lorsqu'il est ouvert, éviter le contact avec les lampes UV / LED sur le vernis et le pinceau.</span></p><p><span style=""color: rgb(18, 18, 18)"">Avant chaque utilisation, il est recommandé de rouler un peu le flacon dans la paume des mains pour répartir uniformément le pigment.</span></p><p><span style=""color: rgb(18, 18, 18)"">Les couleurs réelles peuvent être légèrement différentes en raison des paramètres de votre écran.</span></p><ul><li><p><u><span style=""font-weight: 700"">Ingrédients :</span></u></p><p><span style=""background-color: rgb(255, 255, 255); color: rgb(18, 18, 18)"">Acrylates copolymer, Hydroxypropyl methacrylate, 1-Hydroxycyclohexyl phenyl ketone, Silicon dioxide, Ethyl trimethyt-benzoyl phenylphosphinate, may contain: CI 45380, CI 15850, CI 77491, CI 15985, CI 77492, CI 77007, CI 77510, CI TT742, CI77289, CI 77499, CI 77891, CI 77019 MICA.</span></p></li></ul>",base-dadhérence;black-professional,black-professional,,,,,17.9,,,,,,8.36,2,false,,,,,,,,,,,,,,,,,,,,,,,,,,,,,,,,,,,,,,,,,,,,,,,,,,,,,,,,,,,,,,,,,,,,,,,,,,,,,
Product_f72b5ce9-cd8a-42ad-9627-8559ba978661,MEDIA,,,,,,5bdc9f_91b233e68bf341a28704d13a180fd11e~mv2.webp,,,,,,,,,,,,,,,,,,,,,,,,,,,,,,,,,,,,,,,,,,,,,,,,,,,,,,,,,,,,,,,,,,,,,,,,,,,,,,,,,,,,,,,,,
Product_f72b5ce9-cd8a-42ad-9627-8559ba978661,MEDIA,,,,,,5bdc9f_bc9ec6fd58414b6cb0c4574fab6c35d3~mv2.jpg,,,,,,,,,,,,,,,,,,,,,,,,,,,,,,,,,,,,,,,,,,,,,,,,,,,,,,,,,,,,,,,,,,,,,,,,,,,,,,,,,,,,,,,,,
Product_8f443a6f-79ec-4524-ae91-ed0ec2ecae95,PRODUCT,Top Coat - Shine,true,"<p><span style=""color: rgb(18, 18, 18)"">Le top coat Shine de chez Black !</span></p><p><span style=""color: rgb(18, 18, 18)"">Sans couche collante, ce top fera durer et briller davantage vos poses avec ses paillettes argentées !</span></p><p><span style=""color: rgb(18, 18, 18)"">Consistance moyenne-liquide idéale, Auto-égalisante.</span></p><p><span style=""color: rgb(18, 18, 18)"">Ne jaunit pas et ne modifie pas les couleurs dessous.</span></p><p><span style=""color: rgb(18, 18, 18)"">Contenance de 15 ml</span></p><ul><li><p><u><span style=""font-weight: 700; color: rgb(18, 18, 18)"">Conditions de stockage :</span></u></p></li></ul><p><span style=""color: rgb(18, 18, 18)"">A conserver dans un endroit frais et sec à l'abri de la lumière directe du soleil (température recommandée de 10°C à 26°C).</span></p><p><span style=""color: rgb(18, 18, 18)"">Lorsqu'il est ouvert, évitez le contact avec les lampes UV / LED sur le vernis et le pinceau. </span></p><p><span style=""color: rgb(18, 18, 18)"">Avant chaque utilisation, il est recommandé de rouler un peu le flacon dans la paume des mains pour répartir uniformément le pigment.</span></p><p><span style=""color: rgb(18, 18, 18)"">Les couleurs réelles peuvent être légèrement différentes en raison des paramètres de votre écran.</span></p><p><span style=""color: rgb(18, 18, 18)"">&nbsp;</span></p><ul><li><p><u><span style=""font-weight: 700"">Ingrédients :</span></u></p><p><span style=""background-color: rgb(255, 255, 255); color: rgb(18, 18, 18)"">Acrylates Copolymer, Methacrylate ester monomer, Ethyl Trimethylbenzoyl Phenylphosphinate, Silica dimethyl silylate, Mica, Poly (dimethylsiloxane).</span></p></li></ul>",black-professional;top-coat-2,black-professional,,,,,17.9,,,,,,10.45,2,false,,,,,,,,,,,,,,,,,,,,,,,,,,,,,,,,,,,,,,,,,,,,,,,,,,,,,,,,,,,,,,,,,,,,,,,,,,,,,
Product_8f443a6f-79ec-4524-ae91-ed0ec2ecae95,MEDIA,,,,,,5bdc9f_f17f59400d5b49c9865b4d2188a0c015~mv2.webp,,,,,,,,,,,,,,,,,,,,,,,,,,,,,,,,,,,,,,,,,,,,,,,,,,,,,,,,,,,,,,,,,,,,,,,,,,,,,,,,,,,,,,,,,
Product_8f443a6f-79ec-4524-ae91-ed0ec2ecae95,MEDIA,,,,,,5bdc9f_4c7ca6555f6141c3bb62e3ae361b9f66~mv2.jpg,,,,,,,,,,,,,,,,,,,,,,,,,,,,,,,,,,,,,,,,,,,,,,,,,,,,,,,,,,,,,,,,,,,,,,,,,,,,,,,,,,,,,,,,,
Product_8f443a6f-79ec-4524-ae91-ed0ec2ecae95,MEDIA,,,,,,5bdc9f_5f932ecd5c8a47f8b30fb331aad93836~mv2.jpg,,,,,,,,,,,,,,,,,,,,,,,,,,,,,,,,,,,,,,,,,,,,,,,,,,,,,,,,,,,,,,,,,,,,,,,,,,,,,,,,,,,,,,,,,
Product_f174e215-47a0-4a11-b8e9-3c1633ac21c2,PRODUCT,Vernis semi permanent - Silk Cat n°21,true,"<p><span style=""color: rgb(18, 18, 18)"">Le n°21 s’aventure vers le bleu — un violet bleuté aux reflets soie qui évoque le ciel juste avant la nuit, mystérieux et envoûtant. Une teinte audacieuse qui ose la profondeur tout en gardant la légèreté caractéristique de la collection Silk Cat.</span></p><p><span style=""color: rgb(18, 18, 18)"">Semi-transparent, il se révèle différemment selon la base : aérien sur nude, intense et magnétique sur une base foncée.</span></p><ul><li><p><span style=""color: rgb(18, 18, 18)"">Effet soie caractéristique de la collection Silk Cat</span></p></li><li><p><span style=""color: rgb(18, 18, 18)"">Pigmentation modulable selon l’intensité souhaitée</span></p></li><li><p><span style=""color: rgb(18, 18, 18)"">Compatible toutes bases et toutes teintes</span></p></li><li><p><span style=""color: rgb(18, 18, 18)"">Tenue longue durée, polymérisation LED/UV</span></p></li></ul><ul><li><p><u><span style=""font-weight: 700"">Ingrédients :</span></u></p><p><span style=""background-color: rgb(255, 255, 255); color: rgb(18, 18, 18)"">ACRYLATES COPOLYMER, PPG-2 NEOPENTYL GLYCOL DIACRYLATE, HYDROXYPROPYL METHACRYLATE , ETHYL TRIMETHYLBENZOYL PHENYLPHOSPHINATE, Pigments: Cl 45380, Cl 15850, Cl 77491, Cl 15985, CI 77492, CI 77007, Cl 77510, Cl 77742, Cl 77289, Cl 77499. CI 77891, CI 77019 MICA.</span></p></li></ul>",vernis-semi-permanent;accessoires,accessoires,,,,,11.5,,,,,,6.71,3,false,,,,4687207611923,,,,,,,,,,,,,,,,,,,,,,,,,,,,,,,,,,,,,,,,,,,,,,,,,,,,,,,,,,,,,,,,,,,,,,,,,
Product_f174e215-47a0-4a11-b8e9-3c1633ac21c2,MEDIA,,,,,,5bdc9f_a1e5a4c0ad5648009a329e1ca14bc853~mv2.jpg,,,,,,,,,,,,,,,,,,,,,,,,,,,,,,,,,,,,,,,,,,,,,,,,,,,,,,,,,,,,,,,,,,,,,,,,,,,,,,,,,,,,,,,,,
Product_f174e215-47a0-4a11-b8e9-3c1633ac21c2,MEDIA,,,,,,5bdc9f_61eafcf20ff1479eb80f77b508a93cf0~mv2.jpg,,,,,,,,,,,,,,,,,,,,,,,,,,,,,,,,,,,,,,,,,,,,,,,,,,,,,,,,,,,,,,,,,,,,,,,,,,,,,,,,,,,,,,,,,
Product_372f3b92-a612-46fe-bf99-c2b685d13f19,PRODUCT,Polygel Liquide - Élégant 10,true,"<p><span style=""color: rgb(18, 18, 18)"">La collection ELEGANT — notre interprétation du luxe et du style moderne.</span></p><p><span style=""color: rgb(18, 18, 18)"">11 nuances, légèrement plus translucides que les nuances classiques, dont 3 pailletées.</span></p><p><span style=""color: rgb(18, 18, 18)"">Nous savons à quel point il est difficile de trouver des teintes pour sa palette de nude, qui puissent satisfaire les goûts des clients les plus exigeants.</span></p><p><span style=""color: rgb(18, 18, 18)"">Ce set rassemble justement ces teintes — complexes, précieuses, universelles.</span></p><p><span style=""color: rgb(18, 18, 18)"">Le polygel liquide combine les propriétés d'application facile de la BASE, et les propriétés de résistance du GEL.</span></p><p><span style=""color: rgb(18, 18, 18)"">Toutes les nuances de la gamme Liquid Polygel ont une excellente densité et elles s'appliquent facilement, sont auto-égalisantes et sèchent parfaitement.&nbsp;</span></p><ul><li><p><span style=""color: rgb(18, 18, 18)"">le polygel liquide a une consistance moyenne,</span></p></li><li><p><span style=""color: rgb(18, 18, 18)"">s'auto-égalise rapidement,</span></p></li><li><p><span style=""color: rgb(18, 18, 18)"">excellent pour la technique ""sans limage""</span></p></li><li><p><span style=""color: rgb(18, 18, 18)"">peut être déposé facilement avec une fraise grain fin</span></p></li><li><p><u><span style=""font-weight: 700; color: rgb(18, 18, 18)"">Mode d'emploi :</span></u></p></li></ul><p><span style=""color: rgb(18, 18, 18)"">1. Appliquer une fine couche de base d'adhérence (base FLEX) sur la plaque à ongles préparée.</span></p><p><span style=""color: rgb(18, 18, 18)"">2. Après polymérisation, appliquer le polygel liquide, patinoire puis construction.</span></p><p><span style=""color: rgb(18, 18, 18)"">3. Appliquer une couche de Top Coat et catalyser.</span></p><p><span style=""color: rgb(18, 18, 18)"">Temps de polymérisation 60/120 sec.</span></p><p><span style=""color: rgb(18, 18, 18)"">Flacon de 15 ml</span></p><ul><li><p><u><span style=""font-weight: 700"">Ingrédients :</span></u></p><p><span style=""background-color: rgb(255, 255, 255); color: rgb(18, 18, 18)"">Acrylates Copolymer, Cyclohexyl Méthacrylate/ Ethylhexyl Méthacrylate Copolymer, Ethylhexyl Dimethyl PABA, may contain (+/-) Red 14 (Cl 45430), Pigment Black 6,7 (Cl 77266), Pigment White 21, 2 (Cl 77120), Food Yellow (Cl 19140), Blue 2 (Cl 42090)</span></p></li></ul>",polygel-liquides;accessoires,accessoires,,,,,17.9,,,,,,10.45,3,false,,,,,,,,,,,,,,,,,,,,,,,,,,,,,,,,,,,,,,,,,,,,,,,,,,,,,,,,,,,,,,,,,,,,,,,,,,,,,
Product_372f3b92-a612-46fe-bf99-c2b685d13f19,MEDIA,,,,,,5bdc9f_72cd1365b3a04f588a22921b0ca2135d~mv2.jpg,,,,,,,,,,,,,,,,,,,,,,,,,,,,,,,,,,,,,,,,,,,,,,,,,,,,,,,,,,,,,,,,,,,,,,,,,,,,,,,,,,,,,,,,,
Product_372f3b92-a612-46fe-bf99-c2b685d13f19,MEDIA,,,,,,5bdc9f_a3ed0ddaa77c441aace6cb7c4f212e1c~mv2.jpg,,,,,,,,,,,,,,,,,,,,,,,,,,,,,,,,,,,,,,,,,,,,,,,,,,,,,,,,,,,,,,,,,,,,,,,,,,,,,,,,,,,,,,,,,
Product_372f3b92-a612-46fe-bf99-c2b685d13f19,MEDIA,,,,,,5bdc9f_c661755271e344dd85e7cc4b2bd0d3ff~mv2.jpg,,,,,,,,,,,,,,,,,,,,,,,,,,,,,,,,,,,,,,,,,,,,,,,,,,,,,,,,,,,,,,,,,,,,,,,,,,,,,,,,,,,,,,,,,
Product_3db33c84-cf5e-47b8-8569-d76790b679ba,PRODUCT,Polygel Liquide - Élégant 11,true,"<p><span style=""color: rgb(18, 18, 18)"">La collection ELEGANT — notre interprétation du luxe et du style moderne.</span></p><p><span style=""color: rgb(18, 18, 18)"">11 nuances, légèrement plus translucides que les nuances classiques, dont 3 pailletées.</span></p><p><span style=""color: rgb(18, 18, 18)"">Nous savons à quel point il est difficile de trouver des teintes pour sa palette de nude, qui puissent satisfaire les goûts des clients les plus exigeants.</span></p><p><span style=""color: rgb(18, 18, 18)"">Ce set rassemble justement ces teintes — complexes, précieuses, universelles.</span></p><p><span style=""color: rgb(18, 18, 18)"">Le polygel liquide combine les propriétés d'application facile de la BASE, et les propriétés de résistance du GEL.</span></p><p><span style=""color: rgb(18, 18, 18)"">Toutes les nuances de la gamme Liquid Polygel ont une excellente densité et elles s'appliquent facilement, sont auto-égalisantes et sèchent parfaitement.&nbsp;</span></p><ul><li><p><span style=""color: rgb(18, 18, 18)"">le polygel liquide a une consistance moyenne,</span></p></li><li><p><span style=""color: rgb(18, 18, 18)"">s'auto-égalise rapidement,</span></p></li><li><p><span style=""color: rgb(18, 18, 18)"">excellent pour la technique ""sans limage""</span></p></li><li><p><span style=""color: rgb(18, 18, 18)"">peut être déposé facilement avec une fraise grain fin</span></p></li><li><p><u><span style=""font-weight: 700; color: rgb(18, 18, 18)"">Mode d'emploi :</span></u></p></li></ul><p><span style=""color: rgb(18, 18, 18)"">1. Appliquer une fine couche de base d'adhérence (base FLEX) sur la plaque à ongles préparée.</span></p><p><span style=""color: rgb(18, 18, 18)"">2. Après polymérisation, appliquer le polygel liquide, patinoire puis construction.</span></p><p><span style=""color: rgb(18, 18, 18)"">3. Appliquer une couche de Top Coat et catalyser.</span></p><p><span style=""color: rgb(18, 18, 18)"">Temps de polymérisation 60/120 sec.</span></p><p><span style=""color: rgb(18, 18, 18)"">Flacon de 15 ml</span></p><ul><li><p><u><span style=""font-weight: 700"">Ingrédients :</span></u></p><p><span style=""background-color: rgb(255, 255, 255); color: rgb(18, 18, 18)"">Acrylates Copolymer, Cyclohexyl Méthacrylate/ Ethylhexyl Méthacrylate Copolymer, Ethylhexyl Dimethyl PABA, may contain (+/-) Red 14 (Cl 45430), Pigment Black 6,7 (Cl 77266), Pigment White 21, 2 (Cl 77120), Food Yellow (Cl 19140), Blue 2 (Cl 42090)</span></p></li></ul>",polygel-liquides;accessoires,accessoires,,,,,17.9,,,,,,10.45,3,false,,,,4687206939011,,,,,,,,,,,,,,,,,,,,,,,,,,,,,,,,,,,,,,,,,,,,,,,,,,,,,,,,,,,,,,,,,,,,,,,,,
Product_3db33c84-cf5e-47b8-8569-d76790b679ba,MEDIA,,,,,,5bdc9f_c1c212e31577497284e0272b20b870ae~mv2.jpg,,,,,,,,,,,,,,,,,,,,,,,,,,,,,,,,,,,,,,,,,,,,,,,,,,,,,,,,,,,,,,,,,,,,,,,,,,,,,,,,,,,,,,,,,
Product_3db33c84-cf5e-47b8-8569-d76790b679ba,MEDIA,,,,,,5bdc9f_8485d92b647a40de9353912c2df01d43~mv2.jpg,,,,,,,,,,,,,,,,,,,,,,,,,,,,,,,,,,,,,,,,,,,,,,,,,,,,,,,,,,,,,,,,,,,,,,,,,,,,,,,,,,,,,,,,,
Product_77f7e5fa-1347-46e6-a144-676fb6594702,PRODUCT,Aimant cylindrique,true,"<p><span style=""color: rgb(28, 28, 28)"">Attirez tous les regards avec des effets Cat Eyes hypnotisants ! Grâce à son format </span><span style=""font-weight: 700; color: rgb(28, 28, 28)"">petit et cylindrique</span><span style=""color: rgb(28, 28, 28)"">, cet aimant est l'outil indispensable pour révéler la profondeur et l'éclat de vos vernis magnétiques tout en étant le plus précis possible.</span></p><ul><li><p><u><span style=""font-weight: 700; color: rgb(28, 28, 28)"">Comment l'utiliser ?</span></u></p></li></ul><p><span style=""color: rgb(28, 28, 28)"">1) Appliquez votre vernis Cat Eyes.</span></p><p><span style=""color: rgb(28, 28, 28)"">2) Placez l'aimant à quelques millimètres de l'ongle, sans le toucher.</span></p><p><span style=""color: rgb(28, 28, 28)"">3) Maintenez le 5 à 10 secondes pour dessiner l'effet lumineux souhaité.</span></p><p><span style=""color: rgb(28, 28, 28)"">4) Polymérisez sous lampe UV/LED pour fixer le résultat.</span></p>",accessoires-2;accessoires,accessoires,,,,,5,,,,,,2.92,3,false,,,,,,,,,,,,,,,,,,,,,,,,,,,,,,,,,,,,,,,,,,,,,,,,,,,,,,,,,,,,,,,,,,,,,,,,,,,,,
Product_77f7e5fa-1347-46e6-a144-676fb6594702,MEDIA,,,,,,5bdc9f_882a062a8c3447d58c8339ed5576c02a~mv2.webp,,,,,,,,,,,,,,,,,,,,,,,,,,,,,,,,,,,,,,,,,,,,,,,,,,,,,,,,,,,,,,,,,,,,,,,,,,,,,,,,,,,,,,,,,
Product_77f7e5fa-1347-46e6-a144-676fb6594702,MEDIA,,,,,,5bdc9f_cdcbdd44c3bd4a558ce221a8f1b0da1f~mv2.webp,,,,,,,,,,,,,,,,,,,,,,,,,,,,,,,,,,,,,,,,,,,,,,,,,,,,,,,,,,,,,,,,,,,,,,,,,,,,,,,,,,,,,,,,,
Product_77f7e5fa-1347-46e6-a144-676fb6594702,MEDIA,,,,,,5bdc9f_11594a551662485a96610ecaf45ffbed~mv2.webp,,,,,,,,,,,,,,,,,,,,,,,,,,,,,,,,,,,,,,,,,,,,,,,,,,,,,,,,,,,,,,,,,,,,,,,,,,,,,,,,,,,,,,,,,
Product_2e2c97f6-441b-49f6-9363-def724dae93f,PRODUCT,Top Coat - Prizma,true,"<p><span style=""color: rgb(18, 18, 18)"">Albi Top Prizma Le nouveau Top inédit : réfléchissant magnétique.</span></p><p><span style=""color: rgb(18, 18, 18)"">Ce Top Coat donne de la profondeur à toutes les couleurs et offre des centaines d’idées de nouveaux designs !</span></p><p><span style=""color: rgb(18, 18, 18)"">Appliquez ce top sur n’importe quelle nuance : superbe sur les tons clairs, profond sur les couleurs foncées.</span></p><p><span style=""color: rgb(18, 18, 18)"">Jouez la surbrillance avec un aimant ou utilisez-le comme un simple top Pailleté. Le résultat sera toujours magnifique.</span></p><ul><li><p><u><span style=""font-weight: 700"">Ingrédients :</span></u></p><p><span style=""background-color: rgb(255, 255, 255); color: rgb(18, 18, 18)"">ACRYLATES COPOLYMER, PPG-2 NEOPENTYL GLYCOL DIACRYLATE,</span></p><p><span style=""background-color: rgb(255, 255, 255); color: rgb(18, 18, 18)"">HYDROXYCYCLOHEXYL PHENYL KETONE, ETHYL TRIMETHYLBENZOYL</span></p><p><span style=""background-color: rgb(255, 255, 255); color: rgb(18, 18, 18)"">PHENYLPHOSPHINATE, PENTAERYTHRITYL TETRAMERCAPTO-PROPIONATE, SILICA, Pigments may contain: CI 45380, CI 15850, CI 77491, CI 15985, CI 77492, CI 77007, CI 77510, CI 77742, CI 77289, CI 77499, CI 77891, CI 77000, CI 77019 MICA.</span></p></li></ul>",top-coat;accessoires,accessoires,,,,,17.9,,,,,,10.45,4,false,,,,4687205915351,,,,,,,,,,,,,,,,,,,,,,,,,,,,,,,,,,,,,,,,,,,,,,,,,,,,,,,,,,,,,,,,,,,,,,,,,
Product_2e2c97f6-441b-49f6-9363-def724dae93f,MEDIA,,,,,,5bdc9f_b771bf48602d410a8291f15aba168508~mv2.jpg,,,,,,,,,,,,,,,,,,,,,,,,,,,,,,,,,,,,,,,,,,,,,,,,,,,,,,,,,,,,,,,,,,,,,,,,,,,,,,,,,,,,,,,,,
Product_2e2c97f6-441b-49f6-9363-def724dae93f,MEDIA,,,,,,5bdc9f_281674b160b44535b256fef0249901e9~mv2.jpg,,,,,,,,,,,,,,,,,,,,,,,,,,,,,,,,,,,,,,,,,,,,,,,,,,,,,,,,,,,,,,,,,,,,,,,,,,,,,,,,,,,,,,,,,
Product_2e2c97f6-441b-49f6-9363-def724dae93f,MEDIA,,,,,,5bdc9f_cdd4bad8043c49e2a3ab040a3b9d0ab2~mv2.jpg,,,,,,,,,,,,,,,,,,,,,,,,,,,,,,,,,,,,,,,,,,,,,,,,,,,,,,,,,,,,,,,,,,,,,,,,,,,,,,,,,,,,,,,,,
Product_173bb42e-a4c5-4f88-9faa-cf5b89515669,PRODUCT,Sculptural - Ivory,true,"<p><span style=""color: rgb(18, 18, 18)"">Le gel sculptural ALBI de consistance idéale est facile à appliquer.&nbsp;Autonivelant, il ne coule pas et se modèle facilement.</span></p><p><span style=""color: rgb(18, 18, 18)"">Les teintes camouflage recouvrent parfaitement la ligne du bord libre, restent translucides au niveau de la cuticule, ce qui permet aux ongles de repousser imperceptiblement.</span></p><p><span style=""color: rgb(18, 18, 18)"">La nuance IVORY est un peu plus difficile à polymériser que les autre nuances de gel sculptural. Par exemple, utilisée en popit, elle doit être catalysée 60 secondes dans une bonne lampe à Popit. Et pour les construction, elle doit être utilisée en couche assez fine.</span></p><p><span style=""color: rgb(18, 18, 18)"">Convient pour :</span></p><ul><li><p><span style=""color: rgb(18, 18, 18)"">modeler,</span></p></li><li><p><span style=""color: rgb(18, 18, 18)"">égaliser la couleur de la surface de l’ongle,</span></p></li><li><p><span style=""color: rgb(18, 18, 18)"">allonger l'ongle,</span></p></li><li><p><span style=""color: rgb(18, 18, 18)"">créer une ""french manucure "",</span></p></li><li><p><span style=""color: rgb(18, 18, 18)"">renforcer les ongles naturels..</span></p></li></ul><p><span style=""color: rgb(18, 18, 18)"">Viscosité : moyenne.</span></p><p><span style=""color: rgb(18, 18, 18)"">Durcissement : SEULEMENT 60 secondes dans les lampes LED.</span></p><p><span style=""color: rgb(18, 18, 18)"">Consommation : minime.</span></p><p><span style=""color: rgb(18, 18, 18)"">Nécessite une couverture de base.Pour renforcer un ongle naturel, vous devez disposer deux couches.</span></p><ul><li><p><u><span style=""font-weight: 700"">Conditions de stockage :</span></u></p><p><span style=""color: rgb(18, 18, 18)"">A conserver dans un endroit frais et sec à l'abri de la lumière directe du soleil (température recommandée de 10°C à 26°C).</span></p><p><span style=""color: rgb(18, 18, 18)"">Lorsqu'il est ouvert, éviter le contact avec les lampes UV / LED sur le vernis et le pinceau. Avant chaque utilisation, il est recommandé de rouler un peu le flacon dans la paume des mains pour répartir uniformément le pigment.</span></p><p><span style=""color: rgb(18, 18, 18)"">Les couleurs réelles peuvent être légèrement différentes en raison des paramètres de votre écran.</span></p></li><li><p><u><span style=""font-weight: 700"">Ingrédients :</span></u></p><p><span style=""background-color: rgb(255, 255, 255); color: rgb(18, 18, 18)"">ACRYLATES COPOLYMER, HYDROXYPROPYL METHACRYLATE,</span></p><p><span style=""background-color: rgb(255, 255, 255); color: rgb(18, 18, 18)"">ISOBORNYL ACRYLATE, ETHYL TRIMETHYLBENZOYL PHENYLPHOSPHINATE,</span></p><p><span style=""background-color: rgb(255, 255, 255); color: rgb(18, 18, 18)"">HYDROXYCYCLOHEXYL PHENYL KETONE, SILICA, HYDROQUINONE</span></p><p><span style=""background-color: rgb(255, 255, 255); color: rgb(18, 18, 18)"">MONOMETHYL ETHER, Pigments may Contain: CI 45380, CI 15850,</span></p><p><span style=""background-color: rgb(255, 255, 255); color: rgb(18, 18, 18)"">CI 77491, CI 15985, CI 77492, CI 77007, CI 77510, CI 77742,</span></p><p><span style=""background-color: rgb(255, 255, 255); color: rgb(18, 18, 18)"">CI 77289, CI 77499, CI 77891, CI 77000, CI 77019 MICA.</span></p></li></ul>",sculptural;accessoires,accessoires,,,,,17.9,,,,,,10.45,3,false,,,,4687201794530,,,,,,,,,,,,,,,,,,,,,,,,,,,,,,,,,,,,,,,,,,,,,,,,,,,,,,,,,,,,,,,,,,,,,,,,,
Product_173bb42e-a4c5-4f88-9faa-cf5b89515669,MEDIA,,,,,,5bdc9f_2dd1f81b3fb74f24bea752538cd11433~mv2.webp,,,,,,,,,,,,,,,,,,,,,,,,,,,,,,,,,,,,,,,,,,,,,,,,,,,,,,,,,,,,,,,,,,,,,,,,,,,,,,,,,,,,,,,,,
Product_173bb42e-a4c5-4f88-9faa-cf5b89515669,MEDIA,,,,,,5bdc9f_a99a7d0c45d24bc7a75495097f6a46e6~mv2.jpg,,,,,,,,,,,,,,,,,,,,,,,,,,,,,,,,,,,,,,,,,,,,,,,,,,,,,,,,,,,,,,,,,,,,,,,,,,,,,,,,,,,,,,,,,
Product_173bb42e-a4c5-4f88-9faa-cf5b89515669,MEDIA,,,,,,5bdc9f_191b3b72f39a4316a203deadcd8d3daa~mv2.webp,,,,,,,,,,,,,,,,,,,,,,,,,,,,,,,,,,,,,,,,,,,,,,,,,,,,,,,,,,,,,,,,,,,,,,,,,,,,,,,,,,,,,,,,,
Product_173bb42e-a4c5-4f88-9faa-cf5b89515669,MEDIA,,,,,,5bdc9f_4e03d7c60022449db1c94e052dfdfb52~mv2.webp,,,,,,,,,,,,,,,,,,,,,,,,,,,,,,,,,,,,,,,,,,,,,,,,,,,,,,,,,,,,,,,,,,,,,,,,,,,,,,,,,,,,,,,,,
Product_cf795176-c9e6-4f44-8a4f-ecd0b95044c3,PRODUCT,Sculptural - Skin,true,"<p><span style=""color: rgb(18, 18, 18)"">Le gel sculptural ALBI de consistance idéale est facile à appliquer.&nbsp;Autonivelant, il ne coule pas et se modèle facilement.</span></p><p><span style=""color: rgb(18, 18, 18)"">Les teintes camouflage recouvrent parfaitement la ligne du bord libre, restent translucides au niveau de la cuticule, ce qui permet aux ongles de repousser imperceptiblement.</span></p><p><span style=""color: rgb(18, 18, 18)"">Convient pour :</span></p><ul><li><p><span style=""color: rgb(18, 18, 18)"">modeler,</span></p></li><li><p><span style=""color: rgb(18, 18, 18)"">égaliser la couleur de la surface de l’ongle,</span></p></li><li><p><span style=""color: rgb(18, 18, 18)"">allonger l'ongle,</span></p></li><li><p><span style=""color: rgb(18, 18, 18)"">créer une ""french manucure "",</span></p></li><li><p><span style=""color: rgb(18, 18, 18)"">renforcer les ongles naturels..</span></p></li></ul><p><span style=""color: rgb(18, 18, 18)"">Viscosité : moyenne.</span></p><p><span style=""color: rgb(18, 18, 18)"">Durcissement : SEULEMENT 60 secondes dans les lampes LED.</span></p><p><span style=""color: rgb(18, 18, 18)"">Consommation : minime.</span></p><p><span style=""color: rgb(18, 18, 18)"">Nécessite une couverture de base.Pour renforcer un ongle naturel, vous devez disposer deux couches.</span></p><ul><li><p><u><span style=""font-weight: 700"">Conditions de stockage :</span></u></p><p><span style=""color: rgb(18, 18, 18)"">A conserver dans un endroit frais et sec à l'abri de la lumière directe du soleil (température recommandée de 10°C à 26°C).</span></p><p><span style=""color: rgb(18, 18, 18)"">Lorsqu'il est ouvert, éviter le contact avec les lampes UV / LED sur le vernis et le pinceau. Avant chaque utilisation, il est recommandé de rouler un peu le flacon dans la paume des mains pour répartir uniformément le pigment.</span></p><p><span style=""color: rgb(18, 18, 18)"">Les couleurs réelles peuvent être légèrement différentes en raison des paramètres de votre écran.</span></p></li><li><p><u><span style=""font-weight: 700"">Ingrédients :</span></u></p><p><span style=""background-color: rgb(255, 255, 255); color: rgb(18, 18, 18)"">ACRYLATES COPOLYMER, HYDROXYPROPYL METHACRYLATE,</span></p><p><span style=""background-color: rgb(255, 255, 255); color: rgb(18, 18, 18)"">ISOBORNYL ACRYLATE, ETHYL TRIMETHYLBENZOYL PHENYLPHOSPHINATE,</span></p><p><span style=""background-color: rgb(255, 255, 255); color: rgb(18, 18, 18)"">HYDROXYCYCLOHEXYL PHENYL KETONE, SILICA, HYDROQUINONE</span></p><p><span style=""background-color: rgb(255, 255, 255); color: rgb(18, 18, 18)"">MONOMETHYL ETHER, Pigments may Contain: CI 45380, CI 15850,</span></p><p><span style=""background-color: rgb(255, 255, 255); color: rgb(18, 18, 18)"">CI 77491, CI 15985, CI 77492, CI 77007, CI 77510, CI 77742,</span></p><p><span style=""background-color: rgb(255, 255, 255); color: rgb(18, 18, 18)"">CI 77289, CI 77499, CI 77891, CI 77000, CI 77019 MICA.</span></p></li></ul>",accessoires;sculptural,accessoires,,,,,17.9,,,,,,10.45,3,false,,,,4627178821419,,,,,,,,,,,,,,,,,,,,,,,,,,,,,,,,,,,,,,,,,,,,,,,,,,,,,,,,,,,,,,,,,,,,,,,,,
Product_cf795176-c9e6-4f44-8a4f-ecd0b95044c3,MEDIA,,,,,,5bdc9f_46a23e1007674dbc91daaa5200fea036~mv2.webp,,,,,,,,,,,,,,,,,,,,,,,,,,,,,,,,,,,,,,,,,,,,,,,,,,,,,,,,,,,,,,,,,,,,,,,,,,,,,,,,,,,,,,,,,
Product_cf795176-c9e6-4f44-8a4f-ecd0b95044c3,MEDIA,,,,,,5bdc9f_dcfb47e8e1ee4ad7a87f43c69b92214e~mv2.webp,,,,,,,,,,,,,,,,,,,,,,,,,,,,,,,,,,,,,,,,,,,,,,,,,,,,,,,,,,,,,,,,,,,,,,,,,,,,,,,,,,,,,,,,,
Product_cf795176-c9e6-4f44-8a4f-ecd0b95044c3,MEDIA,,,,,,5bdc9f_9aca757e461c409cbdd8ccc7a3ab3131~mv2.webp,,,,,,,,,,,,,,,,,,,,,,,,,,,,,,,,,,,,,,,,,,,,,,,,,,,,,,,,,,,,,,,,,,,,,,,,,,,,,,,,,,,,,,,,,
Product_cf795176-c9e6-4f44-8a4f-ecd0b95044c3,MEDIA,,,,,,5bdc9f_4e03d7c60022449db1c94e052dfdfb52~mv2.webp,,,,,,,,,,,,,,,,,,,,,,,,,,,,,,,,,,,,,,,,,,,,,,,,,,,,,,,,,,,,,,,,,,,,,,,,,,,,,,,,,,,,,,,,,
Product_498f9206-b6c3-423a-beb3-06739da2d6bf,PRODUCT,Sculptural - Champagne,true,"<p><span style=""color: rgb(18, 18, 18)"">Le gel sculptural ALBI de consistance idéale est facile à appliquer.&nbsp;Autonivelant, il ne coule pas et se modèle facilement.</span></p><p><span style=""color: rgb(18, 18, 18)"">Les teintes camouflage recouvrent parfaitement la ligne du bord libre, restent translucides au niveau de la cuticule, ce qui permet aux ongles de repousser imperceptiblement.</span></p><p><span style=""color: rgb(18, 18, 18)"">Convient pour :</span></p><ul><li><p><span style=""color: rgb(18, 18, 18)"">modeler,</span></p></li><li><p><span style=""color: rgb(18, 18, 18)"">égaliser la couleur de la surface de l’ongle,</span></p></li><li><p><span style=""color: rgb(18, 18, 18)"">allonger l'ongle,</span></p></li><li><p><span style=""color: rgb(18, 18, 18)"">créer une ""french manucure "",</span></p></li><li><p><span style=""color: rgb(18, 18, 18)"">renforcer les ongles naturels..</span></p></li></ul><p><span style=""color: rgb(18, 18, 18)"">Viscosité : moyenne.</span></p><p><span style=""color: rgb(18, 18, 18)"">Durcissement : SEULEMENT 60 secondes dans les lampes LED.</span></p><p><span style=""color: rgb(18, 18, 18)"">Consommation : minime.</span></p><p><span style=""color: rgb(18, 18, 18)"">Nécessite une couverture de base.Pour renforcer un ongle naturel, vous devez disposer deux couches.</span></p><ul><li><p><u><span style=""font-weight: 700"">Conditions de stockage :</span></u></p><p><span style=""color: rgb(18, 18, 18)"">A conserver dans un endroit frais et sec à l'abri de la lumière directe du soleil (température recommandée de 10°C à 26°C).</span></p><p><span style=""color: rgb(18, 18, 18)"">Lorsqu'il est ouvert, éviter le contact avec les lampes UV / LED sur le vernis et le pinceau. Avant chaque utilisation, il est recommandé de rouler un peu le flacon dans la paume des mains pour répartir uniformément le pigment.</span></p><p><span style=""color: rgb(18, 18, 18)"">Les couleurs réelles peuvent être légèrement différentes en raison des paramètres de votre écran.</span></p></li><li><p><u><span style=""font-weight: 700"">Ingrédients :</span></u></p><p><span style=""background-color: rgb(255, 255, 255); color: rgb(18, 18, 18)"">ACRYLATES COPOLYMER, HYDROXYPROPYL METHACRYLATE,</span></p><p><span style=""background-color: rgb(255, 255, 255); color: rgb(18, 18, 18)"">ISOBORNYL ACRYLATE, ETHYL TRIMETHYLBENZOYL PHENYLPHOSPHINATE,</span></p><p><span style=""background-color: rgb(255, 255, 255); color: rgb(18, 18, 18)"">HYDROXYCYCLOHEXYL PHENYL KETONE, SILICA, HYDROQUINONE</span></p><p><span style=""background-color: rgb(255, 255, 255); color: rgb(18, 18, 18)"">MONOMETHYL ETHER, Pigments may Contain: CI 45380, CI 15850,</span></p><p><span style=""background-color: rgb(255, 255, 255); color: rgb(18, 18, 18)"">CI 77491, CI 15985, CI 77492, CI 77007, CI 77510, CI 77742,</span></p><p><span style=""background-color: rgb(255, 255, 255); color: rgb(18, 18, 18)"">CI 77289, CI 77499, CI 77891, CI 77000, CI 77019 MICA.</span></p></li></ul>",sculptural;accessoires,accessoires,,,,,17.9,,,,,,10.45,3,false,,,,4687202322213,,,,,,,,,,,,,,,,,,,,,,,,,,,,,,,,,,,,,,,,,,,,,,,,,,,,,,,,,,,,,,,,,,,,,,,,,
Product_498f9206-b6c3-423a-beb3-06739da2d6bf,MEDIA,,,,,,5bdc9f_d45861fba9ee49a1b5e8037594721628~mv2.webp,,,,,,,,,,,,,,,,,,,,,,,,,,,,,,,,,,,,,,,,,,,,,,,,,,,,,,,,,,,,,,,,,,,,,,,,,,,,,,,,,,,,,,,,,
Product_498f9206-b6c3-423a-beb3-06739da2d6bf,MEDIA,,,,,,5bdc9f_fe3da84028c14deb8c37fed0a621f859~mv2.jpg,,,,,,,,,,,,,,,,,,,,,,,,,,,,,,,,,,,,,,,,,,,,,,,,,,,,,,,,,,,,,,,,,,,,,,,,,,,,,,,,,,,,,,,,,
Product_498f9206-b6c3-423a-beb3-06739da2d6bf,MEDIA,,,,,,5bdc9f_28ef9021e795416894b57500a623814c~mv2.webp,,,,,,,,,,,,,,,,,,,,,,,,,,,,,,,,,,,,,,,,,,,,,,,,,,,,,,,,,,,,,,,,,,,,,,,,,,,,,,,,,,,,,,,,,
Product_89e41274-fd46-48e7-aa42-d422274ea8d7,PRODUCT,Sculptural - Rose,true,"<p><span style=""color: rgb(18, 18, 18)"">Le gel sculptural ALBI de consistance idéale est facile à appliquer.&nbsp;Autonivelant, il ne coule pas et se modèle facilement.</span></p><p><span style=""color: rgb(18, 18, 18)"">Les teintes camouflage recouvrent parfaitement la ligne du bord libre, restent translucides au niveau de la cuticule, ce qui permet aux ongles de repousser imperceptiblement.</span></p><p><span style=""color: rgb(18, 18, 18)"">Convient pour :</span></p><ul><li><p><span style=""color: rgb(18, 18, 18)"">modeler,</span></p></li><li><p><span style=""color: rgb(18, 18, 18)"">égaliser la couleur de la surface de l’ongle,</span></p></li><li><p><span style=""color: rgb(18, 18, 18)"">allonger l'ongle,</span></p></li><li><p><span style=""color: rgb(18, 18, 18)"">créer une ""french manucure "",</span></p></li><li><p><span style=""color: rgb(18, 18, 18)"">renforcer les ongles naturels..</span></p></li></ul><p><span style=""color: rgb(18, 18, 18)"">Viscosité : moyenne.</span></p><p><span style=""color: rgb(18, 18, 18)"">Durcissement : SEULEMENT 60 secondes dans les lampes LED.</span></p><p><span style=""color: rgb(18, 18, 18)"">Consommation : minime.</span></p><p><span style=""color: rgb(18, 18, 18)"">Nécessite une couverture de base.Pour renforcer un ongle naturel, vous devez disposer deux couches.</span></p><ul><li><p><u><span style=""font-weight: 700"">Conditions de stockage :</span></u></p><p><span style=""color: rgb(18, 18, 18)"">A conserver dans un endroit frais et sec à l'abri de la lumière directe du soleil (température recommandée de 10°C à 26°C).</span></p><p><span style=""color: rgb(18, 18, 18)"">Lorsqu'il est ouvert, éviter le contact avec les lampes UV / LED sur le vernis et le pinceau. Avant chaque utilisation, il est recommandé de rouler un peu le flacon dans la paume des mains pour répartir uniformément le pigment.</span></p><p><span style=""color: rgb(18, 18, 18)"">Les couleurs réelles peuvent être légèrement différentes en raison des paramètres de votre écran.</span></p></li><li><p><u><span style=""font-weight: 700"">Ingrédients :</span></u></p><p><span style=""background-color: rgb(255, 255, 255); color: rgb(18, 18, 18)"">ACRYLATES COPOLYMER, HYDROXYPROPYL METHACRYLATE,</span></p><p><span style=""background-color: rgb(255, 255, 255); color: rgb(18, 18, 18)"">ISOBORNYL ACRYLATE, ETHYL TRIMETHYLBENZOYL PHENYLPHOSPHINATE,</span></p><p><span style=""background-color: rgb(255, 255, 255); color: rgb(18, 18, 18)"">HYDROXYCYCLOHEXYL PHENYL KETONE, SILICA, HYDROQUINONE</span></p><p><span style=""background-color: rgb(255, 255, 255); color: rgb(18, 18, 18)"">MONOMETHYL ETHER, Pigments may Contain: CI 45380, CI 15850,</span></p><p><span style=""background-color: rgb(255, 255, 255); color: rgb(18, 18, 18)"">CI 77491, CI 15985, CI 77492, CI 77007, CI 77510, CI 77742,</span></p><p><span style=""background-color: rgb(255, 255, 255); color: rgb(18, 18, 18)"">CI 77289, CI 77499, CI 77891, CI 77000, CI 77019 MICA.</span></p></li></ul>",sculptural;accessoires,accessoires,,,,,17.9,,,,,,10.45,3,false,,,,4627178821402,,,,,,,,,,,,,,,,,,,,,,,,,,,,,,,,,,,,,,,,,,,,,,,,,,,,,,,,,,,,,,,,,,,,,,,,,
Product_89e41274-fd46-48e7-aa42-d422274ea8d7,MEDIA,,,,,,5bdc9f_ec3cb69e581e45f08faebc726435106e~mv2.webp,,,,,,,,,,,,,,,,,,,,,,,,,,,,,,,,,,,,,,,,,,,,,,,,,,,,,,,,,,,,,,,,,,,,,,,,,,,,,,,,,,,,,,,,,
Product_89e41274-fd46-48e7-aa42-d422274ea8d7,MEDIA,,,,,,5bdc9f_f84ecd376f06494e9c497043a8b2b46e~mv2.jpg,,,,,,,,,,,,,,,,,,,,,,,,,,,,,,,,,,,,,,,,,,,,,,,,,,,,,,,,,,,,,,,,,,,,,,,,,,,,,,,,,,,,,,,,,
Product_89e41274-fd46-48e7-aa42-d422274ea8d7,MEDIA,,,,,,5bdc9f_33a7c9a10c5f4d48a940be294c3a01dd~mv2.jpg,,,,,,,,,,,,,,,,,,,,,,,,,,,,,,,,,,,,,,,,,,,,,,,,,,,,,,,,,,,,,,,,,,,,,,,,,,,,,,,,,,,,,,,,,
Product_1df4fb83-369b-46a2-841e-6a6f88618aaa,PRODUCT,Sculptural - Ice Pink,true,"<p><span style=""color: rgb(18, 18, 18)"">Le gel sculptural ALBI de consistance idéale est facile à appliquer.&nbsp;Autonivelant, il ne coule pas et se modèle facilement.</span></p><p><span style=""color: rgb(18, 18, 18)"">Les teintes camouflage recouvrent parfaitement la ligne du bord libre, restent translucides au niveau de la cuticule, ce qui permet aux ongles de repousser imperceptiblement.</span></p><p><span style=""color: rgb(18, 18, 18)"">Convient pour :</span></p><ul><li><p><span style=""color: rgb(18, 18, 18)"">modeler,</span></p></li><li><p><span style=""color: rgb(18, 18, 18)"">égaliser la couleur de la surface de l’ongle,</span></p></li><li><p><span style=""color: rgb(18, 18, 18)"">allonger l'ongle,</span></p></li><li><p><span style=""color: rgb(18, 18, 18)"">créer une ""french manucure "",</span></p></li><li><p><span style=""color: rgb(18, 18, 18)"">renforcer les ongles naturels..</span></p></li></ul><p><span style=""color: rgb(18, 18, 18)"">Viscosité : moyenne.</span></p><p><span style=""color: rgb(18, 18, 18)"">Durcissement : SEULEMENT 60 secondes dans les lampes LED.</span></p><p><span style=""color: rgb(18, 18, 18)"">Consommation : minime.</span></p><p><span style=""color: rgb(18, 18, 18)"">Nécessite une couverture de base.Pour renforcer un ongle naturel, vous devez disposer deux couches.</span></p><ul><li><p><u><span style=""font-weight: 700"">Conditions de stockage :</span></u></p><p><span style=""color: rgb(18, 18, 18)"">A conserver dans un endroit frais et sec à l'abri de la lumière directe du soleil (température recommandée de 10°C à 26°C).</span></p><p><span style=""color: rgb(18, 18, 18)"">Lorsqu'il est ouvert, éviter le contact avec les lampes UV / LED sur le vernis et le pinceau. Avant chaque utilisation, il est recommandé de rouler un peu le flacon dans la paume des mains pour répartir uniformément le pigment.</span></p><p><span style=""color: rgb(18, 18, 18)"">Les couleurs réelles peuvent être légèrement différentes en raison des paramètres de votre écran.</span></p></li><li><p><u><span style=""font-weight: 700"">Ingrédients :</span></u></p><p><span style=""background-color: rgb(255, 255, 255); color: rgb(18, 18, 18)"">ACRYLATES COPOLYMER, HYDROXYPROPYL METHACRYLATE,</span></p><p><span style=""background-color: rgb(255, 255, 255); color: rgb(18, 18, 18)"">ISOBORNYL ACRYLATE, ETHYL TRIMETHYLBENZOYL PHENYLPHOSPHINATE,</span></p><p><span style=""background-color: rgb(255, 255, 255); color: rgb(18, 18, 18)"">HYDROXYCYCLOHEXYL PHENYL KETONE, SILICA, HYDROQUINONE</span></p><p><span style=""background-color: rgb(255, 255, 255); color: rgb(18, 18, 18)"">MONOMETHYL ETHER, Pigments may Contain: CI 45380, CI 15850,</span></p><p><span style=""background-color: rgb(255, 255, 255); color: rgb(18, 18, 18)"">CI 77491, CI 15985, CI 77492, CI 77007, CI 77510, CI 77742,</span></p><p><span style=""background-color: rgb(255, 255, 255); color: rgb(18, 18, 18)"">CI 77289, CI 77499, CI 77891, CI 77000, CI 77019 MICA.</span></p></li></ul>",sculptural;accessoires,accessoires,,,,,17.9,,,,,,,3,false,,,,4687201725817,,,,,,,,,,,,,,,,,,,,,,,,,,,,,,,,,,,,,,,,,,,,,,,,,,,,,,,,,,,,,,,,,,,,,,,,,
Product_1df4fb83-369b-46a2-841e-6a6f88618aaa,MEDIA,,,,,,5bdc9f_5e6e1fe959c74b4c9e4e5c4a24d176f3~mv2.webp,,,,,,,,,,,,,,,,,,,,,,,,,,,,,,,,,,,,,,,,,,,,,,,,,,,,,,,,,,,,,,,,,,,,,,,,,,,,,,,,,,,,,,,,,
Product_1df4fb83-369b-46a2-841e-6a6f88618aaa,MEDIA,,,,,,5bdc9f_1dca5a4d0a1a4eaaae07ca22732fa58e~mv2.webp,,,,,,,,,,,,,,,,,,,,,,,,,,,,,,,,,,,,,,,,,,,,,,,,,,,,,,,,,,,,,,,,,,,,,,,,,,,,,,,,,,,,,,,,,
Product_1df4fb83-369b-46a2-841e-6a6f88618aaa,MEDIA,,,,,,5bdc9f_aaebfb72dcc44c2e8ef2b39b6bc959ef~mv2.jpg,,,,,,,,,,,,,,,,,,,,,,,,,,,,,,,,,,,,,,,,,,,,,,,,,,,,,,,,,,,,,,,,,,,,,,,,,,,,,,,,,,,,,,,,,
Product_0c64da51-fd60-42d4-bf59-3129fe002097,PRODUCT,Sculptural - Cloud,true,"<p><span style=""color: rgb(18, 18, 18)"">Le gel sculptural ALBI de consistance idéale est facile à appliquer.&nbsp;Autonivelant, il ne coule pas et se modèle facilement.</span></p><p><span style=""color: rgb(18, 18, 18)"">Les teintes camouflage recouvrent parfaitement la ligne du bord libre, restent translucides au niveau de la cuticule, ce qui permet aux ongles de repousser imperceptiblement.</span></p><p><span style=""color: rgb(18, 18, 18)"">Convient pour :</span></p><ul><li><p><span style=""color: rgb(18, 18, 18)"">modeler,</span></p></li><li><p><span style=""color: rgb(18, 18, 18)"">égaliser la couleur de la surface de l’ongle,</span></p></li><li><p><span style=""color: rgb(18, 18, 18)"">allonger l'ongle,</span></p></li><li><p><span style=""color: rgb(18, 18, 18)"">créer une ""french manucure "",</span></p></li><li><p><span style=""color: rgb(18, 18, 18)"">renforcer les ongles naturels..</span></p></li></ul><p><span style=""color: rgb(18, 18, 18)"">Viscosité : moyenne.</span></p><p><span style=""color: rgb(18, 18, 18)"">Durcissement : SEULEMENT 60 secondes dans les lampes LED.</span></p><p><span style=""color: rgb(18, 18, 18)"">Consommation : minime.</span></p><p><span style=""color: rgb(18, 18, 18)"">Nécessite une couverture de base.Pour renforcer un ongle naturel, vous devez disposer deux couches.</span></p><ul><li><p><u><span style=""font-weight: 700"">Conditions de stockage :</span></u></p><p><span style=""color: rgb(18, 18, 18)"">A conserver dans un endroit frais et sec à l'abri de la lumière directe du soleil (température recommandée de 10°C à 26°C).</span></p><p><span style=""color: rgb(18, 18, 18)"">Lorsqu'il est ouvert, éviter le contact avec les lampes UV / LED sur le vernis et le pinceau. Avant chaque utilisation, il est recommandé de rouler un peu le flacon dans la paume des mains pour répartir uniformément le pigment.</span></p><p><span style=""color: rgb(18, 18, 18)"">Les couleurs réelles peuvent être légèrement différentes en raison des paramètres de votre écran.</span></p></li><li><p><u><span style=""font-weight: 700"">Ingrédients :</span></u></p><p><span style=""background-color: rgb(255, 255, 255); color: rgb(18, 18, 18)"">ACRYLATES COPOLYMER, HYDROXYPROPYL METHACRYLATE,</span></p><p><span style=""background-color: rgb(255, 255, 255); color: rgb(18, 18, 18)"">ISOBORNYL ACRYLATE, ETHYL TRIMETHYLBENZOYL PHENYLPHOSPHINATE,</span></p><p><span style=""background-color: rgb(255, 255, 255); color: rgb(18, 18, 18)"">HYDROXYCYCLOHEXYL PHENYL KETONE, SILICA, HYDROQUINONE</span></p><p><span style=""background-color: rgb(255, 255, 255); color: rgb(18, 18, 18)"">MONOMETHYL ETHER, Pigments may Contain: CI 45380, CI 15850,</span></p><p><span style=""background-color: rgb(255, 255, 255); color: rgb(18, 18, 18)"">CI 77491, CI 15985, CI 77492, CI 77007, CI 77510, CI 77742,</span></p><p><span style=""background-color: rgb(255, 255, 255); color: rgb(18, 18, 18)"">CI 77289, CI 77499, CI 77891, CI 77000, CI 77019 MICA.</span></p></li></ul>",sculptural;accessoires,accessoires,,,,,17.9,,,,,,10.45,3,false,,,,,,,,,,,,,,,,,,,,,,,,,,,,,,,,,,,,,,,,,,,,,,,,,,,,,,,,,,,,,,,,,,,,,,,,,,,,,
Product_0c64da51-fd60-42d4-bf59-3129fe002097,MEDIA,,,,,,5bdc9f_f6292e05a4ca4a5889dd7143493f53ce~mv2.webp,,,,,,,,,,,,,,,,,,,,,,,,,,,,,,,,,,,,,,,,,,,,,,,,,,,,,,,,,,,,,,,,,,,,,,,,,,,,,,,,,,,,,,,,,
Product_0c64da51-fd60-42d4-bf59-3129fe002097,MEDIA,,,,,,5bdc9f_31f5d89009fe4f8ba43567f6a8b4c518~mv2.jpg,,,,,,,,,,,,,,,,,,,,,,,,,,,,,,,,,,,,,,,,,,,,,,,,,,,,,,,,,,,,,,,,,,,,,,,,,,,,,,,,,,,,,,,,,
Product_0c64da51-fd60-42d4-bf59-3129fe002097,MEDIA,,,,,,5bdc9f_389f556136c042489ca232c09f064dd3~mv2.jpg,,,,,,,,,,,,,,,,,,,,,,,,,,,,,,,,,,,,,,,,,,,,,,,,,,,,,,,,,,,,,,,,,,,,,,,,,,,,,,,,,,,,,,,,,
Product_7f113b84-b458-4fb8-8078-9cac3369ba1f,PRODUCT,Préparation - Nail Fresher (Stabilisateur de pH),true,"<p><span style=""font-weight: 700; color: rgb(18, 18, 18)"">Nail Fresher ALBI</span><span style=""color: rgb(18, 18, 18)""> est un stabilisateur de pH professionnel utilisé après le déshydratant pour optimiser la préparation de l'ongle.</span></p><ul><li><p><span style=""color: rgb(18, 18, 18)"">Rétablit le pH naturel de la plaque ongulaire</span></p></li><li><p><span style=""color: rgb(18, 18, 18)"">Optimise l'accroche de la base</span></p></li><li><p><span style=""color: rgb(18, 18, 18)"">Favorise une tenue durable</span></p></li><li><p><span style=""color: rgb(18, 18, 18)"">Sèche à l'air libre sans catalysation</span></p></li><li><p><span style=""color: rgb(18, 18, 18)"">Complète l'action du déshydratant</span></p></li></ul><p><span style=""color: rgb(18, 18, 18)"">Étape essentielle de la préparation professionnelle, le Nail Fresher ALBI garantit une adhérence maximale et réduit les risques de décollement prématuré sur tous types de poses.</span></p><ul><li><p><u><span style=""font-weight: 700; color: rgb(18, 18, 18)"">Ingrédients :</span></u></p><p><span style=""background-color: rgb(255, 255, 255); color: rgb(18, 18, 18)"">Isopropyl alcohol, ethyl acétate, Isobutyl acétate.</span></p></li></ul>",sculptural;accessoires,accessoires,,,,,11.5,,,,,,6.71,4,false,,,,,,,,,,,,,,,,,,,,,,,,,,,,,,,,,,,,,,,,,,,,,,,,,,,,,,,,,,,,,,,,,,,,,,,,,,,,,
Product_7f113b84-b458-4fb8-8078-9cac3369ba1f,MEDIA,,,,,,5bdc9f_cde5bfd0fec0460ca9322a930ee722d8~mv2.webp,,,,,,,,,,,,,,,,,,,,,,,,,,,,,,,,,,,,,,,,,,,,,,,,,,,,,,,,,,,,,,,,,,,,,,,,,,,,,,,,,,,,,,,,,
Product_b272afcb-e436-4b2f-813d-c16acd99bd90,PRODUCT,Top Coat - Wipe Less,true,"<p><span style=""font-weight: 700"">Description du produit:</span></p><p>Le Top Coat Wipe Less est un top coat sans résidu (no-wipe) doté d'un filtre UV, conçu pour offrir un fini brillant durable sans couche collante. Il assure une brillance longue durée pendant toute la période de tenue, résiste aux fissures et protège la surface contre les taches externes, y compris les colorants ménagers. Formule soak-off (soluble). Performance de brillance garantie : jusqu'à 3 semaines.&nbsp;</p><p><span style=""font-weight: 700"">Utilisation recommandée:</span></p><p>Le Top Coat Wipe Less est recommandé pour:</p><p>• La finition brillante des systèmes de gels de couleur sans résidu</p><p>• La protection des teintes néon contre le ternissement</p><p>• Le maintien de l'éclat sans jaunissement sur les tons clairs</p><p>• Une tenue professionnelle durable et une protection de la surface</p><p><span style=""font-weight: 700"">Remarque importante:</span></p><p>En raison du filtre UV, ce top coat peut légèrement modifier certaines teintes :</p><p>• Sur les tons noirs, il peut créer un subtil reflet bleu à la lumière du soleil</p><p>• Sur les tons beiges et rouges, il peut donner un léger sous-ton rose</p><p><span style=""font-weight: 700"">Guide d'application:</span></p><ol><li><p>Appliquez le Top Gel Wipe Less en une couche fine et uniforme sur la couleur catalysée.</p><p> • Ne pas appliquer en couche trop épaisse ;</p><p> • Assurez-vous d'une couvrance lisse sur l'ensemble de l'ongle.</p></li><li><p>Catalysez pendant au moins 30 secondes sous lampes LED / Hybrides.</p><p> La formule permet une catalyse plus longue en toute sécurité et ne devient pas cassante.</p></li></ol><p><span style=""font-weight: 700"">Conseil de pro:</span></p><p>Le Top Coat Wipe Less est un excellent choix lorsque vous recherchez une finition rapide et très brillante sans couche collante, ainsi qu'une protection fiable pour les teintes vives et néon</p>",american-creator;top-coat-3,american-creator,,,,,18.5,,,,,,12.95,2,false,,,,0102121200045,,,,,,,,,,,,,,,,,,,,,,,,,,,,,,,,,,,,,,,,,,,,,,,,,,,,,,,,,,,,,,,,,,,,,,,,,
Product_b272afcb-e436-4b2f-813d-c16acd99bd90,MEDIA,,,,,,5bdc9f_9b183053c21042619956703eafbfc72f~mv2.jpg,,,,,,,,,,,,,,,,,,,,,,,,,,,,,,,,,,,,,,,,,,,,,,,,,,,,,,,,,,,,,,,,,,,,,,,,,,,,,,,,,,,,,,,,,
Product_b272afcb-e436-4b2f-813d-c16acd99bd90,MEDIA,,,,,,5bdc9f_99fd1b47f7c84a5484d77f11290622cd~mv2.jpg,,,,,,,,,,,,,,,,,,,,,,,,,,,,,,,,,,,,,,,,,,,,,,,,,,,,,,,,,,,,,,,,,,,,,,,,,,,,,,,,,,,,,,,,,
Product_eebe7140-b418-4c10-a87f-7d22f401e837,PRODUCT,Base Gel - Clear,true,"<p><span style=""font-weight: 700"">Description du produit:</span></p><p>Base Gel est une couche de base à la consistance visqueuse, conçue pour assurer une adhérence fiable entre la plaque unguéale naturelle et les produits de construction. Cette base s'égalise facilement d'elle-même (auto-égalisante) et présente, après catalyse, une élasticité équilibrée (plasticité moyenne), offrant un grand confort de port. Une légère sensation thermique peut survenir lors de la catalyse, selon l'état de l'ongle. Formule soak-off (soluble). Durée de tenue garantie en toute sécurité : jusqu'à 3 semaines.</p><p><span style=""font-weight: 700"">Utilisation recommandée:</span></p><p>Base Gel est recommandé comme:</p><p>• Couche de base sous des produits de construction mi-durs et durs</p><p>• Couche de base utilisée en combinaison avec le Construction Gel pour toutes les longueurs d'ongles</p><p>• Base de soutien pour la réparation et le renforcement des ongles. </p><p>Base Gel ne s'utilise pas pour construire une architecture ou un apex. Il fonctionne strictement comme une couche d'adhérence.</p><p><span style=""font-weight: 700"">Guide d'application (préparation de la plaque):</span></p><ol><li><p>Préparez la plaque unguéale et effectuez la manucure (retirez la cuticule et le ptérygion).</p></li><li><p>Dégraissez l'ongle minutieusement.</p><p> Un dégraissage approprié est essentiel lors du travail avec des gels de base à faible teneur en acide. Portez une attention particulière à cette étape.</p></li></ol><p><span style=""font-weight: 700"">Application du Base Gel:</span></p><p>3. Appliquez le Base Gel sans utiliser de primer:</p><p>• Appliquez en une couche dense et uniforme;</p><p>• Ne lissez pas et ne construisez pas d'architecture, assurez-vous que l'ongle soit entièrement recouvert, sans aucun manque;</p><p>4. Catalysez pendant 30 secondes sous lampes LED / Hybrides.</p><p><span style=""font-weight: 700"">Conseil de pro:</span></p><p>Base Gel fonctionne de manière optimale lorsqu'il est appliqué uniformément et complètement en une fine couche de base. Évitez les manques et les applications irrégulières : une couverture appropriée de la base est la clé d'une tenue longue durée et d'une performance optimale des produits de construction.</p>",american-creator;base-gel,american-creator,,,,,18.5,,,,,,12.95,2,false,,,,0102121000010,,,,,,,,,,,,,,,,,,,,,,,,,,,,,,,,,,,,,,,,,,,,,,,,,,,,,,,,,,,,,,,,,,,,,,,,,
Product_eebe7140-b418-4c10-a87f-7d22f401e837,MEDIA,,,,,,5bdc9f_f84b76ce6d2e406f94f3a88ca88b0c4a~mv2.jpg,,,,,,,,,,,,,,,,,,,,,,,,,,,,,,,,,,,,,,,,,,,,,,,,,,,,,,,,,,,,,,,,,,,,,,,,,,,,,,,,,,,,,,,,,
Product_eebe7140-b418-4c10-a87f-7d22f401e837,MEDIA,,,,,,5bdc9f_a88cdb8ebc9249bda5a82445e7626f29~mv2.jpg,,,,,,,,,,,,,,,,,,,,,,,,,,,,,,,,,,,,,,,,,,,,,,,,,,,,,,,,,,,,,,,,,,,,,,,,,,,,,,,,,,,,,,,,,
Product_bcdcd599-8bf0-4b6f-8c06-1ecff15cf0c6,PRODUCT,Framework Gel - Atlantic Shade,true,"<p><span style=""font-weight: 700"">Description:</span></p><p>Framework Gel est un gel de construction auto-nivelant à la consistance confortable et maîtrisable, conçu pour modeler les ongles sans limage de surface et pour renforcer la plaque de l'ongle naturel en limant le bord libre depuis l'intérieur. Ce gel ne provoque aucune sensation de chaleur lors de la polymérisation, offrant ainsi un confort optimal à la cliente. Sa durée de port recommandée est de 4 semaines.</p><p><span style=""font-weight: 700"">Utilisation recommandée:</span></p><p>Framework Gel est recommandé pour:</p><p>• Modelage des ongles sans limage de surface</p><p>• Renforcer la plaque naturelle de l'ongle</p><p>• Réparation et renforcement des clous</p><p><u>Doit être utilisé avec une couche de base&nbsp;:</u> Gel de base ou gel de base doux</p><p><span style=""font-weight: 700"">Guide d'application;</span></p><p><u>Préparation des ongles:</u></p><p>1. Préparer la plaque unguéale et retirer soigneusement le ptérygion.</p><p>2. Dégraissez soigneusement l'ongle. Un dégraissage minutieux est essentiel lors de l'utilisation de gels à base faiblement acide. Accordez une attention particulière à cette étape.</p><p><u>Application du gel de base:</u></p><p>3. Appliquez une couche de base (Base Gel ou Base Gel Mild) sans utiliser de primer.</p><p>• Appliquer en une couche dense et uniforme;</p><p>• Ne nivelez pas et ne construisez pas d'architecture;</p><p>• Assurez-vous que la plaque de l'ongle soit entièrement recouverte, sans aucun espace.</p><p>4. Catalyser pendant 30 secondes sous lampes LED / hybrides.</p><p><u>Application du gel de structure:</u></p><p>5. Appliquez le gel de structure en utilisant la technique sélectionnée.</p><p>6. Catalyser pendant 60 secondes sous lampes LED / hybrides.</p><p><u>Application du gel de finition:</u></p><p>7. Scellez l'ongle avec un Top Gel de votre choix: Top Gel Wipe Less, Top Gel High Gloss, Top Gel Vantablack ou Top Gel Satine.</p><p>8. Catalyser le gel de finition pendant au moins 30 secondes sous lampes LED / hybrides.</p><p><span style=""font-weight: 700"">Conseil de pro:</span></p><p>Le gel Framework est plus efficace lorsque la couche de base est appliquée uniformément et complètement. Évitez les zones non adhérentes pour une adhérence maximale et des résultats durables.</p>",american-creator;framework-gel,american-creator,,,,,30,,,,,,21,2,false,,,,0102121500190,,,,,,,,,,,,,,,,,,,,,,,,,,,,,,,,,,,,,,,,,,,,,,,,,,,,,,,,,,,,,,,,,,,,,,,,,
Product_bcdcd599-8bf0-4b6f-8c06-1ecff15cf0c6,MEDIA,,,,,,5bdc9f_32a127d2ed4f4d5fbc85c66d5c1bae56~mv2.jpg,,,,,,,,,,,,,,,,,,,,,,,,,,,,,,,,,,,,,,,,,,,,,,,,,,,,,,,,,,,,,,,,,,,,,,,,,,,,,,,,,,,,,,,,,
Product_bcdcd599-8bf0-4b6f-8c06-1ecff15cf0c6,MEDIA,,,,,,5bdc9f_bf2f1e62008d405d947c49d33fda0e8b~mv2.jpg,,,,,,,,,,,,,,,,,,,,,,,,,,,,,,,,,,,,,,,,,,,,,,,,,,,,,,,,,,,,,,,,,,,,,,,,,,,,,,,,,,,,,,,,,
Product_25af0c67-49c1-44b4-b4bc-e0f913eea09c,PRODUCT,Framework Gel - Atlantic Dawn,true,"<p><span style=""font-weight: 700"">Description:</span></p><p>Framework Gel est un gel de construction auto-nivelant à la consistance confortable et maîtrisable, conçu pour modeler les ongles sans limage de surface et pour renforcer la plaque de l'ongle naturel en limant le bord libre depuis l'intérieur. Ce gel ne provoque aucune sensation de chaleur lors de la polymérisation, offrant ainsi un confort optimal à la cliente. Sa durée de port recommandée est de 4 semaines.</p><p><span style=""font-weight: 700"">Utilisation recommandée:</span></p><p>Framework Gel est recommandé pour:</p><p>• Modelage des ongles sans limage de surface</p><p>• Renforcer la plaque naturelle de l'ongle</p><p>• Réparation et renforcement des clous</p><p><u>Doit être utilisé avec une couche de base&nbsp;:</u> Gel de base ou gel de base doux</p><p><span style=""font-weight: 700"">Guide d'application;</span></p><p><u>Préparation des ongles:</u></p><p>1. Préparer la plaque unguéale et retirer soigneusement le ptérygion.</p><p>2. Dégraissez soigneusement l'ongle. Un dégraissage minutieux est essentiel lors de l'utilisation de gels à base faiblement acide. Accordez une attention particulière à cette étape.</p><p><u>Application du gel de base:</u></p><p>3. Appliquez une couche de base (Base Gel ou Base Gel Mild) sans utiliser de primer.</p><p>• Appliquer en une couche dense et uniforme;</p><p>• Ne nivelez pas et ne construisez pas d'architecture;</p><p>• Assurez-vous que la plaque de l'ongle soit entièrement recouverte, sans aucun espace.</p><p>4. Catalyser pendant 30 secondes sous lampes LED / hybrides.</p><p><u>Application du gel de structure:</u></p><p>5. Appliquez le gel de structure en utilisant la technique sélectionnée.</p><p>6. Catalyser pendant 60 secondes sous lampes LED / hybrides.</p><p><u>Application du gel de finition:</u></p><p>7. Scellez l'ongle avec un Top Gel de votre choix: Top Gel Wipe Less, Top Gel High Gloss, Top Gel Vantablack ou Top Gel Satine.</p><p>8. Catalyser le gel de finition pendant au moins 30 secondes sous lampes LED / hybrides.</p><p><span style=""font-weight: 700"">Conseil de pro:</span></p><p>Le gel Framework est plus efficace lorsque la couche de base est appliquée uniformément et complètement. Évitez les zones non adhérentes pour une adhérence maximale et des résultats durables.</p>",framework-gel;american-creator,american-creator,,,,,30,,,,,,21,2,false,,,,0102121500244,,,,,,,,,,,,,,,,,,,,,,,,,,,,,,,,,,,,,,,,,,,,,,,,,,,,,,,,,,,,,,,,,,,,,,,,,
Product_25af0c67-49c1-44b4-b4bc-e0f913eea09c,MEDIA,,,,,,5bdc9f_4e30c952a02b4e51b68e70c71351c600~mv2.jpg,,,,,,,,,,,,,,,,,,,,,,,,,,,,,,,,,,,,,,,,,,,,,,,,,,,,,,,,,,,,,,,,,,,,,,,,,,,,,,,,,,,,,,,,,
Product_25af0c67-49c1-44b4-b4bc-e0f913eea09c,MEDIA,,,,,,5bdc9f_f8d26fc712154a86b51231f4b0c335e7~mv2.jpg,,,,,,,,,,,,,,,,,,,,,,,,,,,,,,,,,,,,,,,,,,,,,,,,,,,,,,,,,,,,,,,,,,,,,,,,,,,,,,,,,,,,,,,,,
Product_473c4cff-3834-45e4-88fc-962af000a27d,PRODUCT,Framework Gel - Boston Fog,true,"<p><span style=""font-weight: 700"">Description:</span></p><p>Framework Gel est un gel de construction auto-nivelant à la consistance confortable et maîtrisable, conçu pour modeler les ongles sans limage de surface et pour renforcer la plaque de l'ongle naturel en limant le bord libre depuis l'intérieur. Ce gel ne provoque aucune sensation de chaleur lors de la polymérisation, offrant ainsi un confort optimal à la cliente. Sa durée de port recommandée est de 4 semaines.</p><p><span style=""font-weight: 700"">Utilisation recommandée:</span></p><p>Framework Gel est recommandé pour:</p><p>• Modelage des ongles sans limage de surface</p><p>• Renforcer la plaque naturelle de l'ongle</p><p>• Réparation et renforcement des clous</p><p><u>Doit être utilisé avec une couche de base&nbsp;:</u> Gel de base ou gel de base doux</p><p><span style=""font-weight: 700"">Guide d'application;</span></p><p><u>Préparation des ongles:</u></p><p>1. Préparer la plaque unguéale et retirer soigneusement le ptérygion.</p><p>2. Dégraissez soigneusement l'ongle. Un dégraissage minutieux est essentiel lors de l'utilisation de gels à base faiblement acide. Accordez une attention particulière à cette étape.</p><p><u>Application du gel de base:</u></p><p>3. Appliquez une couche de base (Base Gel ou Base Gel Mild) sans utiliser de primer.</p><p>• Appliquer en une couche dense et uniforme;</p><p>• Ne nivelez pas et ne construisez pas d'architecture;</p><p>• Assurez-vous que la plaque de l'ongle soit entièrement recouverte, sans aucun espace.</p><p>4. Catalyser pendant 30 secondes sous lampes LED / hybrides.</p><p><u>Application du gel de structure:</u></p><p>5. Appliquez le gel de structure en utilisant la technique sélectionnée.</p><p>6. Catalyser pendant 60 secondes sous lampes LED / hybrides.</p><p><u>Application du gel de finition:</u></p><p>7. Scellez l'ongle avec un Top Gel de votre choix: Top Gel Wipe Less, Top Gel High Gloss, Top Gel Vantablack ou Top Gel Satine.</p><p>8. Catalyser le gel de finition pendant au moins 30 secondes sous lampes LED / hybrides.</p><p><span style=""font-weight: 700"">Conseil de pro:</span></p><p>Le gel Framework est plus efficace lorsque la couche de base est appliquée uniformément et complètement. Évitez les zones non adhérentes pour une adhérence maximale et des résultats durables.</p>",framework-gel;american-creator,american-creator,,,,,30,,,,,,21,2,false,,,,0102121500251,,,,,,,,,,,,,,,,,,,,,,,,,,,,,,,,,,,,,,,,,,,,,,,,,,,,,,,,,,,,,,,,,,,,,,,,,
Product_473c4cff-3834-45e4-88fc-962af000a27d,MEDIA,,,,,,5bdc9f_0d872197358d40b2ad45c82bcf0780fc~mv2.jpg,,,,,,,,,,,,,,,,,,,,,,,,,,,,,,,,,,,,,,,,,,,,,,,,,,,,,,,,,,,,,,,,,,,,,,,,,,,,,,,,,,,,,,,,,
Product_473c4cff-3834-45e4-88fc-962af000a27d,MEDIA,,,,,,5bdc9f_8fa24f421f234f7f9c97e56e0cd36b29~mv2.jpg,,,,,,,,,,,,,,,,,,,,,,,,,,,,,,,,,,,,,,,,,,,,,,,,,,,,,,,,,,,,,,,,,,,,,,,,,,,,,,,,,,,,,,,,,
Product_c88bb46e-73ab-4b55-95d0-7218c2c1c395,PRODUCT,Framework Gel - Venice Glow,true,"<p><span style=""font-weight: 700"">Description:</span></p><p>Framework Gel est un gel de construction auto-nivelant à la consistance confortable et maîtrisable, conçu pour modeler les ongles sans limage de surface et pour renforcer la plaque de l'ongle naturel en limant le bord libre depuis l'intérieur. Ce gel ne provoque aucune sensation de chaleur lors de la polymérisation, offrant ainsi un confort optimal à la cliente. Sa durée de port recommandée est de 4 semaines.</p><p><span style=""font-weight: 700"">Utilisation recommandée:</span></p><p>Framework Gel est recommandé pour:</p><p>• Modelage des ongles sans limage de surface</p><p>• Renforcer la plaque naturelle de l'ongle</p><p>• Réparation et renforcement des clous</p><p><u>Doit être utilisé avec une couche de base&nbsp;:</u> Gel de base ou gel de base doux</p><p><span style=""font-weight: 700"">Guide d'application;</span></p><p><u>Préparation des ongles:</u></p><p>1. Préparer la plaque unguéale et retirer soigneusement le ptérygion.</p><p>2. Dégraissez soigneusement l'ongle. Un dégraissage minutieux est essentiel lors de l'utilisation de gels à base faiblement acide. Accordez une attention particulière à cette étape.</p><p><u>Application du gel de base:</u></p><p>3. Appliquez une couche de base (Base Gel ou Base Gel Mild) sans utiliser de primer.</p><p>• Appliquer en une couche dense et uniforme;</p><p>• Ne nivelez pas et ne construisez pas d'architecture;</p><p>• Assurez-vous que la plaque de l'ongle soit entièrement recouverte, sans aucun espace.</p><p>4. Catalyser pendant 30 secondes sous lampes LED / hybrides.</p><p><u>Application du gel de structure:</u></p><p>5. Appliquez le gel de structure en utilisant la technique sélectionnée.</p><p>6. Catalyser pendant 60 secondes sous lampes LED / hybrides.</p><p><u>Application du gel de finition:</u></p><p>7. Scellez l'ongle avec un Top Gel de votre choix: Top Gel Wipe Less, Top Gel High Gloss, Top Gel Vantablack ou Top Gel Satine.</p><p>8. Catalyser le gel de finition pendant au moins 30 secondes sous lampes LED / hybrides.</p><p><span style=""font-weight: 700"">Conseil de pro:</span></p><p>Le gel Framework est plus efficace lorsque la couche de base est appliquée uniformément et complètement. Évitez les zones non adhérentes pour une adhérence maximale et des résultats durables.</p>",framework-gel;american-creator,american-creator,,,,,30,,,,,,21,2,false,,,,102121500282,,,,,,,,,,,,,,,,,,,,,,,,,,,,,,,,,,,,,,,,,,,,,,,,,,,,,,,,,,,,,,,,,,,,,,,,,
Product_c88bb46e-73ab-4b55-95d0-7218c2c1c395,MEDIA,,,,,,5bdc9f_fac01f1078db4e5faf20f5ef3c07f799~mv2.jpg,,,,,,,,,,,,,,,,,,,,,,,,,,,,,,,,,,,,,,,,,,,,,,,,,,,,,,,,,,,,,,,,,,,,,,,,,,,,,,,,,,,,,,,,,
Product_c88bb46e-73ab-4b55-95d0-7218c2c1c395,MEDIA,,,,,,5bdc9f_7cd2c360f3124cbc8244701df6886873~mv2.jpg,,,,,,,,,,,,,,,,,,,,,,,,,,,,,,,,,,,,,,,,,,,,,,,,,,,,,,,,,,,,,,,,,,,,,,,,,,,,,,,,,,,,,,,,,
Product_0f9267e6-666d-44a7-a312-ad4b25d35da7,PRODUCT,Cleaner - Maracujá,true,"<p><span style=""background-color: rgb(255, 255, 255); color: rgba(74, 74, 74, 0.75)"">Cleaner Passion Fruit de Purple Professional est un liquide parfumé et polyvalent qui élimine la couche de dispersion collante après le gel de durcissement et dégraisse doucement l'ongle naturel avant l'application du produit. Infusé d'un parfum tropical de fruit de la passion, il améliore l'expérience du salon tout en assurant une finition impeccable et brillante.</span></p>",purple;prep-liquids,purple,,,,,6.8,,,,,,5.33,6,false,,,,5600920743169,,,,,,,,,,,,,,,,,,,,,,,,,,,,,,,,,,,,,,,,,,,,,,,,,,,,,,,,,,,,,,,,,,,,,,,,,
Product_0f9267e6-666d-44a7-a312-ad4b25d35da7,MEDIA,,,,,,5bdc9f_b821a661123a44368eca90c4ee2f8757~mv2.webp,,,,,,,,,,,,,,,,,,,,,,,,,,,,,,,,,,,,,,,,,,,,,,,,,,,,,,,,,,,,,,,,,,,,,,,,,,,,,,,,,,,,,,,,,
Product_ac2dfbdb-7ec7-4e51-92a9-422fb0af5574,PRODUCT,Porte encens en bois,true,"<p><span style=""color: rgb(0, 0, 0)"">Apportez une touche mystique et chaleureuse à votre intérieur avec ce magnifique porte-encens rond en bois de manguier, délicatement décoré du symbole de l'Œil qui voit tout. </span></p><p><span style=""color: rgb(0, 0, 0)"">Symbole de protection, d'intuition et de sagesse, il trouvera parfaitement sa place dans un univers bohème, spirituel ou cottage.</span></p><p><span style=""color: rgb(0, 0, 0)"">Pratique et polyvalent, ce porte-encens convient aussi bien aux bâtonnets d'encens classiques qu'aux bâtonnets tibétains et aux cônes d'encens (dhoop). Son design élégant permet de profiter pleinement de vos rituels de relaxation, de méditation ou simplement d'instants cocooning à la maison.</span></p><p><span style=""font-weight: 700; color: rgb(0, 0, 0)"">Caractéristiques :</span></p><p><span style=""color: rgb(0, 0, 0)"">• Bois de manguier naturel</span></p><p><span style=""color: rgb(0, 0, 0)"">• Motif « Œil qui voit tout » gravé</span></p><p><span style=""color: rgb(0, 0, 0)"">• Compatible avec les bâtonnets d'encens classiques et tibétains</span></p><p><span style=""color: rgb(0, 0, 0)"">• Convient également aux cônes d'encens (dhoop)</span></p><p><span style=""color: rgb(0, 0, 0)"">• Idéal pour créer une ambiance apaisante et spirituelle</span></p>",ésotérique;encens;cônes;bâtonnets,ésotérique,,,,,4.5,,,,,,1.85,3,false,,,,,,,,,,,,,,,,,,,,,,,,,,,,,,,,,,,,,,,,,,,,,,,,,,,,,,,,,,,,,,,,,,,,,,,,,,,,,
Product_ac2dfbdb-7ec7-4e51-92a9-422fb0af5574,MEDIA,,,,,,5bdc9f_ad0e43a0bcb545cb904d31fc93dad065~mv2.webp,,,,,,,,,,,,,,,,,,,,,,,,,,,,,,,,,,,,,,,,,,,,,,,,,,,,,,,,,,,,,,,,,,,,,,,,,,,,,,,,,,,,,,,,,
Product_ac2dfbdb-7ec7-4e51-92a9-422fb0af5574,MEDIA,,,,,,5bdc9f_6bbf097861af41fe9fc1025af939c404~mv2.webp,,,,,,,,,,,,,,,,,,,,,,,,,,,,,,,,,,,,,,,,,,,,,,,,,,,,,,,,,,,,,,,,,,,,,,,,,,,,,,,,,,,,,,,,,
Product_ac2dfbdb-7ec7-4e51-92a9-422fb0af5574,MEDIA,,,,,,5bdc9f_5eae0d2d4ea94b48a08e5016197f304c~mv2.webp,,,,,,,,,,,,,,,,,,,,,,,,,,,,,,,,,,,,,,,,,,,,,,,,,,,,,,,,,,,,,,,,,,,,,,,,,,,,,,,,,,,,,,,,,
Product_286c2422-cefc-424e-b375-c564c5f7abe5,PRODUCT,Bougie - Myrrh & Sandalwood,true,"<p><span style=""color: rgb(0, 0, 0)"">Plongez dans l'atmosphère chaleureuse d'un cottage et laissez-vous envelopper par les notes profondes de myrrhe et de bois de santal. Coulée à la main dans un élégant verre, cette bougie d'intention est fabriquée à partir de cire de soja et de palme et renferme de véritables éclats de cristal de roche.</span></p><p><span style=""color: rgb(0, 0, 0)"">Son parfum boisé et apaisant invite à ralentir, à se recentrer et à créer un véritable rituel de bien-être. Au fil de la combustion, les pierres précieuses se mêlent délicatement à la cire fondue avant de pouvoir être récupérées et conservées une fois la bougie terminée.</span></p><p><span style=""color: rgb(0, 0, 0)"">Les bougies d'intention sont traditionnellement utilisées comme un support symbolique pour accompagner les moments d'introspection, les nouvelles intentions ou simplement pour apporter une touche de magie au quotidien.</span></p><p><span style=""font-weight: 700; color: rgb(0, 0, 0)"">Notes parfumées:</span></p><p><span style=""color: rgb(0, 0, 0)"">• Myrrhe et bois de santal</span></p><p><span style=""color: rgb(0, 0, 0)"">• Ambiance chaleureuse, bohème et réconfortante</span></p><p><span style=""font-weight: 700; color: rgb(0, 0, 0)"">Caractéristiques:</span></p><p><span style=""color: rgb(0, 0, 0)"">• Cire de soja et de palme coulée à la main</span></p><p><span style=""color: rgb(0, 0, 0)"">• Pierre naturelle: cristal de roche</span></p><p><span style=""color: rgb(0, 0, 0)"">• Mèche en coton</span></p><p><span style=""color: rgb(0, 0, 0)"">• Durée de combustion: environ 20 heures</span></p><p><span style=""color: rgb(0, 0, 0)"">• Pot en verre réutilisable</span></p><p><span style=""font-weight: 700; color: rgb(0, 0, 0)"">Conseils d'utilisation:</span></p><p><span style=""color: rgb(0, 0, 0)"">• Laissez brûler la bougie suffisamment longtemps afin que toute la surface soit liquide lors de la première utilisation.</span></p><p><span style=""color: rgb(0, 0, 0)"">• Ne laissez pas brûler plus de 4 heures consécutives.</span></p><p><span style=""color: rgb(0, 0, 0)"">• Coupez la mèche à environ 5 mm avant chaque utilisation.</span></p><p><span style=""color: rgb(0, 0, 0)"">• Arrêtez l'utilisation lorsqu'il reste environ 1 cm de cire au fond du récipient.</span></p><p><span style=""font-weight: 700; color: rgb(0, 0, 0)"">Précautions:</span></p><p><span style=""color: rgb(0, 0, 0)"">• Ne jamais laisser une bougie allumée sans surveillance.</span></p><p><span style=""color: rgb(0, 0, 0)"">• Tenir hors de portée des enfants et des animaux.</span></p><p><span style=""color: rgb(0, 0, 0)"">• Utiliser sur une surface résistante à la chaleur et à l'abri des courants d'air.</span></p>",ésotérique;bougies,ésotérique,,,,,14.5,,,,,,3.2,2,false,,,,,,,,,,,,,,,,,,,,,,,,,,,,,,,,,,,,,,,,,,,,,,,,,,,,,,,,,,,,,,,,,,,,,,,,,,,,,
Product_286c2422-cefc-424e-b375-c564c5f7abe5,MEDIA,,,,,,5bdc9f_3f724332dfea419c80a93fc79e17fa3b~mv2.webp,,,,,,,,,,,,,,,,,,,,,,,,,,,,,,,,,,,,,,,,,,,,,,,,,,,,,,,,,,,,,,,,,,,,,,,,,,,,,,,,,,,,,,,,,
Product_286c2422-cefc-424e-b375-c564c5f7abe5,MEDIA,,,,,,5bdc9f_06ea51edf69b438e80baa51cddaafb91~mv2.webp,,,,,,,,,,,,,,,,,,,,,,,,,,,,,,,,,,,,,,,,,,,,,,,,,,,,,,,,,,,,,,,,,,,,,,,,,,,,,,,,,,,,,,,,,
Product_286c2422-cefc-424e-b375-c564c5f7abe5,MEDIA,,,,,,5bdc9f_0badfc45f4b2426c9f50e515c0e6cb4d~mv2.webp,,,,,,,,,,,,,,,,,,,,,,,,,,,,,,,,,,,,,,,,,,,,,,,,,,,,,,,,,,,,,,,,,,,,,,,,,,,,,,,,,,,,,,,,,
Product_55846530-e29b-4cda-b29a-1aadea00a516,PRODUCT,Bougie - Sage & White Tea,true,"<p><span style=""color: rgb(0, 0, 0)"">Créez une atmosphère apaisante et protectrice dans votre intérieur grâce à cette bougie d'intention coulée à la main à partir de cire de soja et de palme. Son parfum délicat de sauge et de thé blanc diffuse des notes fraîches et purifiantes, parfaites pour accompagner les périodes de renouveau et les nouveaux départs.</span></p><p><span style=""color: rgb(0, 0, 0)"">Nichée dans son élégant pot en verre, cette bougie renferme de véritables éclats d'obsidienne noire, une pierre traditionnellement associée à la protection et à l'ancrage. </span></p><p><span style=""color: rgb(0, 0, 0)"">Au fil de la combustion, les pierres se dévoilent dans la cire fondue et pourront être conservées une fois la bougie terminée.</span></p><p><span style=""color: rgb(0, 0, 0)"">Inspirée des rituels d'intention, cette bougie vous invite à ralentir, à vous recentrer et à créer un cocon chaleureux, comme dans un cottage enveloppé de sérénité.</span></p><p><span style=""font-weight: 700; color: rgb(0, 0, 0)"">Notes parfumées:</span></p><p><span style=""color: rgb(0, 0, 0)"">• Sauge et thé blanc</span></p><p><span style=""color: rgb(0, 0, 0)"">• Parfum frais, purifiant et réconfortant</span></p><p><span style=""font-weight: 700; color: rgb(0, 0, 0)"">Caractéristiques:</span></p><p><span style=""color: rgb(0, 0, 0)"">• Cire de soja et de palme coulée à la main</span></p><p><span style=""color: rgb(0, 0, 0)"">• Pierre naturelle: obsidienne noire</span></p><p><span style=""color: rgb(0, 0, 0)"">• Mèche en coton</span></p><p><span style=""color: rgb(0, 0, 0)"">• Durée de combustion: environ 20 heures</span></p><p><span style=""color: rgb(0, 0, 0)"">• Pot en verre réutilisable</span></p><p><span style=""font-weight: 700; color: rgb(0, 0, 0)"">Conseils d'utilisation:</span></p><p><span style=""color: rgb(0, 0, 0)"">• Laissez brûler la bougie suffisamment longtemps afin que toute la surface soit liquide lors de la première utilisation.</span></p><p><span style=""color: rgb(0, 0, 0)"">• Ne laissez pas brûler plus de 4 heures consécutives.</span></p><p><span style=""color: rgb(0, 0, 0)"">• Coupez la mèche à environ 5 mm avant chaque utilisation.</span></p><p><span style=""color: rgb(0, 0, 0)"">• Arrêtez l'utilisation lorsqu'il reste environ 1 cm de cire au fond du récipient.</span></p><p><span style=""font-weight: 700; color: rgb(0, 0, 0)"">Précautions:</span></p><p><span style=""color: rgb(0, 0, 0)"">• Ne jamais laisser une bougie allumée sans surveillance.</span></p><p><span style=""color: rgb(0, 0, 0)"">• Tenir hors de portée des enfants et des animaux.</span></p><p><span style=""color: rgb(0, 0, 0)"">• Utiliser sur une surface résistante à la chaleur et à l'abri des courants d'air.</span></p>",bougies;ésotérique,ésotérique,,,,,14.5,,,,,,3.2,2,false,,,,,,,,,,,,,,,,,,,,,,,,,,,,,,,,,,,,,,,,,,,,,,,,,,,,,,,,,,,,,,,,,,,,,,,,,,,,,
Product_55846530-e29b-4cda-b29a-1aadea00a516,MEDIA,,,,,,5bdc9f_4f3bcf54a3ea48e8bf74690623d75f0f~mv2.webp,,,,,,,,,,,,,,,,,,,,,,,,,,,,,,,,,,,,,,,,,,,,,,,,,,,,,,,,,,,,,,,,,,,,,,,,,,,,,,,,,,,,,,,,,
Product_55846530-e29b-4cda-b29a-1aadea00a516,MEDIA,,,,,,5bdc9f_47b75f7b1dbe4610b29e9ddeefff6012~mv2.webp,,,,,,,,,,,,,,,,,,,,,,,,,,,,,,,,,,,,,,,,,,,,,,,,,,,,,,,,,,,,,,,,,,,,,,,,,,,,,,,,,,,,,,,,,
Product_55846530-e29b-4cda-b29a-1aadea00a516,MEDIA,,,,,,5bdc9f_72623bb13e22412eb50cb57b9617b6f4~mv2.webp,,,,,,,,,,,,,,,,,,,,,,,,,,,,,,,,,,,,,,,,,,,,,,,,,,,,,,,,,,,,,,,,,,,,,,,,,,,,,,,,,,,,,,,,,
Product_27fbb8f8-8371-4392-894a-34b79c070be6,PRODUCT,Bougie - Patchouli & Orange,true,"<p><span style=""color: rgb(0, 0, 0)"">Laissez-vous envelopper par les notes chaleureuses du patchouli et la fraîcheur pétillante de l'orange grâce à cette bougie d'intention coulée à la main à partir de cire de soja et de palme. Son parfum réconfortant crée une atmosphère douce et apaisante, idéale pour retrouver confiance en soi et s'accorder un moment de calme.</span></p><p><span style=""color: rgb(0, 0, 0)"">Au cœur de la bougie se cache un véritable jaspe rouge, une pierre traditionnellement associée à la force intérieure, au courage et à l'ancrage. Au fil de la combustion, les pierres précieuses se dévoilent dans la cire fondue et pourront être conservées une fois la bougie terminée.</span></p><p><span style=""color: rgb(0, 0, 0)"">Inspirée des rituels d'intention, cette bougie transforme chaque instant en une parenthèse chaleureuse, comme une soirée d'automne dans un cottage bercé par la lumière des flammes.</span></p><p><span style=""font-weight: 700; color: rgb(0, 0, 0)"">Notes parfumées:</span></p><p><span style=""color: rgb(0, 0, 0)"">• Patchouli et orange</span></p><p><span style=""color: rgb(0, 0, 0)"">• Parfum réconfortant, boisé et légèrement fruité</span></p><p><span style=""font-weight: 700; color: rgb(0, 0, 0)"">Caractéristiques:</span></p><p><span style=""color: rgb(0, 0, 0)"">• Cire de soja et de palme coulée à la main</span></p><p><span style=""color: rgb(0, 0, 0)"">• Pierre naturelle: jaspe rouge</span></p><p><span style=""color: rgb(0, 0, 0)"">• Mèche en coton</span></p><p><span style=""color: rgb(0, 0, 0)"">• Durée de combustion: environ 20 heures</span></p><p><span style=""color: rgb(0, 0, 0)"">• Pot en verre réutilisable</span></p><p><span style=""font-weight: 700; color: rgb(0, 0, 0)"">Conseils d'utilisation:</span></p><p><span style=""color: rgb(0, 0, 0)"">• Laissez brûler la bougie suffisamment longtemps afin que toute la surface soit liquide lors de la première utilisation.</span></p><p><span style=""color: rgb(0, 0, 0)"">• Ne laissez pas brûler plus de 4 heures consécutives.</span></p><p><span style=""color: rgb(0, 0, 0)"">• Coupez la mèche à environ 5 mm avant chaque utilisation.</span></p><p><span style=""color: rgb(0, 0, 0)"">• Arrêtez l'utilisation lorsqu'il reste environ 1 cm de cire au fond du récipient.</span></p><p><span style=""font-weight: 700; color: rgb(0, 0, 0)"">Précautions:</span></p><p><span style=""color: rgb(0, 0, 0)"">• Ne jamais laisser une bougie allumée sans surveillance.</span></p><p><span style=""color: rgb(0, 0, 0)"">• Tenir hors de portée des enfants et des animaux.</span></p><p><span style=""color: rgb(0, 0, 0)"">• Utiliser sur une surface résistante à la chaleur et à l'abri des courants d'air.</span></p>",bougies;ésotérique,ésotérique,,,,,14.5,,,,,,3.2,2,false,,,,,,,,,,,,,,,,,,,,,,,,,,,,,,,,,,,,,,,,,,,,,,,,,,,,,,,,,,,,,,,,,,,,,,,,,,,,,
Product_27fbb8f8-8371-4392-894a-34b79c070be6,MEDIA,,,,,,5bdc9f_f3c36be5ab214ff3b0403ef83950f13c~mv2.webp,,,,,,,,,,,,,,,,,,,,,,,,,,,,,,,,,,,,,,,,,,,,,,,,,,,,,,,,,,,,,,,,,,,,,,,,,,,,,,,,,,,,,,,,,
Product_27fbb8f8-8371-4392-894a-34b79c070be6,MEDIA,,,,,,5bdc9f_bdec173564544e06a410641d08c6ce07~mv2.webp,,,,,,,,,,,,,,,,,,,,,,,,,,,,,,,,,,,,,,,,,,,,,,,,,,,,,,,,,,,,,,,,,,,,,,,,,,,,,,,,,,,,,,,,,
Product_27fbb8f8-8371-4392-894a-34b79c070be6,MEDIA,,,,,,5bdc9f_1069dad74d1643e7bc1bb6002992f052~mv2.webp,,,,,,,,,,,,,,,,,,,,,,,,,,,,,,,,,,,,,,,,,,,,,,,,,,,,,,,,,,,,,,,,,,,,,,,,,,,,,,,,,,,,,,,,,
Product_ffbc8388-f96a-47b7-8617-beb52370c4d8,PRODUCT,Bougie - Jasmine & Oud,true,"<p><span style=""color: rgb(0, 0, 0)"">Laissez-vous transporter par les notes envoûtantes du jasmin et de l'oudh, un mariage délicat entre douceur florale et profondeur boisée. Coulée à la main à partir de cire de soja et de palme, cette bougie d'intention a été imaginée pour créer une atmosphère chaleureuse et réconfortante, propice à l'intuition, à la créativité et au recentrage.</span></p><p><span style=""color: rgb(0, 0, 0)"">Nichée dans son élégant pot en verre, elle renferme de véritables éclats de jade Xinji, une pierre associée à l'harmonie intérieure et à l'équilibre. Au fil de la combustion, les pierres se dévoilent dans la cire fondue et pourront être conservées comme souvenir ou intégrées à vos rituels quotidiens.</span></p><p><span style=""color: rgb(0, 0, 0)"">Inspirée des traditions ancestrales, cette bougie accompagne les moments d'introspection, les nouveaux projets et les instants où l'on souhaite se reconnecter à son énergie créative.</span></p><p><span style=""font-weight: 700; color: rgb(0, 0, 0)"">Notes parfumées:</span></p><p><span style=""color: rgb(0, 0, 0)"">• Jasmin et oudh</span></p><p><span style=""color: rgb(0, 0, 0)"">• Parfum floral, boisé et enveloppant</span></p><p><span style=""font-weight: 700; color: rgb(0, 0, 0)"">Caractéristiques:</span></p><p><span style=""color: rgb(0, 0, 0)"">• Cire de soja et de palme coulée à la main</span></p><p><span style=""color: rgb(0, 0, 0)"">• Pierre naturelle: jade Xinji</span></p><p><span style=""color: rgb(0, 0, 0)"">• Mèche en coton</span></p><p><span style=""color: rgb(0, 0, 0)"">• Durée de combustion: environ 20 heures</span></p><p><span style=""color: rgb(0, 0, 0)"">• Pot en verre réutilisable</span></p><p><span style=""font-weight: 700; color: rgb(0, 0, 0)"">Conseils d'utilisation:</span></p><p><span style=""color: rgb(0, 0, 0)"">• Laissez brûler la bougie suffisamment longtemps afin que toute la surface soit liquide lors de la première utilisation.</span></p><p><span style=""color: rgb(0, 0, 0)"">• Ne laissez pas brûler plus de 4 heures consécutives.</span></p><p><span style=""color: rgb(0, 0, 0)"">• Coupez la mèche à environ 5 mm avant chaque utilisation.</span></p><p><span style=""color: rgb(0, 0, 0)"">• Arrêtez l'utilisation lorsqu'il reste environ 1 cm de cire au fond du récipient.</span></p><p><span style=""font-weight: 700; color: rgb(0, 0, 0)"">Précautions:</span></p><p><span style=""color: rgb(0, 0, 0)"">• Ne jamais laisser une bougie allumée sans surveillance.</span></p><p><span style=""color: rgb(0, 0, 0)"">• Tenir hors de portée des enfants et des animaux.</span></p><p><span style=""color: rgb(0, 0, 0)"">• Utiliser sur une surface résistante à la chaleur et à l'abri des courants d'air.</span></p>",bougies;ésotérique,ésotérique,,,,,14.5,,,,,,3.2,2,false,,,,,,,,,,,,,,,,,,,,,,,,,,,,,,,,,,,,,,,,,,,,,,,,,,,,,,,,,,,,,,,,,,,,,,,,,,,,,
Product_ffbc8388-f96a-47b7-8617-beb52370c4d8,MEDIA,,,,,,5bdc9f_c954f35b525146629a20e56ad99e1b21~mv2.webp,,,,,,,,,,,,,,,,,,,,,,,,,,,,,,,,,,,,,,,,,,,,,,,,,,,,,,,,,,,,,,,,,,,,,,,,,,,,,,,,,,,,,,,,,
Product_ffbc8388-f96a-47b7-8617-beb52370c4d8,MEDIA,,,,,,5bdc9f_8267acb2ddae49b1b1b22bc3e53d9dd2~mv2.webp,,,,,,,,,,,,,,,,,,,,,,,,,,,,,,,,,,,,,,,,,,,,,,,,,,,,,,,,,,,,,,,,,,,,,,,,,,,,,,,,,,,,,,,,,
Product_ffbc8388-f96a-47b7-8617-beb52370c4d8,MEDIA,,,,,,5bdc9f_94a0efbc647a4e3083f8d220384e5eb2~mv2.webp,,,,,,,,,,,,,,,,,,,,,,,,,,,,,,,,,,,,,,,,,,,,,,,,,,,,,,,,,,,,,,,,,,,,,,,,,,,,,,,,,,,,,,,,,
Product_6d66ade6-b287-4666-a3a7-72747fbb3c22,PRODUCT,Bougie - Rose & Peony,true,"<p><span style=""color: rgb(0, 0, 0)"">Laissez entrer une douceur infinie dans votre intérieur avec cette bougie d'intention aux délicates notes de rose et de pivoine. Coulée à la main à partir de cire de soja et de palme, elle diffuse un parfum floral raffiné qui transforme chaque instant en une véritable parenthèse de sérénité.</span></p><p><span style=""color: rgb(0, 0, 0)"">Au cœur de la bougie se cache un véritable quartz rose, une pierre traditionnellement associée à l'amour, à la tendresse et à la douceur. Au fil de la combustion, les pierres précieuses se dévoilent dans la cire fondue avant de pouvoir être récupérées et conservées, pour prolonger la magie de ce rituel.</span></p><p><span style=""color: rgb(0, 0, 0)"">Inspirée des traditions d'intention, cette bougie est idéale pour créer une ambiance chaleureuse dans votre cocon, accompagner un moment de détente ou simplement inviter un peu plus de douceur dans votre quotidien.</span></p><p><span style=""font-weight: 700; color: rgb(0, 0, 0)"">Notes parfumées:</span></p><p><span style=""color: rgb(0, 0, 0)"">• Rose et pivoine</span></p><p><span style=""color: rgb(0, 0, 0)"">• Parfum floral, délicat et réconfortant</span></p><p><span style=""font-weight: 700; color: rgb(0, 0, 0)"">Caractéristiques:</span></p><p><span style=""color: rgb(0, 0, 0)"">• Cire de soja et de palme coulée à la main</span></p><p><span style=""color: rgb(0, 0, 0)"">• Pierre naturelle: quartz rose</span></p><p><span style=""color: rgb(0, 0, 0)"">• Mèche en coton</span></p><p><span style=""color: rgb(0, 0, 0)"">• Durée de combustion: environ 20 heures</span></p><p><span style=""color: rgb(0, 0, 0)"">• Pot en verre réutilisable</span></p><p><span style=""font-weight: 700; color: rgb(0, 0, 0)"">Conseils d'utilisation:</span></p><p><span style=""color: rgb(0, 0, 0)"">• Laissez brûler la bougie suffisamment longtemps afin que toute la surface soit liquide lors de la première utilisation.</span></p><p><span style=""color: rgb(0, 0, 0)"">• Ne laissez pas brûler plus de 4 heures consécutives.</span></p><p><span style=""color: rgb(0, 0, 0)"">• Coupez la mèche à environ 5 mm avant chaque utilisation.</span></p><p><span style=""color: rgb(0, 0, 0)"">• Arrêtez l'utilisation lorsqu'il reste environ 1 cm de cire au fond du récipient.</span></p><p><span style=""font-weight: 700; color: rgb(0, 0, 0)"">Précautions:</span></p><p><span style=""color: rgb(0, 0, 0)"">• Ne jamais laisser une bougie allumée sans surveillance.</span></p><p><span style=""color: rgb(0, 0, 0)"">• Tenir hors de portée des enfants et des animaux.</span></p><p><span style=""color: rgb(0, 0, 0)"">• Utiliser sur une surface résistante à la chaleur et à l'abri des courants d'air.</span></p>",bougies;ésotérique,ésotérique,,,,,14.5,,,,,,3.2,2,false,,,,,,,,,,,,,,,,,,,,,,,,,,,,,,,,,,,,,,,,,,,,,,,,,,,,,,,,,,,,,,,,,,,,,,,,,,,,,
Product_6d66ade6-b287-4666-a3a7-72747fbb3c22,MEDIA,,,,,,5bdc9f_da5de7315937450bb714299e6f14626e~mv2.webp,,,,,,,,,,,,,,,,,,,,,,,,,,,,,,,,,,,,,,,,,,,,,,,,,,,,,,,,,,,,,,,,,,,,,,,,,,,,,,,,,,,,,,,,,
Product_6d66ade6-b287-4666-a3a7-72747fbb3c22,MEDIA,,,,,,5bdc9f_427dadb6b6ec4e4c87d01f33a20197ee~mv2.webp,,,,,,,,,,,,,,,,,,,,,,,,,,,,,,,,,,,,,,,,,,,,,,,,,,,,,,,,,,,,,,,,,,,,,,,,,,,,,,,,,,,,,,,,,
Product_6d66ade6-b287-4666-a3a7-72747fbb3c22,MEDIA,,,,,,5bdc9f_89ba2254642542849c782c178e2df52a~mv2.webp,,,,,,,,,,,,,,,,,,,,,,,,,,,,,,,,,,,,,,,,,,,,,,,,,,,,,,,,,,,,,,,,,,,,,,,,,,,,,,,,,,,,,,,,,
Product_51c55b18-6df4-4d57-93ec-4d138aed7434,PRODUCT,Bougie - Palo Santo & Lavender,true,"<p><span style=""color: rgb(0, 0, 0)"">Laissez entrer une douceur infinie dans votre intérieur avec cette bougie d'intention aux délicates notes de rose et de pivoine. Coulée à la main à partir de cire de soja et de palme, elle diffuse un parfum floral raffiné qui transforme chaque instant en une véritable parenthèse de sérénité.</span></p><p><span style=""color: rgb(0, 0, 0)"">Au cœur de la bougie se cache un véritable quartz rose, une pierre traditionnellement associée à l'amour, à la tendresse et à la douceur. Au fil de la combustion, les pierres précieuses se dévoilent dans la cire fondue avant de pouvoir être récupérées et conservées, pour prolonger la magie de ce rituel.</span></p><p><span style=""color: rgb(0, 0, 0)"">Inspirée des traditions d'intention, cette bougie est idéale pour créer une ambiance chaleureuse dans votre cocon, accompagner un moment de détente ou simplement inviter un peu plus de douceur dans votre quotidien.</span></p><p><span style=""font-weight: 700; color: rgb(0, 0, 0)"">Notes parfumées:</span></p><p><span style=""color: rgb(0, 0, 0)"">• Rose et pivoine</span></p><p><span style=""color: rgb(0, 0, 0)"">• Parfum floral, délicat et réconfortant</span></p><p><span style=""font-weight: 700; color: rgb(0, 0, 0)"">Caractéristiques:</span></p><p><span style=""color: rgb(0, 0, 0)"">• Cire de soja et de palme coulée à la main</span></p><p><span style=""color: rgb(0, 0, 0)"">• Pierre naturelle: quartz rose</span></p><p><span style=""color: rgb(0, 0, 0)"">• Mèche en coton</span></p><p><span style=""color: rgb(0, 0, 0)"">• Durée de combustion: environ 20 heures</span></p><p><span style=""color: rgb(0, 0, 0)"">• Pot en verre réutilisable</span></p><p><span style=""font-weight: 700; color: rgb(0, 0, 0)"">Conseils d'utilisation:</span></p><p><span style=""color: rgb(0, 0, 0)"">• Laissez brûler la bougie suffisamment longtemps afin que toute la surface soit liquide lors de la première utilisation.</span></p><p><span style=""color: rgb(0, 0, 0)"">• Ne laissez pas brûler plus de 4 heures consécutives.</span></p><p><span style=""color: rgb(0, 0, 0)"">• Coupez la mèche à environ 5 mm avant chaque utilisation.</span></p><p><span style=""color: rgb(0, 0, 0)"">• Arrêtez l'utilisation lorsqu'il reste environ 1 cm de cire au fond du récipient.</span></p><p><span style=""font-weight: 700; color: rgb(0, 0, 0)"">Précautions:</span></p><p><span style=""color: rgb(0, 0, 0)"">• Ne jamais laisser une bougie allumée sans surveillance.</span></p><p><span style=""color: rgb(0, 0, 0)"">• Tenir hors de portée des enfants et des animaux.</span></p><p><span style=""color: rgb(0, 0, 0)"">• Utiliser sur une surface résistante à la chaleur et à l'abri des courants d'air.</span></p>",bougies;ésotérique,ésotérique,,,,,14.5,,,,,,3.2,2,false,,,,,,,,,,,,,,,,,,,,,,,,,,,,,,,,,,,,,,,,,,,,,,,,,,,,,,,,,,,,,,,,,,,,,,,,,,,,,
Product_51c55b18-6df4-4d57-93ec-4d138aed7434,MEDIA,,,,,,5bdc9f_47f1a739fb37400ebb0d77c2bfc8b41b~mv2.webp,,,,,,,,,,,,,,,,,,,,,,,,,,,,,,,,,,,,,,,,,,,,,,,,,,,,,,,,,,,,,,,,,,,,,,,,,,,,,,,,,,,,,,,,,
Product_51c55b18-6df4-4d57-93ec-4d138aed7434,MEDIA,,,,,,5bdc9f_62620a963e1a4928b4a18578595970d2~mv2.webp,,,,,,,,,,,,,,,,,,,,,,,,,,,,,,,,,,,,,,,,,,,,,,,,,,,,,,,,,,,,,,,,,,,,,,,,,,,,,,,,,,,,,,,,,
Product_51c55b18-6df4-4d57-93ec-4d138aed7434,MEDIA,,,,,,5bdc9f_7df4c267a409411e8c8d88ca9b7d2517~mv2.webp,,,,,,,,,,,,,,,,,,,,,,,,,,,,,,,,,,,,,,,,,,,,,,,,,,,,,,,,,,,,,,,,,,,,,,,,,,,,,,,,,,,,,,,,,
Product_b9d7c583-24d9-47d5-89bb-ae9805ff316b,PRODUCT,Diffuseur - Baltic Amber & Oud,true,"<p><span style=""color: rgb(0, 0, 0)"">Invitez une ambiance chaleureuse et mystérieuse dans votre intérieur avec ce diffuseur de parfum aux notes profondes d'ambre baltique et d'oudh. Inspiré des univers célestes et des rituels de bien-être, il diffuse délicatement son parfum pendant plusieurs semaines, créant une atmosphère réconfortante digne d'un cottage empreint de magie.</span></p><p><span style=""color: rgb(0, 0, 0)"">Sans flamme et facile d'utilisation, ce diffuseur est parfait pour parfumer une entrée, un salon, une chambre ou un espace de méditation. Son parfum boisé et ambré enveloppe la pièce d'une sensation de calme et d'élégance.</span></p><p><span style=""font-weight: 700; color: rgb(0, 0, 0)"">Notes parfumées:</span></p><p><span style=""color: rgb(0, 0, 0)"">• Ambre Baltique et Oudh</span></p><p><span style=""color: rgb(0, 0, 0)"">• Parfum boisé, ambré et enveloppant</span></p><p><span style=""font-weight: 700; color: rgb(0, 0, 0)"">Caractéristiques:</span></p><p><span style=""color: rgb(0, 0, 0)"">• Diffuseur à bâtonnets avec huiles parfumées naturelles</span></p><p><span style=""color: rgb(0, 0, 0)"">• Diffusion continue pendant environ 4 à 6 semaines</span></p><p><span style=""color: rgb(0, 0, 0)"">• Idéal pour créer une ambiance chaleureuse et apaisante</span></p><p><span style=""font-weight: 700; color: rgb(0, 0, 0)"">Conseils d'utilisation:</span></p><p><span style=""color: rgb(0, 0, 0)"">• Retirez le bouchon puis insérez les bâtonnets dans le flacon.</span></p><p><span style=""color: rgb(0, 0, 0)"">• Retournez les bâtonnets tous les quelques jours afin de raviver l'intensité du parfum.</span></p><p><span style=""color: rgb(0, 0, 0)"">• Placez le diffuseur dans une pièce bien ventilée pour une diffusion optimale.</span></p><p><span style=""font-weight: 700; color: rgb(0, 0, 0)"">Précautions:</span></p><p><span style=""color: rgb(0, 0, 0)"">• Tenir hors de portée des enfants et des animaux.</span></p><p><span style=""color: rgb(0, 0, 0)"">• Ne pas ingérer.</span></p><p><span style=""color: rgb(0, 0, 0)"">• Éviter tout contact avec les yeux et la peau.</span></p><p><span style=""color: rgb(0, 0, 0)"">• Conserver à l'écart des flammes et des sources de chaleur.</span></p>",ésotérique;diffuseurs,ésotérique,,,,,12.95,,,,,,2.45,4,false,,,,,,,,,,,,,,,,,,,,,,,,,,,,,,,,,,,,,,,,,,,,,,,,,,,,,,,,,,,,,,,,,,,,,,,,,,,,,
Product_b9d7c583-24d9-47d5-89bb-ae9805ff316b,MEDIA,,,,,,5bdc9f_36fa514801c64a7ca5587b9083083839~mv2.webp,,,,,,,,,,,,,,,,,,,,,,,,,,,,,,,,,,,,,,,,,,,,,,,,,,,,,,,,,,,,,,,,,,,,,,,,,,,,,,,,,,,,,,,,,
Product_5729b8f1-82e0-4ae6-b8de-7f5d686e8dd6,PRODUCT,Diffuseur - Pink Prosecco & Rose,true,"<p><span style=""color: rgb(0, 0, 0)"">Apportez une touche de douceur et d'élégance à votre intérieur avec ce diffuseur de parfum aux délicates notes de Pink Prosecco et de roses. Son parfum floral, légèrement pétillant, crée une ambiance romantique et chaleureuse, parfaite pour transformer votre maison en un véritable cocon.</span></p><p><span style=""color: rgb(0, 0, 0)"">Sans flamme et facile d'utilisation, il diffuse son parfum en continu pendant plusieurs semaines. Idéal dans une chambre, un salon ou une salle de bain, il enveloppe délicatement votre espace d'une atmosphère raffinée, inspirée des cottages fleuris et des instants de douceur.</span></p><p><span style=""font-weight: 700; color: rgb(0, 0, 0)"">Notes parfumées:</span></p><p><span style=""color: rgb(0, 0, 0)"">• Pink Prosecco et Roses</span></p><p><span style=""color: rgb(0, 0, 0)"">• Parfum floral, frais et délicatement pétillant</span></p><p><span style=""font-weight: 700; color: rgb(0, 0, 0)"">Caractéristiques:</span></p><p><span style=""color: rgb(0, 0, 0)"">• Diffuseur à bâtonnets avec huiles parfumées naturelles</span></p><p><span style=""color: rgb(0, 0, 0)"">• Diffusion continue pendant environ 4 à 6 semaines</span></p><p><span style=""color: rgb(0, 0, 0)"">• Idéal pour créer une ambiance chaleureuse et apaisante</span></p><p><span style=""font-weight: 700; color: rgb(0, 0, 0)"">Conseils d'utilisation:</span></p><p><span style=""color: rgb(0, 0, 0)"">• Retirez le bouchon puis insérez les bâtonnets dans le flacon.</span></p><p><span style=""color: rgb(0, 0, 0)"">• Retournez les bâtonnets tous les quelques jours afin de raviver l'intensité du parfum.</span></p><p><span style=""color: rgb(0, 0, 0)"">• Placez le diffuseur dans une pièce bien ventilée pour une diffusion optimale.</span></p><p><span style=""font-weight: 700; color: rgb(0, 0, 0)"">Précautions:</span></p><p><span style=""color: rgb(0, 0, 0)"">• Tenir hors de portée des enfants et des animaux.</span></p><p><span style=""color: rgb(0, 0, 0)"">• Ne pas ingérer.</span></p><p><span style=""color: rgb(0, 0, 0)"">• Éviter tout contact avec les yeux et la peau.</span></p><p><span style=""color: rgb(0, 0, 0)"">• Conserver à l'écart des flammes et des sources de chaleur.</span></p>",diffuseurs;ésotérique,ésotérique,,,,,12.95,,,,,,2.45,4,false,,,,,,,,,,,,,,,,,,,,,,,,,,,,,,,,,,,,,,,,,,,,,,,,,,,,,,,,,,,,,,,,,,,,,,,,,,,,,
Product_5729b8f1-82e0-4ae6-b8de-7f5d686e8dd6,MEDIA,,,,,,5bdc9f_cce77f28d0394986ad069b4337f3c142~mv2.webp,,,,,,,,,,,,,,,,,,,,,,,,,,,,,,,,,,,,,,,,,,,,,,,,,,,,,,,,,,,,,,,,,,,,,,,,,,,,,,,,,,,,,,,,,
Product_c6e525ea-8d35-4209-b6ce-e2010ca5e8a4,PRODUCT,Diffuseur - Palo Santo & Patchouli,true,"<p><span style=""color: rgb(0, 0, 0)"">Transformez votre intérieur en un véritable havre de paix grâce à ce diffuseur de parfum aux notes profondes de palo santo et de patchouli. Son parfum boisé et enveloppant crée une ambiance chaleureuse, propice au calme, à la détente et aux moments de recentrage.</span></p><p><span style=""color: rgb(0, 0, 0)"">Sans flamme et facile d'utilisation, il diffuse délicatement son parfum pendant plusieurs semaines. Idéal dans un salon, une chambre ou un espace de méditation, il invite à ralentir et à profiter d'une atmosphère réconfortante, inspirée des cottages où le temps semble suspendu.</span></p><p><span style=""font-weight: 700; color: rgb(0, 0, 0)"">Notes parfumées:</span></p><p><span style=""color: rgb(0, 0, 0)"">• Palo Santo et Patchouli</span></p><p><span style=""color: rgb(0, 0, 0)"">• Parfum boisé, profond et apaisant</span></p><p><span style=""font-weight: 700; color: rgb(0, 0, 0)"">Caractéristiques:</span></p><p><span style=""color: rgb(0, 0, 0)"">• Diffuseur à bâtonnets avec huiles parfumées naturelles</span></p><p><span style=""color: rgb(0, 0, 0)"">• Diffusion continue pendant environ 4 à 6 semaines</span></p><p><span style=""color: rgb(0, 0, 0)"">• Idéal pour créer une ambiance chaleureuse et apaisante</span></p><p><span style=""font-weight: 700; color: rgb(0, 0, 0)"">Conseils d'utilisation:</span></p><p><span style=""color: rgb(0, 0, 0)"">• Retirez le bouchon puis insérez les bâtonnets dans le flacon.</span></p><p><span style=""color: rgb(0, 0, 0)"">• Retournez les bâtonnets tous les quelques jours afin de raviver l'intensité du parfum.</span></p><p><span style=""color: rgb(0, 0, 0)"">• Placez le diffuseur dans une pièce bien ventilée pour une diffusion optimale.</span></p><p><span style=""font-weight: 700; color: rgb(0, 0, 0)"">Précautions:</span></p><p><span style=""color: rgb(0, 0, 0)"">• Tenir hors de portée des enfants et des animaux.</span></p><p><span style=""color: rgb(0, 0, 0)"">• Ne pas ingérer.</span></p><p><span style=""color: rgb(0, 0, 0)"">• Éviter tout contact avec les yeux et la peau.</span></p><p><span style=""color: rgb(0, 0, 0)"">• Conserver à l'écart des flammes et des sources de chaleur.</span></p>",diffuseurs;ésotérique,ésotérique,,,,,12.95,,,,,,2.45,4,false,,,,,,,,,,,,,,,,,,,,,,,,,,,,,,,,,,,,,,,,,,,,,,,,,,,,,,,,,,,,,,,,,,,,,,,,,,,,,
Product_c6e525ea-8d35-4209-b6ce-e2010ca5e8a4,MEDIA,,,,,,5bdc9f_0058d7861c2f4111925ff4f05845ead7~mv2.jpg,,,,,,,,,,,,,,,,,,,,,,,,,,,,,,,,,,,,,,,,,,,,,,,,,,,,,,,,,,,,,,,,,,,,,,,,,,,,,,,,,,,,,,,,,
Product_45e63125-0205-4544-95fd-63dcab4bab88,PRODUCT,Diffuseur - Lavender & Rosemary,true,"<p><span style=""color: rgb(0, 0, 0)"">Laissez entrer la douceur de la nature dans votre intérieur avec ce diffuseur de parfum aux notes apaisantes de lavande et de romarin. Son équilibre entre la fraîcheur aromatique du romarin et la délicatesse de la lavande crée une atmosphère propice à la détente, à la concentration et à l'inspiration.</span></p><p><span style=""color: rgb(0, 0, 0)"">Sans flamme et facile d'utilisation, il diffuse son parfum en continu pendant plusieurs semaines. Parfait dans un salon, un bureau, une chambre ou un coin lecture, il transforme votre espace en un cocon chaleureux, inspiré des cottages où règnent calme et sérénité.</span></p><p><span style=""font-weight: 700; color: rgb(0, 0, 0)"">Notes parfumées:</span></p><p><span style=""color: rgb(0, 0, 0)"">• Lavande et Romarin</span></p><p><span style=""color: rgb(0, 0, 0)"">• Parfum aromatique, frais et apaisant</span></p><p><span style=""font-weight: 700; color: rgb(0, 0, 0)"">Caractéristiques:</span></p><p><span style=""color: rgb(0, 0, 0)"">• Diffuseur à bâtonnets avec huiles parfumées naturelles</span></p><p><span style=""color: rgb(0, 0, 0)"">• Diffusion continue pendant environ 4 à 6 semaines</span></p><p><span style=""color: rgb(0, 0, 0)"">• Idéal pour créer une ambiance chaleureuse et apaisante</span></p><p><span style=""font-weight: 700; color: rgb(0, 0, 0)"">Conseils d'utilisation:</span></p><p><span style=""color: rgb(0, 0, 0)"">• Retirez le bouchon puis insérez les bâtonnets dans le flacon.</span></p><p><span style=""color: rgb(0, 0, 0)"">• Retournez les bâtonnets tous les quelques jours afin de raviver l'intensité du parfum.</span></p><p><span style=""color: rgb(0, 0, 0)"">• Placez le diffuseur dans une pièce bien ventilée pour une diffusion optimale.</span></p><p><span style=""font-weight: 700; color: rgb(0, 0, 0)"">Précautions:</span></p><p><span style=""color: rgb(0, 0, 0)"">• Tenir hors de portée des enfants et des animaux.</span></p><p><span style=""color: rgb(0, 0, 0)"">• Ne pas ingérer.</span></p><p><span style=""color: rgb(0, 0, 0)"">• Éviter tout contact avec les yeux et la peau.</span></p><p><span style=""color: rgb(0, 0, 0)"">• Conserver à l'écart des flammes et des sources de chaleur.</span></p>",diffuseurs;ésotérique,ésotérique,,,,,12.95,,,,,,2.45,4,false,,,,,,,,,,,,,,,,,,,,,,,,,,,,,,,,,,,,,,,,,,,,,,,,,,,,,,,,,,,,,,,,,,,,,,,,,,,,,
Product_45e63125-0205-4544-95fd-63dcab4bab88,MEDIA,,,,,,5bdc9f_917706f44d1849acb8dfc60aeed03f79~mv2.jpg,,,,,,,,,,,,,,,,,,,,,,,,,,,,,,,,,,,,,,,,,,,,,,,,,,,,,,,,,,,,,,,,,,,,,,,,,,,,,,,,,,,,,,,,,
Product_c0beb717-81c2-42e6-95dd-658d1c08e33c,PRODUCT,Spray d'ambiance - Chase your Dreams,true,"<p><span style=""color: rgb(0, 0, 0)"">Offrez à votre intérieur une sensation de fraîcheur et de douceur avec le spray d'ambiance </span><span style=""font-weight: 700; color: rgb(0, 0, 0)"">Iris Illusion</span><span style=""color: rgb(0, 0, 0)"">. En quelques vaporisations, il parfume délicatement votre espace et crée une atmosphère élégante, apaisante et réconfortante, sans fumée ni combustion.</span></p><p><span style=""color: rgb(0, 0, 0)"">Son parfum raffiné mêle la délicatesse poudrée de l'iris à la douceur veloutée de la violette. Quelques notes de linge propre et de bois clair viennent sublimer l'ensemble pour une fragrance légère, lumineuse et enveloppante, parfaite pour transformer votre maison en un véritable cocon inspiré des cottages.</span></p><p><span style=""color: rgb(0, 0, 0)"">Idéal pour parfumer une chambre, un salon, un espace bien-être ou une cabine de soins, il apporte instantanément une touche de sérénité à votre quotidien.</span></p><p><span style=""font-weight: 700; color: rgb(0, 0, 0)"">Notes parfumées:</span></p><p><span style=""color: rgb(0, 0, 0)"">• Iris poudré</span></p><p><span style=""color: rgb(0, 0, 0)"">• Violette délicate</span></p><p><span style=""color: rgb(0, 0, 0)"">• Linge frais et bois clair</span></p><p><span style=""font-weight: 700; color: rgb(0, 0, 0)"">Caractéristiques:</span></p><p><span style=""color: rgb(0, 0, 0)"">• Spray d'ambiance de 100 ml</span></p><p><span style=""color: rgb(0, 0, 0)"">• Brume fine qui parfume sans détremper les textiles</span></p><p><span style=""color: rgb(0, 0, 0)"">• Alternative sans fumée à l'encens</span></p><p><span style=""color: rgb(0, 0, 0)"">• Convient aux espaces de vie, cabines de soins, studios et bureaux</span></p><p><span style=""font-weight: 700; color: rgb(0, 0, 0)"">Conseils d'utilisation:</span></p><p><span style=""color: rgb(0, 0, 0)"">• Vaporisez quelques pressions dans l'air selon l'intensité souhaitée.</span></p><p><span style=""color: rgb(0, 0, 0)"">• Peut être utilisé pour rafraîchir une pièce ou créer une ambiance chaleureuse à tout moment de la journée.</span></p><p><span style=""font-weight: 700; color: rgb(0, 0, 0)"">Précautions:</span></p><p><span style=""color: rgb(0, 0, 0)"">• Éviter le contact avec les yeux et les muqueuses.</span></p><p><span style=""color: rgb(0, 0, 0)"">• Produit inflammable: ne pas vaporiser près d'une flamme ou d'une source de chaleur.</span></p><p><span style=""color: rgb(0, 0, 0)"">• Tenir hors de portée des enfants et des animaux.</span></p>",ésotérique;spray-dambiance,ésotérique,,,,,14.5,,,,,,3.5,4,false,,,,,,,,,,,,,,,,,,,,,,,,,,,,,,,,,,,,,,,,,,,,,,,,,,,,,,,,,,,,,,,,,,,,,,,,,,,,,
Product_c0beb717-81c2-42e6-95dd-658d1c08e33c,MEDIA,,,,,,5bdc9f_c5102f5942fd486eaefb26fa295622af~mv2.webp,,,,,,,,,,,,,,,,,,,,,,,,,,,,,,,,,,,,,,,,,,,,,,,,,,,,,,,,,,,,,,,,,,,,,,,,,,,,,,,,,,,,,,,,,
Product_5b158b16-086f-47e3-bb9e-dfe9bac1548e,PRODUCT,Spray d'ambiance - Believe in Miracles,true,"<p><span style=""color: rgb(0, 0, 0)"">Plongez votre intérieur dans une atmosphère chaleureuse et enveloppante avec le spray d'ambiance </span><span style=""font-weight: 700; color: rgb(0, 0, 0)"">Myrrh Mystique</span><span style=""color: rgb(0, 0, 0)"">. En quelques vaporisations, il parfume délicatement votre espace et crée une ambiance réconfortante, sans fumée ni combustion.</span></p><p><span style=""color: rgb(0, 0, 0)"">Son parfum profond dévoile les notes résineuses de la myrrhe, sublimées par de légères touches d'épices, de bois sec et un voile ambré. Une fragrance authentique et mystérieuse qui évoque les anciennes bibliothèques, les chalets de caractère et les cottages où le feu crépite doucement dans la cheminée.</span></p><p><span style=""color: rgb(0, 0, 0)"">Idéal pour parfumer une chambre, un salon, un espace bien-être ou une cabine de soins, il apporte instantanément une sensation de calme et de sérénité.</span></p><p><span style=""font-weight: 700; color: rgb(0, 0, 0)"">Notes parfumées:</span></p><p><span style=""color: rgb(0, 0, 0)"">• Myrrhe résineuse</span></p><p><span style=""color: rgb(0, 0, 0)"">• Épices douces</span></p><p><span style=""color: rgb(0, 0, 0)"">• Bois sec et accord ambré</span></p><p><span style=""font-weight: 700; color: rgb(0, 0, 0)"">Caractéristiques:</span></p><p><span style=""color: rgb(0, 0, 0)"">• Spray d'ambiance de 100 ml</span></p><p><span style=""color: rgb(0, 0, 0)"">• Brume fine qui parfume sans détremper les textiles</span></p><p><span style=""color: rgb(0, 0, 0)"">• Alternative sans fumée à l'encens</span></p><p><span style=""color: rgb(0, 0, 0)"">• Convient aux espaces de vie, cabines de soins, studios et bureaux</span></p><p><span style=""font-weight: 700; color: rgb(0, 0, 0)"">Conseils d'utilisation:</span></p><p><span style=""color: rgb(0, 0, 0)"">• Vaporisez quelques pressions dans l'air selon l'intensité souhaitée.</span></p><p><span style=""color: rgb(0, 0, 0)"">• Peut être utilisé pour rafraîchir une pièce ou créer une ambiance chaleureuse à tout moment de la journée.</span></p><p><span style=""font-weight: 700; color: rgb(0, 0, 0)"">Précautions:</span></p><p><span style=""color: rgb(0, 0, 0)"">• Éviter le contact avec les yeux et les muqueuses.</span></p><p><span style=""color: rgb(0, 0, 0)"">• Produit inflammable: ne pas vaporiser près d'une flamme ou d'une source de chaleur.</span></p><p><span style=""color: rgb(0, 0, 0)"">• Tenir hors de portée des enfants et des animaux.</span></p>",ésotérique;spray-dambiance,ésotérique,,,,,14.5,,,,,,3.5,4,false,,,,,,,,,,,,,,,,,,,,,,,,,,,,,,,,,,,,,,,,,,,,,,,,,,,,,,,,,,,,,,,,,,,,,,,,,,,,,
Product_5b158b16-086f-47e3-bb9e-dfe9bac1548e,MEDIA,,,,,,5bdc9f_12e2b4c45b014fcb8563f8ca5cb7520e~mv2.jpg,,,,,,,,,,,,,,,,,,,,,,,,,,,,,,,,,,,,,,,,,,,,,,,,,,,,,,,,,,,,,,,,,,,,,,,,,,,,,,,,,,,,,,,,,
Product_2dc88bd2-8f54-4c90-93fe-9bdb7c6f924f,PRODUCT,Spray d'ambiance - Seek your Truth,true,"<p><span style=""color: rgb(0, 0, 0)"">Laissez entrer une sensation de calme et de fraîcheur dans votre intérieur avec le spray d'ambiance </span><span style=""font-weight: 700; color: rgb(0, 0, 0)"">Lotus Blossom</span><span style=""color: rgb(0, 0, 0)"">. En quelques vaporisations, il parfume délicatement votre espace et crée une atmosphère douce et apaisante, sans fumée ni combustion.</span></p><p><span style=""color: rgb(0, 0, 0)"">Son parfum s'ouvre sur les notes délicates de la fleur de lotus, accompagnées d'accords verts, d'une légère touche sucrée et d'un voile de musc blanc. Une fragrance fraîche, lumineuse et harmonieuse qui évoque le calme d'un jardin au petit matin et invite à ralentir.</span></p><p><span style=""color: rgb(0, 0, 0)"">Idéal pour parfumer une chambre, un salon, un espace bien-être ou une cabine de soins, il apporte instantanément une ambiance sereine et réconfortante, parfaite pour transformer votre maison en un véritable cocon.</span></p><p><span style=""font-weight: 700; color: rgb(0, 0, 0)"">Notes parfumées:</span></p><p><span style=""color: rgb(0, 0, 0)"">• Fleur de lotus</span></p><p><span style=""color: rgb(0, 0, 0)"">• Accords verts et aquatiques</span></p><p><span style=""color: rgb(0, 0, 0)"">• Musc blanc</span></p><p><span style=""font-weight: 700; color: rgb(0, 0, 0)"">Caractéristiques:</span></p><p><span style=""color: rgb(0, 0, 0)"">• Spray d'ambiance de 100 ml</span></p><p><span style=""color: rgb(0, 0, 0)"">• Brume fine qui parfume sans détremper les textiles</span></p><p><span style=""color: rgb(0, 0, 0)"">• Alternative sans fumée à l'encens</span></p><p><span style=""color: rgb(0, 0, 0)"">• Convient aux espaces de vie, cabines de soins, studios et bureaux</span></p><p><span style=""font-weight: 700; color: rgb(0, 0, 0)"">Conseils d'utilisation:</span></p><p><span style=""color: rgb(0, 0, 0)"">• Vaporisez quelques pressions dans l'air selon l'intensité souhaitée.</span></p><p><span style=""color: rgb(0, 0, 0)"">• Peut être utilisé pour rafraîchir une pièce ou créer une ambiance chaleureuse à tout moment de la journée.</span></p><p><span style=""font-weight: 700; color: rgb(0, 0, 0)"">Précautions:</span></p><p><span style=""color: rgb(0, 0, 0)"">• Éviter le contact avec les yeux et les muqueuses.</span></p><p><span style=""color: rgb(0, 0, 0)"">• Produit inflammable: ne pas vaporiser près d'une flamme ou d'une source de chaleur.</span></p><p><span style=""color: rgb(0, 0, 0)"">• Tenir hors de portée des enfants et des animaux.</span></p>",ésotérique;spray-dambiance,ésotérique,,,,,14.5,,,,,,3.5,4,false,,,,,,,,,,,,,,,,,,,,,,,,,,,,,,,,,,,,,,,,,,,,,,,,,,,,,,,,,,,,,,,,,,,,,,,,,,,,,
Product_2dc88bd2-8f54-4c90-93fe-9bdb7c6f924f,MEDIA,,,,,,5bdc9f_126f01de869e4f268ea53baa3f2f61a1~mv2.webp,,,,,,,,,,,,,,,,,,,,,,,,,,,,,,,,,,,,,,,,,,,,,,,,,,,,,,,,,,,,,,,,,,,,,,,,,,,,,,,,,,,,,,,,,
